backend,eps_seg,eps_scale,eps_print,total_err
SAM,-0.123378,0.120496,0.00718,-0.010697
SAM,-0.046665,-0.018901,0.006574,-0.058535
SAM,-0.032724,-0.047275,0.005945,-0.072974
SAM,-0.051397,0.035483,0.006403,-0.011448
SAM,-0.175474,0.058272,0.007797,-0.120623
SAM,0.107229,0.123176,0.007466,0.252899
SAM,-0.123378,0.09427,0.006029,-0.034956
SAM,-0.001231,0.072757,0.006268,0.078151
SAM,-0.036595,-0.037312,0.006287,-0.066711
SAM,-0.065288,-0.037711,0.007066,-0.094181
SAM,-0.06369,-0.087302,0.006702,-0.139705
SAM,-0.047561,-0.019883,0.006831,-0.060122
SAM,0.007933,0.012637,0.005826,0.026616
SAM,-0.055397,-0.012508,0.008523,-0.059261
SAM,-0.025556,0.029415,0.0072,0.010329
SAM,-0.109538,0.022533,0.006377,-0.083667
SAM,-0.125445,0.035048,0.006104,-0.089268
SAM,-0.002587,0.179699,0.006515,0.184313
SAM,-0.015883,0.110195,0.008071,0.101379
SAM,-0.041825,-0.037181,0.008409,-0.069693
SAM,-0.066542,0.043286,0.006266,-0.020034
SAM,-0.038415,0.046949,0.006462,0.013235
SAM,-0.033092,0.02931,0.005228,0.000451
SAM,-0.026949,0.067212,0.005289,0.043944
SAM,-0.164201,0.060467,0.007034,-0.107428
SAM,-0.022641,-0.021049,0.006586,-0.036912
SAM,0.004722,0.162496,0.006541,0.175624
SAM,-0.146034,-0.077418,0.006404,-0.207101
SAM,-0.089346,-0.213723,0.007221,-0.278804
SAM,-0.051397,0.040505,0.00703,-0.006035
SAM,-0.041825,-0.011358,0.007941,-0.045186
SAM,-0.044888,0.04958,0.009501,0.011992
SAM,-0.065288,0.069529,0.00583,0.005529
SAM,-0.10828,0.068305,0.005665,-0.041975
SAM,-0.063113,0.039143,0.008516,-0.01815
SAM,-0.09758,-0.108824,0.006842,-0.190282
SAM,0.107229,-0.050222,0.007707,0.059727
SAM,-0.049095,-0.052984,0.005778,-0.094274
SAM,-0.0405,-0.060415,0.00584,-0.093203
SAM,-0.052353,0.059936,0.007767,0.012248
SAM,-0.144467,-0.039865,0.005649,-0.173932
SAM,-0.055397,0.019596,0.008336,-0.028857
SAM,-0.001231,-0.005909,0.007744,0.000556
SAM,0.000962,0.062324,0.006214,0.069954
SAM,-0.09758,0.040854,0.008458,-0.052768
SAM,-0.037154,-0.092488,0.007444,-0.1197
SAM,-0.041825,0.081311,0.0067,0.043027
SAM,-0.056492,-0.074676,0.006995,-0.120842
SAM,-0.064611,-0.050193,0.004968,-0.107147
SAM,-0.164201,-0.080306,0.005566,-0.227042
SAM,-0.055397,0.007196,0.007676,-0.041297
SAM,-0.17337,-0.031941,0.007121,-0.194075
SAM,-0.021862,0.008894,0.008366,-0.004907
SAM,-0.089261,0.115308,0.007298,0.023168
SAM,-0.150138,0.13574,0.005704,-0.029271
SAM,-0.029976,-0.103334,0.005868,-0.125108
SAM,-0.089346,0.010394,0.006083,-0.074284
SAM,-0.158656,0.008874,0.006317,-0.145828
SAM,-0.08695,0.097898,0.007056,0.009509
SAM,-0.072339,-0.035178,0.00809,-0.097732
SAM,-0.047402,0.122236,0.007528,0.077087
SAM,-0.08695,-0.029314,0.008163,-0.106481
SAM,-0.021862,0.00326,0.007305,-0.011505
SAM,-0.037154,-0.032707,0.006481,-0.062609
SAM,-0.135385,-0.071737,0.005514,-0.192985
SAM,-0.067197,0.071805,0.007531,0.007312
SAM,-0.036121,-0.005076,0.006806,-0.034487
SAM,-0.038415,-0.020553,0.007693,-0.050934
SAM,-0.159224,-0.043234,0.006296,-0.190509
SAM,-0.089261,-0.036268,0.008534,-0.114801
SAM,-0.070033,-0.001803,0.008538,-0.063784
SAM,-0.021919,-0.012846,0.006028,-0.028662
SAM,-0.064011,-0.004911,0.007229,-0.061874
SAM,-0.002587,0.020209,0.00533,0.022993
SAM,-0.072339,-0.067523,0.00608,-0.129718
SAM,-0.094064,-0.068307,0.006026,-0.150859
SAM,-0.11315,-0.160861,0.006296,-0.251124
SAM,-0.044888,-0.068182,0.006628,-0.104111
SAM,-0.073547,-0.012292,0.006122,-0.079333
SAM,-0.033571,-0.084544,0.007053,-0.109036
SAM,-0.038329,0.027851,0.00537,-0.006237
SAM,-0.175474,-0.026037,0.007893,-0.190603
SAM,-0.144467,-0.00024,0.005837,-0.13968
SAM,-0.049095,-0.038479,0.006743,-0.07952
SAM,-0.052353,-0.058125,0.006475,-0.101655
SAM,-0.001231,-0.059875,0.007929,-0.053588
SAM,-0.044151,0.075711,0.006572,0.034974
SAM,-0.132492,-0.025263,0.008358,-0.14734
SAM,-0.027891,0.109588,0.007258,0.08647
SAM,-0.049095,0.003034,0.005965,-0.040521
SAM,-0.175474,0.046131,0.006687,-0.13167
SAM,-0.015381,-0.030967,0.006856,-0.03933
SAM,-0.075948,-0.08608,0.007634,-0.149043
SAM,-0.083184,-0.101029,0.007069,-0.169983
SAM,-0.173381,-0.196192,0.006678,-0.331119
SAM,-0.117899,0.091125,0.006136,-0.031613
SAM,-0.125471,0.08853,0.007378,-0.041026
SAM,-0.072339,-0.031387,0.006547,-0.095573
SAM,-0.05575,0.058575,0.006179,0.005735
SAM,-0.101556,-0.011329,0.005871,-0.106519
SAM,-0.049095,-0.031771,0.007926,-0.072009
SAM,-0.17337,-0.129458,0.005414,-0.276488
SAM,-0.015381,0.173714,0.00738,0.16419
SAM,-0.197629,0.114743,0.006921,-0.099371
SAM,-0.070033,0.022683,0.006353,-0.042896
SAM,-0.109538,0.106842,0.006183,-0.008306
SAM,-0.164201,-0.011868,0.006918,-0.168406
SAM,-0.050174,0.011855,0.006363,-0.032799
SAM,-0.089261,-0.046117,0.006323,-0.125768
SAM,-0.085325,0.008239,0.007894,-0.070509
SAM,-0.0405,-0.099765,0.006746,-0.130397
SAM,-0.164201,0.029681,0.006907,-0.133449
SAM,-0.016822,-0.05253,0.006098,-0.062788
SAM,-0.064011,-0.065265,0.007895,-0.118191
SAM,-0.066542,0.016237,0.008122,-0.043682
SAM,-0.073547,0.083187,0.007119,0.010666
SAM,0.026037,-0.135297,0.008327,-0.105395
SAM,-0.101556,-0.038308,0.006356,-0.130482
SAM,-0.082474,-0.048496,0.007819,-0.120144
SAM,-0.015152,-0.060297,0.006521,-0.068501
SAM,-0.051397,-0.033009,0.006418,-0.076823
SAM,-0.033571,-0.044267,0.008299,-0.068686
SAM,-0.032724,-0.041162,0.006537,-0.066476
SAM,-0.089261,0.046827,0.005944,-0.040946
SAM,0.107229,-0.043453,0.005085,0.064502
SAM,-0.073547,0.032583,0.006908,-0.036751
SAM,-0.033564,-0.030381,0.005874,-0.057421
SAM,-0.027891,-0.087254,0.008875,-0.104837
SAM,-0.106717,0.07023,0.00864,-0.035722
SAM,-0.05575,0.007527,0.003901,-0.044932
SAM,-0.073547,0.034918,0.008535,-0.033014
SAM,-0.10828,-0.065389,0.006118,-0.16149
SAM,-0.065288,-0.087721,0.008152,-0.14033
SAM,-0.016822,0.094551,0.007959,0.084704
SAM,-0.070033,0.076138,0.008241,0.00902
SAM,-0.048405,0.061386,0.008699,0.018795
SAM,-0.065932,0.008818,0.005742,-0.052284
SAM,0.065668,-0.093239,0.005854,-0.028037
SAM,0.017133,0.016362,0.00771,0.041745
SAM,-0.175474,0.144961,0.007012,-0.049329
SAM,-0.058802,-0.04761,0.007576,-0.096821
SAM,-0.074705,-0.058235,0.00655,-0.122881
SAM,-0.0405,0.032411,0.007785,-0.00169
SAM,-0.10729,-0.015971,0.005604,-0.116624
SAM,-0.09715,0.121578,0.008861,0.021588
SAM,-0.000619,-0.08404,0.009369,-0.076031
SAM,0.065668,0.019769,0.005096,0.092273
SAM,0.084014,-0.008394,0.008464,0.084013
SAM,-0.146034,0.005742,0.005163,-0.136696
SAM,-0.027372,-0.065717,0.007482,-0.084491
SAM,0.107229,-0.156201,0.005946,-0.060166
SAM,0.046176,-0.010908,0.00736,0.042381
SAM,-0.047402,0.206122,0.00565,0.15544
SAM,-0.022592,0.066934,0.007307,0.050451
SAM,-0.175474,-0.063065,0.006713,-0.222287
SAM,-0.050174,-0.062464,0.006634,-0.103596
SAM,-0.002587,0.037157,0.007258,0.041982
SAM,-0.016822,-0.031339,0.005192,-0.042689
SAM,-0.066542,0.084798,0.007519,0.020227
SAM,-0.164201,0.018189,0.006587,-0.143393
SAM,-0.047007,0.057542,0.005351,0.013223
SAM,-0.050174,-0.044696,0.00758,-0.08575
SAM,-0.10729,0.087302,0.006278,-0.023261
SAM,-0.10729,0.003495,0.006847,-0.098037
SAM,0.066421,-0.040424,0.007227,0.030707
SAM,0.106251,0.030509,0.006831,0.147789
SAM,-0.067197,0.020193,0.006867,-0.041826
SAM,0.057162,0.117074,0.007489,0.189772
SAM,-0.11141,0.106693,0.006624,-0.010089
SAM,-0.05662,0.082248,0.007923,0.02906
SAM,-0.04768,-0.040489,0.008047,-0.078885
SAM,-0.123378,0.054027,0.006315,-0.070182
SAM,-0.046665,0.010019,0.00634,-0.031008
SAM,-0.03495,0.114367,0.007526,0.083513
SAM,-0.001231,-0.026183,0.008575,-0.019042
SAM,-0.064011,0.001126,0.007997,-0.055463
SAM,-0.025556,0.041481,0.006002,0.020956
SAM,-0.144467,-0.069166,0.006608,-0.198378
SAM,-0.173381,0.047275,0.006083,-0.129037
SAM,-0.066542,-0.02099,0.008369,-0.078487
SAM,-0.038329,-0.023114,0.007324,-0.053677
SAM,-0.00767,0.015896,0.005898,0.014051
SAM,-0.150138,0.014185,0.006463,-0.132513
SAM,-0.001231,0.044966,0.005956,0.049895
SAM,-0.150138,-0.083533,0.0065,-0.216067
SAM,-0.041825,-0.045678,0.007467,-0.078765
SAM,-0.144467,-0.08437,0.00628,-0.211729
SAM,0.102057,0.087845,0.006993,0.207251
SAM,-0.125471,-0.053285,0.00721,-0.166102
SAM,-0.048405,-0.12936,0.00499,-0.16737
SAM,-0.072339,0.027141,0.005196,-0.042211
SAM,-0.052353,-0.064122,0.006421,-0.107424
SAM,-0.071798,-0.029347,0.006009,-0.093624
SAM,-0.021862,-0.065358,0.007312,-0.079107
SAM,-0.106383,-0.06679,0.006553,-0.160603
SAM,-0.123378,-0.014972,0.007617,-0.129926
SAM,0.036168,-0.031696,0.0074,0.010751
SAM,-0.015152,0.100584,0.007761,0.09232
SAM,-0.11141,0.018841,0.006372,-0.0889
SAM,-0.106383,-0.110625,0.00668,-0.199931
SAM,-0.021862,-0.037924,0.008908,-0.050575
SAM,-0.036121,0.008124,0.005852,-0.022604
SAM,-0.150138,0.213938,0.007568,0.039488
SAM,-0.001231,0.146458,0.007911,0.154105
SAM,-0.017076,0.04144,0.007374,0.031205
SAM,-0.053663,0.082998,0.007795,0.032869
SAM,-0.027891,-0.011498,0.0069,-0.032437
SAM,-0.037154,-0.087702,0.007383,-0.115112
SAM,-0.054398,0.124973,0.007122,0.071353
SAM,-0.164201,0.016025,0.005492,-0.146143
SAM,-0.054398,-0.019936,0.006682,-0.067057
SAM,-0.025556,-0.193979,0.005381,-0.210352
SAM,-0.109538,-0.002956,0.007532,-0.105483
SAM,-0.041825,-0.078023,0.007123,-0.110292
SAM,-0.032337,0.021864,0.007853,-0.003415
SAM,-0.0405,0.057757,0.005762,0.020767
SAM,-0.033564,0.009607,0.006999,-0.01745
SAM,-0.065288,0.120453,0.007033,0.054666
SAM,-0.041825,0.027355,0.008912,-0.006841
SAM,-0.173381,-0.130961,0.006706,-0.276818
SAM,-0.002587,-0.007402,0.006349,-0.003685
SAM,-0.017076,0.116376,0.006932,0.10492
SAM,-0.085325,-0.066695,0.008552,-0.139029
SAM,-0.036595,0.035112,0.007758,0.004969
SAM,-0.025556,0.036989,0.007553,0.018119
SAM,-0.132492,0.011966,0.006667,-0.116259
SAM,-0.041818,-0.011261,0.00668,-0.04628
SAM,-0.012668,0.116968,0.008392,0.112073
SAM,-0.089346,-0.062171,0.006481,-0.140427
SAM,0.011764,0.047385,0.006402,0.066491
SAM,-0.064011,-0.096858,0.005221,-0.150256
SAM,0.107229,-0.003401,0.005343,0.109358
SAM,0.00676,-0.06809,0.008037,-0.05425
SAM,-0.055397,0.04731,0.004874,-0.005885
SAM,-0.050451,-0.063344,0.00851,-0.10303
SAM,-0.025556,0.076651,0.006644,0.056106
SAM,-0.050174,0.035976,0.007269,-0.00885
SAM,-0.175474,0.045965,0.007962,-0.130708
SAM,-0.132492,0.131283,0.006297,-0.012423
SAM,-0.052353,0.024513,0.007499,-0.021842
SAM,-0.101556,-0.030075,0.005876,-0.123456
SAM,-0.116245,0.025802,0.006259,-0.087768
SAM,-0.065288,-0.077451,0.007338,-0.131355
SAM,-0.107166,0.022605,0.007317,-0.080303
SAM,-0.052353,0.013851,0.007261,-0.032251
SAM,-0.123378,0.048634,0.008377,-0.073043
SAM,-0.055397,-0.074204,0.006823,-0.119524
SAM,-0.135385,0.131389,0.008508,-0.013461
SAM,-0.109538,0.103074,0.00696,-0.010918
SAM,0.026037,-0.047434,0.007503,-0.015299
SAM,0.011764,-0.087322,0.007633,-0.069536
SAM,-0.150138,0.058684,0.006395,-0.094511
SAM,-0.021919,-0.048826,0.00711,-0.063059
SAM,-0.11315,-0.03687,0.005448,-0.141195
SAM,-0.050174,-0.106209,0.007008,-0.145104
SAM,-0.101556,-0.051021,0.00697,-0.141453
SAM,-0.064611,0.035701,0.007438,-0.024011
SAM,-0.044151,-0.018527,0.006776,-0.055503
SAM,0.011764,0.014243,0.008685,0.035088
SAM,-0.116245,-0.087848,0.005202,-0.189688
SAM,-0.070033,0.062031,0.005725,-0.006692
SAM,0.057162,-0.005367,0.005943,0.057737
SAM,-0.048405,0.034372,0.00686,-0.008945
SAM,-0.026949,0.038019,0.006121,0.016227
SAM,-0.09715,0.046343,0.005728,-0.049898
SAM,-0.012668,-0.00259,0.006396,-0.008927
SAM,-0.041825,-0.081418,0.005427,-0.115061
SAM,0.036168,0.043064,0.007263,0.08864
SAM,0.01377,-0.044437,0.007207,-0.024298
SAM,-0.094247,0.003224,0.005631,-0.086211
SAM,-0.022592,-0.040837,0.007771,-0.055221
SAM,-0.05662,0.054648,0.005566,0.000471
SAM,-0.00767,0.004702,0.00636,0.003338
SAM,-0.106383,0.01605,0.007126,-0.085571
SAM,0.066421,-0.108054,0.006965,-0.042185
SAM,-0.122843,0.013166,0.005337,-0.106551
SAM,-0.089261,-0.028152,0.007345,-0.108398
SAM,-0.164201,0.001666,0.006852,-0.157071
SAM,-0.09758,0.106795,0.008794,0.007578
SAM,-0.033564,0.069566,0.007495,0.041415
SAM,-0.0405,0.014172,0.008371,-0.018756
SAM,-0.050451,0.031192,0.005957,-0.015
SAM,-0.033571,-0.020835,0.005322,-0.04867
SAM,-0.050451,0.048173,0.008226,0.003479
SAM,-0.051397,-0.012693,0.007248,-0.05665
SAM,-0.038329,0.100716,0.008728,0.067766
SAM,-0.144467,-0.044981,0.008025,-0.176393
SAM,-0.106717,0.05147,0.007968,-0.053256
SAM,-0.089346,0.018035,0.007356,-0.066103
SAM,-0.094064,0.022083,0.006043,-0.068462
SAM,-0.041818,-0.055463,0.005889,-0.089632
SAM,-0.053663,0.066475,0.004873,0.014164
SAM,0.020936,-0.03236,0.006376,-0.005802
SAM,-0.11315,-0.015252,0.00689,-0.12066
SAM,-0.089346,-0.036261,0.0068,-0.1164
SAM,-0.099502,-0.113506,0.006917,-0.196193
SAM,-0.000619,0.088478,0.004771,0.092995
SAM,-0.051397,-0.008477,0.007098,-0.052763
SAM,0.046176,-0.094208,0.008429,-0.044394
SAM,-0.05662,0.076874,0.006104,0.022102
SAM,-0.021862,0.020086,0.005466,0.003238
SAM,-0.146034,0.06663,0.005326,-0.084282
SAM,-0.197629,0.042637,0.006267,-0.158175
SAM,-0.173381,0.012783,0.006523,-0.157352
SAM,-0.089346,0.107018,0.007087,0.015255
SAM,-0.101556,0.090469,0.007668,-0.012763
SAM,-0.048405,0.078455,0.005931,0.032339
SAM,-0.10828,-0.064181,0.006378,-0.16019
SAM,-0.028571,0.054057,0.005255,0.029322
SAM,-0.04768,-0.018736,0.007465,-0.058547
SAM,-0.050174,-0.071433,0.006504,-0.112287
SAM,-0.033571,-0.059564,0.006653,-0.085088
SAM,-0.027645,0.123415,0.008196,0.101311
SAM,0.046176,0.072874,0.006994,0.130265
SAM,-0.082474,-0.038924,0.008582,-0.11062
SAM,-0.032724,-0.109372,0.007635,-0.131939
SAM,0.007933,0.085394,0.006459,0.10107
SAM,-0.03495,0.062534,0.005772,0.031316
SAM,-0.038329,0.069782,0.006728,0.035701
SAM,-0.027891,-0.049056,0.007908,-0.068268
SAM,-0.067197,-0.036585,0.005498,-0.096383
SAM,-0.04768,-0.014231,0.006283,-0.055335
SAM,0.01377,-0.0263,0.006057,-0.006913
SAM,-0.032723,0.059497,0.006467,0.031455
SAM,-0.047561,0.046505,0.007288,0.003996
SAM,0.084014,-0.152611,0.007089,-0.074907
SAM,-0.125471,0.034882,0.007069,-0.088568
SAM,0.026037,0.024018,0.005498,0.056457
SAM,-0.101556,0.157304,0.007603,0.047678
SAM,-0.10828,0.05285,0.007891,-0.053745
SAM,-0.089346,-0.135365,0.006655,-0.207377
SAM,-0.038415,-0.004852,0.006,-0.03734
SAM,-0.132492,0.035268,0.007711,-0.094972
SAM,-0.049095,0.086037,0.008234,0.041221
SAM,-0.064011,0.042585,0.007275,-0.017053
SAM,-0.041818,-0.023556,0.006171,-0.058616
SAM,-0.106383,-0.027216,0.005837,-0.12563
SAM,-0.028571,0.162802,0.007465,0.138011
SAM,-0.036595,0.00162,0.005334,-0.029887
SAM,0.020936,0.005612,0.005503,0.032315
SAM,-0.05575,0.056895,0.00711,0.005069
SAM,-0.117899,0.090326,0.008469,-0.030078
SAM,-0.079309,0.049081,0.008049,-0.026346
SAM,-0.099502,0.117158,0.00728,0.013322
SAM,-0.036121,0.034813,0.004811,0.002232
SAM,-0.00237,-0.072012,0.004443,-0.070097
SAM,-0.09715,0.108485,0.006726,0.007527
SAM,-0.012449,-0.064955,0.008665,-0.068595
SAM,-0.033092,-0.049971,0.006008,-0.075891
SAM,-0.144467,-0.034793,0.007762,-0.167824
SAM,-0.118554,0.024825,0.007209,-0.09016
SAM,-0.029976,-0.008166,0.006326,-0.031811
SAM,-0.048405,-0.023349,0.006489,-0.064594
SAM,-0.175474,0.01277,0.005216,-0.160589
SAM,-0.037154,-0.062614,0.00734,-0.090817
SAM,-0.09715,-0.090832,0.006245,-0.174032
SAM,-0.00767,0.017432,0.007749,0.017452
SAM,-0.056492,-0.069202,0.006675,-0.115923
SAM,-0.065288,-0.084383,0.006604,-0.13851
SAM,-0.08695,-0.080672,0.004786,-0.156591
SAM,-0.075948,0.126943,0.007188,0.048839
SAM,-0.056492,-0.012261,0.007411,-0.061155
SAM,-0.044888,0.018989,0.008159,-0.01881
SAM,-0.056492,0.016459,0.006055,-0.035156
SAM,-0.015152,-0.040862,0.007165,-0.048627
SAM,-0.099502,0.042487,0.0073,-0.05439
SAM,-0.089261,-0.047996,0.005624,-0.128096
SAM,-0.028571,0.017782,0.006274,-0.005095
SAM,-0.05662,-0.050388,0.005713,-0.099037
SAM,-0.046665,-0.129696,0.005797,-0.165499
SAM,-0.11141,0.051572,0.006504,-0.059506
SAM,-0.050174,0.011725,0.006208,-0.033072
SAM,-0.135385,0.053402,0.006883,-0.082944
SAM,-0.038415,0.006417,0.007527,-0.024961
SAM,-0.063113,0.009716,0.007492,-0.046923
SAM,-0.065288,-0.0454,0.007687,-0.100866
SAM,-0.032337,-0.021195,0.006634,-0.046563
SAM,-0.08695,0.022375,0.006385,-0.06056
SAM,0.102057,-0.055474,0.005669,0.046822
SAM,-0.054398,0.092791,0.0076,0.041199
SAM,-0.02982,0.030484,0.007876,0.007629
SAM,-0.012449,0.044802,0.008153,0.040208
SAM,-0.009372,0.057267,0.007214,0.054913
SAM,-0.125471,-0.07299,0.006433,-0.184088
SAM,0.065668,-0.02427,0.005814,0.045849
SAM,-0.027645,0.081389,0.00556,0.05734
SAM,-0.09758,0.182669,0.004938,0.072535
SAM,-0.049095,0.070225,0.007928,0.025751
SAM,-0.056492,-0.034341,0.007282,-0.082258
SAM,-0.158656,-0.009894,0.009236,-0.159287
SAM,-0.08695,0.032888,0.006779,-0.050529
SAM,0.011764,-0.078124,0.006957,-0.06079
SAM,-0.021862,-0.014824,0.007262,-0.029364
SAM,-0.065932,-0.000827,0.007498,-0.059707
SAM,-0.025556,0.091893,0.006225,0.070611
SAM,-0.060336,0.109096,0.006858,0.049325
SAM,-0.029976,-0.003103,0.007671,-0.025568
SAM,-0.17337,-0.022057,0.00849,-0.184739
SAM,0.046176,-0.030512,0.005985,0.020326
SAM,-0.132492,-0.101115,0.007095,-0.214677
SAM,-0.047007,0.037885,0.006992,-0.003987
SAM,-0.046665,0.033223,0.006623,-0.008468
SAM,-0.067197,-0.013915,0.007911,-0.072901
SAM,-0.037154,0.105597,0.00918,0.074292
SAM,-0.150138,-0.013226,0.007266,-0.155285
SAM,-0.066542,0.061474,0.006119,-0.003096
SAM,-0.175474,-0.041447,0.005474,-0.205321
SAM,-0.101556,-0.119706,0.006826,-0.203706
SAM,-0.012449,-0.135465,0.007844,-0.139531
SAM,0.00676,0.053236,0.006692,0.067452
SAM,0.011764,0.006852,0.007159,0.02599
SAM,0.084014,0.037659,0.008854,0.134797
SAM,0.046176,-0.173448,0.007548,-0.128754
SAM,-0.002587,0.073734,0.006957,0.078406
SAM,0.00676,0.011127,0.005555,0.023617
SAM,-0.064611,-0.036705,0.007705,-0.092002
SAM,-0.037154,0.171238,0.007458,0.136133
SAM,-0.027645,0.046717,0.007726,0.025643
SAM,-0.022592,0.036627,0.005647,0.018929
SAM,-0.066542,-0.102069,0.006868,-0.156062
SAM,-0.026949,-0.012206,0.00748,-0.031637
SAM,-0.030232,0.158511,0.005433,0.129591
SAM,-0.027891,-0.025061,0.007032,-0.045588
SAM,-0.012668,-0.073149,0.007986,-0.077582
SAM,0.066421,-0.000277,0.006258,0.072797
SAM,-0.17337,-0.039209,0.007959,-0.199459
SAM,-0.039289,0.026339,0.006927,-0.007154
SAM,-0.015381,-0.01561,0.006997,-0.023969
SAM,-0.05662,-0.071195,0.007884,-0.116876
SAM,-0.025556,-0.004994,0.006217,-0.024395
SAM,-0.123378,-0.046934,0.005607,-0.159837
SAM,-0.032337,0.162483,0.006634,0.132355
SAM,-0.146034,-0.150512,0.007228,-0.269322
SAM,-0.002587,0.02175,0.00725,0.026494
SAM,-0.175474,-0.188424,0.007216,-0.326006
SAM,-0.027645,-0.072452,0.006156,-0.092542
SAM,-0.073547,-0.005799,0.007375,-0.072126
SAM,-0.026949,-0.087702,0.006795,-0.106256
SAM,-0.033564,-0.127951,0.008427,-0.150118
SAM,0.004722,0.013637,0.007789,0.026356
SAM,-0.047561,0.060076,0.007419,0.017148
SAM,-0.048405,-0.034357,0.006719,-0.074925
SAM,-0.044515,-0.036289,0.006544,-0.073163
SAM,-0.050451,-0.099818,0.006673,-0.139529
SAM,-0.125445,-0.102135,0.007175,-0.209133
SAM,-0.050174,-0.049862,0.007879,-0.090424
SAM,-0.028571,0.076037,0.005434,0.050973
SAM,0.020936,0.160747,0.006399,0.192631
SAM,-0.06369,-0.030681,0.008147,-0.085023
SAM,-0.117899,0.075317,0.00633,-0.045458
SAM,-0.106383,-0.070521,0.006054,-0.164374
SAM,-0.026949,-0.01141,0.007968,-0.030387
SAM,-0.150138,-0.105311,0.007402,-0.23401
SAM,-0.05662,0.290788,0.007121,0.226374
SAM,-0.094247,-0.003493,0.00751,-0.090633
SAM,-0.10828,-0.045682,0.006616,-0.143386
SAM,-0.00767,-0.13596,0.006934,-0.136641
SAM,-0.05575,-0.024259,0.006993,-0.072214
SAM,-0.075948,0.001224,0.006575,-0.068735
SAM,-0.04768,0.044633,0.006569,0.00136
SAM,-0.03495,0.067604,0.006022,0.036495
SAM,-0.101556,0.155163,0.0064,0.044491
SAM,-0.08695,-0.026835,0.006461,-0.105711
SAM,0.066421,-0.015174,0.005032,0.055524
SAM,-0.02982,-0.03111,0.007502,-0.052951
SAM,-0.037154,-0.146042,0.007167,-0.171877
SAM,-0.144467,0.124977,0.008383,-0.029477
SAM,-0.094247,-0.069878,0.005582,-0.152837
SAM,-0.033092,0.05538,0.005886,0.026462
SAM,-0.012449,-0.035485,0.007835,-0.040029
SAM,-0.032337,-0.084481,0.00569,-0.109045
SAM,-0.015381,0.076858,0.006852,0.06756
SAM,-0.175474,-0.052494,0.006654,-0.213558
SAM,-0.089261,0.015466,0.008431,-0.067378
SAM,-0.05575,-0.056534,0.006846,-0.103033
SAM,-0.109538,0.010463,0.006843,-0.094064
SAM,-0.075948,-0.061003,0.007118,-0.126141
SAM,0.00676,0.039536,0.006037,0.052881
SAM,-0.050174,0.041552,0.006389,-0.004386
SAM,-0.04768,0.033718,0.005799,-0.009861
SAM,-0.117899,0.029245,0.007547,-0.08525
SAM,-0.049095,0.193847,0.00759,0.143851
SAM,-0.00237,-0.085021,0.006053,-0.081664
SAM,-0.070033,0.100678,0.006641,0.030392
SAM,-0.064011,0.15008,0.007058,0.084059
SAM,0.084014,0.062216,0.005513,0.157805
SAM,-0.11141,-0.025077,0.007433,-0.127255
SAM,-0.118554,-0.080004,0.005829,-0.184346
SAM,-0.027891,-0.030269,0.005207,-0.052407
SAM,-0.071798,0.04652,0.006958,-0.021859
SAM,-0.012449,-0.050058,0.007504,-0.054844
SAM,-0.039289,-0.025641,0.007798,-0.056623
SAM,0.008402,0.064448,0.00736,0.081292
SAM,-0.065932,0.039535,0.006217,-0.022966
SAM,-0.117899,-0.042487,0.008748,-0.147989
SAM,-0.135385,0.035834,0.006963,-0.098166
SAM,-0.027645,0.067313,0.005973,0.044006
SAM,-0.038415,0.086086,0.007867,0.05258
SAM,-0.026949,0.000443,0.00719,-0.019519
SAM,-0.01633,-0.008793,0.008932,-0.016271
SAM,-0.015152,0.01741,0.008447,0.010458
SAM,-0.107166,-0.060654,0.006503,-0.155866
SAM,-0.106383,0.037877,0.005679,-0.067268
SAM,-0.039289,-0.164679,0.006401,-0.192361
SAM,-0.0405,0.021082,0.004585,-0.015779
SAM,-0.017076,-0.045993,0.006935,-0.05578
SAM,-0.118554,-0.16468,0.007882,-0.257907
SAM,-0.082474,0.042725,0.006924,-0.036648
SAM,-0.053663,0.177332,0.007379,0.122374
SAM,-0.125471,-0.104394,0.007672,-0.210758
SAM,-0.047007,0.042828,0.008394,0.00215
SAM,-0.08695,0.172751,0.007066,0.078346
SAM,-0.075948,0.07187,0.006682,-0.002918
SAM,0.106251,0.032813,0.006329,0.149782
SAM,-0.106383,0.040035,0.008503,-0.062704
SAM,-0.04768,-0.057712,0.006309,-0.096979
SAM,-0.038825,0.117299,0.008752,0.083319
SAM,-0.09758,-0.003147,0.00657,-0.09451
SAM,-0.094064,0.124064,0.006064,0.024506
SAM,-0.094247,0.043217,0.007328,-0.048179
SAM,0.000962,-0.116152,0.007146,-0.108979
SAM,-0.00767,0.014505,0.005241,0.012
SAM,-0.021919,-0.148821,0.007598,-0.161152
SAM,-0.146034,0.041906,0.005059,-0.105746
SAM,-0.028571,-0.046409,0.008714,-0.065582
SAM,-0.132492,0.115017,0.00548,-0.027413
SAM,-0.047402,-0.118443,0.007195,-0.154189
SAM,-0.101556,-0.051004,0.007442,-0.141035
SAM,-0.032723,0.11655,0.007863,0.088506
SAM,-0.047402,-0.015204,0.005465,-0.056759
SAM,-0.065932,0.056784,0.007422,-0.005565
SAM,-0.144467,0.02186,0.00583,-0.120668
SAM,-0.158656,-0.064491,0.007151,-0.207288
SAM,0.046176,0.045306,0.004963,0.099003
SAM,-0.012668,0.027709,0.007424,0.022223
SAM,-0.158656,0.03313,0.008207,-0.123649
SAM,-0.017076,-0.122485,0.006616,-0.131762
SAM,-0.015152,0.084963,0.006993,0.075996
SAM,-0.135542,0.026559,0.007518,-0.105911
SAM,-0.05662,0.012044,0.00724,-0.038346
SAM,-0.047159,-0.06316,0.005301,-0.102609
SAM,-0.042143,-0.142719,0.005679,-0.174184
SAM,-0.17337,-0.036344,0.006496,-0.198239
SAM,0.011764,0.030103,0.007014,0.049532
SAM,-0.049095,-0.028333,0.006426,-0.0701
SAM,-0.042143,-0.03396,0.006997,-0.068197
SAM,-0.01633,-0.016309,0.007909,-0.02472
SAM,-0.094247,-0.029123,0.006539,-0.114876
SAM,-0.099502,0.098957,0.005797,-0.004655
SAM,-0.072339,0.156169,0.007398,0.080467
SAM,-0.015381,0.124586,0.008126,0.116287
SAM,-0.027514,0.05285,0.007187,0.03124
SAM,-0.049095,-0.048615,0.006433,-0.089503
SAM,-0.028571,0.052693,0.006725,0.029493
SAM,-0.058802,-0.094938,0.006419,-0.142689
SAM,-0.066542,0.004942,0.007189,-0.055185
SAM,0.007933,-0.047188,0.004792,-0.035028
SAM,-0.038825,0.06902,0.006996,0.034704
SAM,-0.070033,0.066057,0.006725,-0.001935
SAM,-0.000619,0.121168,0.0078,0.129214
SAM,-0.135542,-0.0327,0.00548,-0.159227
SAM,-0.029976,0.124569,0.005751,0.097132
SAM,-0.150138,-0.089569,0.007253,-0.220647
SAM,-0.033092,-0.076142,0.008202,-0.099387
SAM,-0.056492,0.085456,0.006756,0.031055
SAM,-0.125471,0.034771,0.006668,-0.089028
SAM,-0.044888,-0.049622,0.006117,-0.08673
SAM,-0.082474,-0.065216,0.006939,-0.13636
SAM,-0.022641,0.081002,0.005935,0.062798
SAM,-0.106717,0.109873,0.005572,-0.003045
SAM,-0.009372,0.143038,0.007441,0.14075
SAM,-0.135385,0.025335,0.006029,-0.108135
SAM,0.046176,-0.028124,0.007567,0.024448
SAM,-0.042143,0.045956,0.006837,0.008726
SAM,-0.197629,-0.041157,0.007878,-0.224591
SAM,-0.038415,-0.078048,0.005816,-0.108309
SAM,-0.026949,0.032524,0.007696,0.01243
SAM,-0.06369,0.088107,0.006908,0.025843
SAM,-0.056492,-0.051238,0.005421,-0.099983
SAM,-0.044151,-0.027474,0.00618,-0.064668
SAM,-0.065288,0.004757,0.00621,-0.055009
SAM,-0.015883,0.019597,0.007293,0.01072
SAM,-0.04768,0.120704,0.005946,0.073614
SAM,-0.042143,0.033046,0.005667,-0.004883
SAM,-0.10729,0.053403,0.006496,-0.053508
SAM,-0.026949,-0.067235,0.007823,-0.085272
SAM,-0.030232,-0.122452,0.007024,-0.143004
SAM,-0.044151,-0.012223,0.006611,-0.049592
SAM,-0.015883,-0.007547,0.007486,-0.015999
SAM,-0.075948,0.01302,0.005926,-0.058369
SAM,-0.015381,-0.096021,0.008689,-0.102191
SAM,-0.173381,-0.026506,0.008562,-0.188401
SAM,-0.125471,-0.07642,0.006427,-0.187112
SAM,-0.058802,-0.11617,0.006985,-0.162331
SAM,-0.067197,0.042992,0.006779,-0.020499
SAM,-0.015381,0.022105,0.006364,0.012789
SAM,-0.012668,-0.050734,0.007803,-0.055446
SAM,-0.164201,-0.060883,0.005423,-0.21083
SAM,-0.052353,0.005343,0.006513,-0.041084
SAM,-0.022641,0.043454,0.007394,0.02737
SAM,0.01377,-0.080386,0.00844,-0.059855
SAM,-0.164201,0.133943,0.008243,-0.044439
SAM,-0.032337,-0.121611,0.006195,-0.14475
SAM,-0.044515,-0.030744,0.006096,-0.068245
SAM,-0.146034,-0.022972,0.006461,-0.160261
SAM,-0.135542,0.075841,0.00831,-0.062253
SAM,-0.067197,-0.047432,0.007283,-0.104971
SAM,-0.099502,0.051538,0.009725,-0.043884
SAM,-0.037154,-0.038784,0.007509,-0.067547
SAM,0.107229,0.020705,0.008562,0.139831
SAM,-0.015883,0.229896,0.006784,0.218573
SAM,-0.064011,-0.040851,0.006056,-0.096811
SAM,-0.164201,-0.000354,0.00928,-0.156743
SAM,-0.083184,0.015847,0.005557,-0.06348
SAM,-0.072339,-0.077202,0.007154,-0.137833
SAM,-0.022641,-0.071714,0.006998,-0.086382
SAM,-0.082474,0.052626,0.006287,-0.028117
SAM,-0.053663,0.080358,0.007238,0.029783
SAM,-0.027372,0.114312,0.006728,0.091102
SAM,-0.101556,0.010849,0.006009,-0.086352
SAM,-0.175474,-0.022615,0.00559,-0.189615
SAM,-0.094064,0.068498,0.007318,-0.024926
SAM,-0.144467,0.033807,0.006094,-0.110155
SAM,0.066421,-0.008268,0.006355,0.064324
SAM,-0.071798,-0.025406,0.006052,-0.089904
SAM,0.084014,-0.048974,0.006079,0.037193
SAM,-0.11141,-0.022901,0.006727,-0.125919
SAM,-0.021862,-0.085615,0.005632,-0.100569
SAM,-0.066542,0.047842,0.006561,-0.015466
SAM,-0.021862,0.102279,0.007449,0.086212
SAM,-0.032337,-0.08197,0.007483,-0.105008
SAM,-0.11315,-0.124832,0.006373,-0.218911
SAM,-0.175474,-0.13948,0.006142,-0.28612
SAM,0.102057,-0.080527,0.008062,0.021482
SAM,-0.033092,0.051066,0.00728,0.023683
SAM,-0.072339,-0.083785,0.007389,-0.143783
SAM,0.084014,-0.065413,0.00813,0.021342
SAM,-0.022592,-0.026256,0.007922,-0.040715
SAM,-0.070033,0.057673,0.007758,-0.008768
SAM,-0.009372,-0.00897,0.005107,-0.013245
SAM,-0.033571,0.02217,0.006305,-0.005916
SAM,-0.032723,-0.030307,0.005521,-0.056859
SAM,0.107229,-0.089343,0.008226,0.0166
SAM,-0.122843,-0.218123,0.006524,-0.309698
SAM,-0.027891,-0.125434,0.006114,-0.144628
SAM,-0.11315,0.088864,0.007188,-0.0274
SAM,-0.064011,-0.051156,0.007505,-0.105227
SAM,-0.135542,-0.057435,0.007353,-0.179201
SAM,-0.106383,-0.129902,0.006896,-0.217104
SAM,-0.000619,0.020776,0.008076,0.028382
SAM,-0.050451,0.033137,0.006544,-0.012566
SAM,-0.107166,-0.038498,0.005375,-0.136924
SAM,-0.036595,-0.082642,0.006484,-0.110482
SAM,-0.015381,0.134487,0.006445,0.124237
SAM,-0.10828,-0.030517,0.007521,-0.128991
SAM,-0.118554,-0.123939,0.007813,-0.221766
SAM,-0.027891,-0.068029,0.006124,-0.088474
SAM,-0.05575,0.100106,0.004737,0.043696
SAM,-0.159224,-0.074254,0.008854,-0.214763
SAM,-0.117899,0.060139,0.007085,-0.058225
SAM,0.011764,-0.032639,0.004829,-0.016533
SAM,0.007933,0.060874,0.005254,0.074907
SAM,0.026037,0.080386,0.007117,0.116405
SAM,-0.036595,-0.031106,0.006376,-0.060611
SAM,-0.065932,-0.046171,0.008132,-0.101814
SAM,-0.001231,-0.004561,0.00638,0.000556
SAM,-0.066542,-0.029473,0.006818,-0.087878
SAM,0.107229,0.014666,0.006293,0.130537
SAM,-0.047402,-0.045733,0.006756,-0.084827
SAM,-0.044515,-0.040735,0.006955,-0.077062
SAM,0.020936,-0.078084,0.008234,-0.051032
SAM,0.01377,0.058244,0.007197,0.080537
SAM,-0.05575,0.068779,0.006981,0.01624
SAM,-0.065288,-0.03506,0.007642,-0.091166
SAM,-0.079309,0.128907,0.008209,0.047906
SAM,-0.03495,-0.023624,0.005566,-0.052504
SAM,-0.012668,0.039556,0.006235,0.032786
SAM,-0.123378,0.027906,0.007103,-0.092515
SAM,-0.06369,-0.013139,0.006897,-0.069619
SAM,-0.012449,0.075581,0.006285,0.068866
SAM,-0.03495,0.041281,0.004942,0.009854
SAM,-0.044515,0.094512,0.006615,0.052708
SAM,-0.106383,0.144782,0.007274,0.030438
SAM,-0.106383,-0.051591,0.00834,-0.145417
SAM,0.057162,-0.009191,0.006928,0.054701
SAM,-0.015381,-0.066779,0.006907,-0.074787
SAM,-0.10729,0.016541,0.006116,-0.086974
SAM,-0.094247,-0.024313,0.006902,-0.11017
SAM,-0.041825,0.020105,0.006402,-0.016303
SAM,-0.164201,0.009569,0.007464,-0.149904
SAM,-0.047007,0.009692,0.007356,-0.030692
SAM,-0.070033,-0.083769,0.008314,-0.140852
SAM,-0.012449,-0.020319,0.007182,-0.025566
SAM,-0.009372,-0.06292,0.00744,-0.064797
SAM,-0.123378,-0.003326,0.005529,-0.121462
SAM,-0.00237,-0.025067,0.007238,-0.020337
SAM,-0.025556,-0.107751,0.007639,-0.123911
SAM,-0.116245,-0.065688,0.007015,-0.168504
SAM,-0.042143,0.043043,0.006856,0.005936
SAM,-0.065288,-0.013442,0.006722,-0.071654
SAM,-0.099502,-0.002203,0.008546,-0.093808
SAM,0.01377,0.044136,0.005272,0.064094
SAM,0.057162,0.033385,0.008156,0.101365
SAM,0.057162,-0.031986,0.007303,0.030821
SAM,-0.002587,-0.010807,0.006411,-0.007041
SAM,-0.073547,-0.032449,0.007439,-0.096941
SAM,-0.197629,0.044505,0.007312,-0.155791
SAM,-0.106717,0.057273,0.005911,-0.049973
SAM,-0.094064,-0.006318,0.00796,-0.092622
SAM,-0.089261,0.035762,0.007108,-0.049985
SAM,-0.064611,0.081702,0.00612,0.018005
SAM,-0.06369,0.033523,0.008443,-0.024133
SAM,-0.03495,-0.04555,0.00751,-0.071992
SAM,-0.027891,-0.065017,0.007294,-0.084465
SAM,-0.047402,0.046034,0.007943,0.004365
SAM,-0.015381,-0.060406,0.006933,-0.068444
SAM,-0.099502,0.117662,0.007769,0.014271
SAM,-0.050451,0.041857,0.007707,-0.003082
SAM,0.084014,0.084659,0.00636,0.183264
SAM,-0.065932,-0.079603,0.006745,-0.134488
SAM,-0.101556,-0.042649,0.006443,-0.134331
SAM,-0.012449,0.023426,0.0083,0.019074
SAM,-0.075948,0.030394,0.005426,-0.042697
SAM,-0.027645,0.054594,0.007256,0.032881
SAM,-0.109538,-0.074288,0.008272,-0.168871
SAM,-0.015152,0.061899,0.005688,0.051757
SAM,-0.025556,-0.193152,0.006967,-0.208294
SAM,-0.123378,0.127272,0.008114,-0.003791
SAM,-0.050451,0.062687,0.006544,0.015677
SAM,-0.032724,-0.052913,0.007049,-0.077448
SAM,-0.03495,0.123018,0.006683,0.091011
SAM,0.066421,-0.022009,0.005954,0.04916
SAM,-0.047402,0.015564,0.006526,-0.026263
SAM,-0.046665,0.025626,0.006259,-0.016115
SAM,-0.036595,0.054858,0.005362,0.021705
SAM,-0.033571,0.023345,0.008347,-0.002754
SAM,0.007933,0.021069,0.007348,0.036731
SAM,-0.11141,0.04242,0.006518,-0.067679
SAM,-0.032337,0.16851,0.006425,0.137989
SAM,-0.173381,0.058454,0.006478,-0.119394
SAM,0.106251,0.103818,0.006149,0.228608
SAM,-0.055397,-0.063765,0.006512,-0.10987
SAM,-0.05575,-0.032857,0.005991,-0.081304
SAM,-0.053663,-0.031908,0.007602,-0.076895
SAM,-0.070033,0.039773,0.005039,-0.028173
SAM,-0.021862,-0.096439,0.007102,-0.109916
SAM,-0.118554,0.051389,0.006016,-0.067682
SAM,-0.028571,-0.1181,0.007811,-0.136606
SAM,-0.028571,0.013581,0.006728,-0.008753
SAM,-0.158656,-0.018772,0.007254,-0.168461
SAM,-0.106383,-0.034054,0.006278,-0.131396
SAM,-0.00767,-0.151555,0.0082,-0.151158
SAM,-0.123378,-0.018485,0.005657,-0.134715
SAM,-0.012449,-0.048119,0.006235,-0.054109
SAM,-0.10828,-0.058955,0.005917,-0.155886
SAM,-0.051397,-0.070866,0.006832,-0.112599
SAM,-0.032337,-0.007059,0.00699,-0.032451
SAM,-0.083184,0.103099,0.005637,0.01704
SAM,-0.002587,0.083426,0.005845,0.086939
SAM,0.007933,0.081179,0.00579,0.096066
SAM,0.011764,0.046706,0.005435,0.064775
SAM,-0.10828,0.088825,0.006214,-0.023041
SAM,-0.009372,-0.005472,0.008637,-0.006283
SAM,-0.012449,0.032436,0.00704,0.026762
SAM,0.000962,0.079502,0.006237,0.08728
SAM,-0.164201,-0.067534,0.006631,-0.215477
SAM,0.01377,-0.141273,0.005341,-0.124798
SAM,-0.122843,0.171222,0.005401,0.032894
SAM,-0.101556,-0.024206,0.006044,-0.118005
SAM,0.102057,0.009557,0.00563,0.118853
SAM,-0.107166,0.026323,0.007757,-0.076557
SAM,-0.09715,-0.022473,0.008791,-0.109682
SAM,-0.02982,-0.027903,0.007763,-0.04957
SAM,-0.025556,0.03446,0.006108,0.01418
SAM,-0.075948,0.103173,0.006909,0.026431
SAM,-0.009372,-0.164331,0.007413,-0.166026
SAM,-0.01633,0.070475,0.007298,0.060678
SAM,-0.027645,-0.144842,0.008392,-0.161505
SAM,-0.0405,-0.055361,0.005702,-0.08845
SAM,-0.000619,0.022168,0.00705,0.028737
SAM,-0.038825,0.090509,0.006847,0.055347
SAM,-0.05575,0.248884,0.006561,0.186996
SAM,-0.027645,0.06553,0.005341,0.041607
SAM,-0.027645,0.122693,0.005441,0.097596
SAM,-0.094064,-0.131848,0.00819,-0.207068
SAM,-0.116245,-0.053655,0.007753,-0.157178
SAM,0.065668,-0.029026,0.005758,0.040693
SAM,-0.072339,-0.030058,0.005092,-0.095641
SAM,-0.089346,0.023514,0.006928,-0.061475
SAM,-0.197629,0.010675,0.00682,-0.183532
SAM,-0.065288,0.105551,0.005284,0.038833
SAM,-0.017076,-0.013795,0.008956,-0.021954
SAM,-0.03495,-0.11969,0.00814,-0.143542
SAM,-0.146034,-0.039341,0.00582,-0.174854
SAM,-0.175474,0.035708,0.008212,-0.139019
SAM,-0.022592,0.080757,0.007129,0.063872
SAM,-0.037154,0.011336,0.007624,-0.018815
SAM,-0.064011,0.021616,0.006057,-0.037987
SAM,-0.028571,0.006084,0.007519,-0.015313
SAM,-0.051397,0.002455,0.009121,-0.040395
SAM,-0.197629,-0.018815,0.00808,-0.206364
SAM,-0.048405,0.040183,0.007639,-0.002606
SAM,-0.099502,-0.153016,0.005047,-0.233444
SAM,-0.047402,0.216236,0.007754,0.167567
SAM,-0.032337,-0.117415,0.007359,-0.13967
SAM,-0.164201,-0.07403,0.006085,-0.221365
SAM,-0.089346,-0.036942,0.006576,-0.11722
SAM,-0.04768,0.087139,0.006812,0.042357
SAM,-0.027514,0.030314,0.007436,0.009416
SAM,-0.047007,-0.026824,0.005457,-0.067509
SAM,-0.029976,0.032457,0.006952,0.00847
SAM,-0.038825,0.042657,0.008449,0.010643
SAM,-0.072339,-0.039443,0.007434,-0.102305
SAM,0.046176,-0.028416,0.005824,0.022368
SAM,-0.164201,0.117937,0.007171,-0.058929
SAM,-0.015883,-0.164779,0.007383,-0.171976
SAM,-0.029976,0.128439,0.004834,0.099903
SAM,-0.04768,-0.111588,0.007205,-0.147851
SAM,-0.050174,-0.06053,0.006915,-0.101496
SAM,-0.047007,-0.003498,0.005331,-0.045278
SAM,-0.05662,-0.075015,0.008813,-0.119698
SAM,-0.050174,0.036219,0.00721,-0.008675
SAM,-0.044515,0.073916,0.006694,0.032979
SAM,-0.107166,-0.04145,0.006039,-0.139006
SAM,-0.079309,0.002772,0.007011,-0.070284
SAM,-0.065288,-0.050352,0.007319,-0.105856
SAM,-0.072339,0.055332,0.008229,-0.012954
SAM,-0.173381,-0.012145,0.006784,-0.177881
SAM,-0.039289,-0.027009,0.00555,-0.06005
SAM,0.065668,0.00301,0.006821,0.076166
SAM,-0.082474,-0.034361,0.006812,-0.107965
SAM,-0.125471,-0.001533,0.008541,-0.119354
SAM,-0.017076,-0.118009,0.00719,-0.126837
SAM,-0.101556,-0.131029,0.007283,-0.213593
SAM,0.107229,-0.018544,0.006351,0.093597
SAM,-0.046665,-0.07003,0.007253,-0.106997
SAM,-0.041818,0.072791,0.00606,0.034158
SAM,-0.17337,-0.058781,0.007064,-0.216464
SAM,0.00676,-0.060462,0.007693,-0.046834
SAM,-0.032723,0.095909,0.006887,0.067349
SAM,-0.117899,-0.035851,0.008003,-0.142717
SAM,-0.032724,0.119722,0.008291,0.09206
SAM,-0.036121,-0.071007,0.008036,-0.097368
SAM,0.026037,0.085553,0.006961,0.121571
SAM,-0.02982,0.083098,0.005967,0.05707
SAM,-0.02982,0.058149,0.005904,0.032656
SAM,-0.158656,-0.050137,0.007444,-0.19489
SAM,-0.042143,0.027355,0.007168,-0.008887
SAM,-0.146034,0.089439,0.006842,-0.06329
SAM,-0.071798,0.158452,0.006369,0.082126
SAM,-0.058802,0.078364,0.006913,0.02197
SAM,-0.015381,0.109539,0.005522,0.098506
SAM,-0.106383,-0.05075,0.006256,-0.146427
SAM,-0.125471,-0.123003,0.006697,-0.227904
SAM,-0.117899,-0.005372,0.007601,-0.115969
SAM,-0.000619,-0.123121,0.007874,-0.116764
SAM,-0.082474,0.126096,0.004957,0.038344
SAM,-0.027372,0.036295,0.005311,0.013282
SAM,-0.033571,0.124932,0.007615,0.095447
SAM,-0.015381,0.007133,0.007003,-0.001413
SAM,-0.037154,-0.092349,0.007528,-0.119492
SAM,-0.026949,-0.048256,0.006278,-0.068091
SAM,-0.027645,0.078917,0.006333,0.055735
SAM,-0.046665,-0.097698,0.006163,-0.134502
SAM,-0.075948,-0.038712,0.004222,-0.10797
SAM,-0.001231,-0.107074,0.00578,-0.103019
SAM,-0.146034,-0.077441,0.005833,-0.207571
SAM,-0.015883,0.136511,0.005973,0.12514
SAM,-0.041825,0.05498,0.005927,0.016847
SAM,0.026037,0.009692,0.005981,0.042177
SAM,-0.017076,0.030427,0.006664,0.019581
SAM,-0.036595,-0.009936,0.00745,-0.039061
SAM,-0.015152,-0.062244,0.004025,-0.072736
SAM,-0.027645,0.135926,0.00596,0.111106
SAM,-0.001231,-0.028237,0.005997,-0.023614
SAM,-0.066542,-0.136376,0.005367,-0.189517
SAM,-0.135542,0.037758,0.008007,-0.095718
SAM,-0.08695,0.042951,0.005789,-0.042222
SAM,-0.089346,-0.058096,0.007312,-0.135979
SAM,-0.052353,0.003446,0.006108,-0.043279
SAM,-0.123378,-0.050317,0.008165,-0.16069
SAM,-0.000619,-0.002951,0.00605,0.00246
SAM,-0.041825,-0.030749,0.005979,-0.065735
SAM,-0.158656,-0.085973,0.006714,-0.225826
SAM,0.106251,0.076401,0.008396,0.200768
SAM,0.007933,-0.067226,0.007388,-0.05288
SAM,-0.042143,-0.062463,0.006232,-0.096377
SAM,-0.021919,-0.057797,0.007073,-0.071931
SAM,0.00676,-0.044259,0.006321,-0.031717
SAM,-0.053663,-0.073469,0.008379,-0.115843
SAM,-0.044151,-0.011813,0.007674,-0.048193
SAM,-0.047159,0.017951,0.006859,-0.023403
SAM,-0.06369,0.138309,0.007086,0.073362
SAM,-0.058802,0.118389,0.00626,0.059215
SAM,-0.08695,0.059196,0.006898,-0.02623
SAM,0.01377,-0.097352,0.007474,-0.078083
SAM,-0.125445,-0.072958,0.007785,-0.182939
SAM,-0.042143,0.075299,0.006469,0.036646
SAM,-0.159224,-1.9e-05,0.004748,-0.155248
SAM,0.01377,-0.073959,0.007593,-0.05408
SAM,-0.02982,0.006837,0.00627,-0.017063
SAM,-0.029976,-0.022325,0.00774,-0.044292
SAM,-0.161474,-0.142076,0.005374,-0.276742
SAM,-0.063113,-0.040709,0.007222,-0.094762
SAM,-0.064011,0.037705,0.006693,-0.02222
SAM,-0.047159,0.071247,0.006451,0.027312
SAM,-0.135385,-0.030058,0.008351,-0.15437
SAM,0.057162,-0.083365,0.00617,-0.02499
SAM,-0.038415,-0.084644,0.008258,-0.112539
SAM,-0.065288,0.004466,0.009072,-0.052596
SAM,-0.027891,-0.168109,0.005638,-0.186752
SAM,-0.033092,-0.10633,0.005988,-0.130729
SAM,0.102057,0.053044,0.006737,0.168333
SAM,-0.058802,0.086362,0.006673,0.029305
SAM,-0.094247,0.152556,0.008004,0.052287
SAM,-0.064011,0.046341,0.008002,-0.012799
SAM,-0.089346,-0.037959,0.006409,-0.118299
SAM,-0.164201,0.032439,0.006115,-0.131811
SAM,-0.00237,0.078415,0.006569,0.082927
SAM,-0.05575,0.069547,0.007117,0.017107
SAM,-0.060336,0.045109,0.005752,-0.012301
SAM,-0.106717,0.01395,0.005641,-0.089147
SAM,-0.041825,0.045088,0.006147,0.007532
SAM,-0.101556,-0.081056,0.006443,-0.169061
SAM,-0.082474,-0.025166,0.006526,-0.099728
SAM,-0.009372,-0.084702,0.004893,-0.088844
SAM,-0.135542,0.002578,0.006472,-0.127704
SAM,-0.048405,-0.052001,0.005593,-0.092845
SAM,0.066421,-0.003022,0.006966,0.070604
SAM,-0.012668,0.061859,0.005635,0.054315
SAM,-0.135542,0.10355,0.007224,-0.039136
SAM,-0.001231,-0.060163,0.006725,-0.055007
SAM,-0.054398,0.05539,0.00832,0.006282
SAM,-0.107166,-0.095054,0.007184,-0.18623
SAM,-0.051397,0.037514,0.006703,-0.009215
SAM,-0.038329,-0.04464,0.006844,-0.07497
SAM,-0.158656,-0.079626,0.00695,-0.220267
SAM,-0.00767,0.11133,0.006303,0.109757
SAM,-0.064011,-0.098701,0.006642,-0.150791
SAM,-0.125445,-0.016484,0.006388,-0.134366
SAM,-0.030232,0.08057,0.006539,0.054755
SAM,-0.10729,-0.061691,0.006439,-0.156969
SAM,-0.032723,0.119559,0.006526,0.089991
SAM,-0.094064,0.03964,0.006851,-0.0517
SAM,-0.002587,-0.007568,0.007451,-0.00276
SAM,-0.027645,0.023152,0.007813,0.00264
SAM,-0.047561,-0.037549,0.006268,-0.077579
SAM,-0.044515,-0.126967,0.005482,-0.161258
SAM,-0.009372,0.033708,0.007677,0.031881
SAM,0.046176,0.020177,0.009054,0.076948
SAM,-0.065288,0.087271,0.007422,0.023827
SAM,-0.048405,-0.047064,0.006559,-0.087244
SAM,0.01377,-0.033787,0.007117,-0.013512
SAM,-0.01633,-0.039571,0.007049,-0.048596
SAM,-0.109538,0.016352,0.006856,-0.088773
SAM,-0.071798,-0.136603,0.005995,-0.193788
SAM,0.004722,0.072048,0.007882,0.0856
SAM,-0.05575,0.032802,0.006101,-0.018827
SAM,-0.037154,0.031264,0.007855,0.000749
SAM,-0.135385,-0.049357,0.007434,-0.171949
SAM,-0.158656,0.002522,0.008311,-0.149525
SAM,-0.10729,-0.059926,0.007614,-0.154398
SAM,-0.015883,-0.109844,0.004571,-0.119979
SAM,-0.161474,0.049831,0.005485,-0.11486
SAM,-0.009372,0.041928,0.006959,0.039345
SAM,-0.116245,0.038573,0.00857,-0.074289
SAM,-0.065932,-0.002249,0.006497,-0.061978
SAM,-0.028571,-0.014294,0.005518,-0.037173
SAM,-0.047402,0.197995,0.007689,0.149982
SAM,0.026037,0.043172,0.008528,0.079461
SAM,-0.048405,-0.080647,0.006098,-0.119813
SAM,0.066421,0.13367,0.006363,0.216661
SAM,-0.094064,0.075599,0.008529,-0.017265
SAM,-0.094064,0.056006,0.005617,-0.037952
SAM,-0.00767,-0.07637,0.005827,-0.078114
SAM,-0.044888,-0.019954,0.005812,-0.058505
SAM,-0.065288,0.105807,0.007062,0.040911
SAM,-0.106717,-0.002851,0.00661,-0.103377
SAM,0.017133,0.235303,0.006292,0.264374
SAM,-0.073547,0.025842,0.00777,-0.042221
SAM,-0.116245,-0.034546,0.007715,-0.140192
SAM,-0.085325,-0.072903,0.008342,-0.144934
SAM,-0.089346,-0.03022,0.006953,-0.110726
SAM,-0.107166,-0.125579,0.007668,-0.213301
SAM,-0.116245,-0.001997,0.005751,-0.112937
SAM,-0.107166,-0.004506,0.007616,-0.10442
SAM,0.01377,-0.025731,0.007664,-0.004745
SAM,-0.028571,-0.009277,0.006104,-0.031709
SAM,-0.082474,-0.071882,0.007499,-0.142042
SAM,-0.109538,0.091977,0.007139,-0.020694
SAM,0.036168,0.040631,0.007357,0.086202
SAM,-0.10828,-0.012937,0.007844,-0.112912
SAM,-0.17337,-0.026128,0.007072,-0.189275
SAM,-0.175474,0.053305,0.008056,-0.124526
SAM,-0.118554,0.053224,0.005782,-0.066272
SAM,-0.052353,0.018817,0.006034,-0.028696
SAM,-0.06369,0.058605,0.006736,-0.002141
SAM,0.000962,0.10915,0.006127,0.117019
SAM,-0.106383,0.09029,0.007157,-0.018726
SAM,-0.125445,-0.008024,0.006561,-0.12677
SAM,-0.041818,0.083791,0.006599,0.045322
SAM,-0.032337,-0.102572,0.00657,-0.125886
SAM,-0.016822,0.084524,0.007137,0.07389
SAM,-0.063113,0.046956,0.006892,-0.012361
SAM,-0.002587,-0.183043,0.007265,-0.179236
SAM,-0.047402,-0.077991,0.006509,-0.115979
SAM,-0.000619,0.108783,0.005052,0.113695
SAM,-0.066542,0.107547,0.007638,0.041745
SAM,0.007933,-0.11352,0.006118,-0.101021
SAM,-0.099502,0.011226,0.007179,-0.082856
SAM,-0.053663,0.099054,0.006896,0.047249
SAM,-0.015381,0.064161,0.00911,0.057339
SAM,-0.082474,0.009028,0.004217,-0.070286
SAM,-0.028571,0.005024,0.006241,-0.017598
SAM,-0.099502,0.106474,0.007273,0.003624
SAM,-0.015883,-0.00989,0.005294,-0.020457
SAM,-0.083184,0.020787,0.006854,-0.057712
SAM,-0.150138,0.002396,0.005221,-0.143654
SAM,0.026037,-0.040522,0.006888,-0.008759
SAM,-0.015152,0.014602,0.006934,0.006157
SAM,-0.027372,-0.063033,0.007607,-0.081746
SAM,-0.159224,-0.038708,0.007169,-0.185975
SAM,-0.060336,-0.176379,0.005928,-0.221486
SAM,-0.075948,-0.000891,0.006953,-0.070353
SAM,-0.146034,-0.048967,0.007214,-0.181991
SAM,-0.027372,-0.119201,0.005986,-0.138182
SAM,-0.033564,-0.003715,0.007868,-0.029578
SAM,0.046176,-0.039984,0.007458,0.011836
SAM,-0.073547,0.118805,0.005267,0.041979
SAM,-0.11141,-0.040514,0.006916,-0.141514
SAM,-0.050451,-0.092893,0.005863,-0.133607
SAM,0.057162,0.137063,0.004909,0.207961
SAM,0.007933,0.013213,0.00632,0.027705
SAM,-0.028571,0.008899,0.006516,-0.013541
SAM,-0.09758,0.073779,0.00902,-0.02226
SAM,-0.032337,0.110324,0.006348,0.081239
SAM,-0.036121,-0.095434,0.006931,-0.122066
SAM,0.00676,-0.151772,0.007195,-0.139894
SAM,-0.175474,0.021845,0.006525,-0.151964
SAM,-0.049095,0.113911,0.00716,0.066808
SAM,-0.085325,0.098077,0.006171,0.010582
SAM,0.107229,0.019039,0.005786,0.134837
SAM,-0.135385,-0.044086,0.0063,-0.168295
SAM,-0.038415,0.025814,0.005602,-0.008067
SAM,-0.047159,-0.011751,0.007481,-0.051312
SAM,-0.158656,-0.00628,0.006804,-0.158251
SAM,-0.125471,0.009202,0.006383,-0.11179
SAM,-0.065932,-0.051672,0.007452,-0.107596
SAM,-0.033571,-0.019287,0.006273,-0.046265
SAM,-0.027645,-0.013946,0.003873,-0.037492
SAM,-0.125445,-0.012621,0.00633,-0.131017
SAM,-0.021862,-0.063912,0.007624,-0.077396
SAM,-0.066542,-0.005488,0.007866,-0.064362
SAM,-0.106383,-0.125808,0.005636,-0.214404
SAM,-0.033564,0.116522,0.006274,0.085817
SAM,-0.047007,-0.040185,0.00759,-0.07836
SAM,-0.041825,0.069001,0.00537,0.02979
SAM,-0.046665,-0.102468,0.00655,-0.138746
SAM,-0.01633,-0.080314,0.007171,-0.088846
SAM,-0.132492,0.123393,0.008261,-0.017398
SAM,-0.027891,0.062939,0.006397,0.039902
SAM,-0.030232,-0.061885,0.00545,-0.085288
SAM,-0.101556,-0.005344,0.006074,-0.100929
SAM,-0.085325,0.02375,0.00925,-0.05494
SAM,0.008402,-0.01038,0.007169,0.005089
SAM,-0.083184,0.088933,0.008076,0.006414
SAM,-0.026949,0.05996,0.006845,0.038455
SAM,-0.022641,-0.017884,0.006061,-0.034302
SAM,-0.11141,0.040515,0.005787,-0.070058
SAM,-0.197629,-0.003192,0.006392,-0.195077
SAM,-0.064611,0.050456,0.007578,-0.009969
SAM,-0.074705,0.011007,0.005547,-0.059331
SAM,0.008402,0.032467,0.007579,0.049033
SAM,-0.06369,0.048269,0.005697,-0.012904
SAM,-0.089261,0.035313,0.006552,-0.050921
SAM,-0.144467,0.10209,0.006796,-0.050718
SAM,-0.047159,0.163544,0.00746,0.116942
SAM,-0.144467,-0.020192,0.006561,-0.156242
SAM,0.066421,-0.174697,0.007379,-0.113386
SAM,-0.015883,0.015794,0.006539,0.006197
SAM,-0.047402,0.007391,0.007241,-0.033414
SAM,-0.09715,0.015745,0.00683,-0.076672
SAM,0.020936,0.03704,0.007048,0.066213
SAM,-0.016822,0.016876,0.007034,0.006802
SAM,-0.17337,-0.017434,0.006751,-0.182298
SAM,-0.015883,-0.172307,0.008017,-0.178923
SAM,-0.015381,-0.023568,0.007445,-0.031428
SAM,-0.09715,-0.029229,0.007024,-0.117383
SAM,-0.107166,-0.109139,0.006309,-0.199591
SAM,-0.101556,0.052912,0.009271,-0.045248
SAM,-0.066542,0.029398,0.008392,-0.031036
SAM,-0.041825,0.025961,0.005857,-0.011193
SAM,-0.075948,-0.032988,0.00746,-0.099765
SAM,-0.027514,0.102833,0.008103,0.08118
SAM,-0.11315,0.095706,0.007353,-0.021128
SAM,-0.033564,0.010114,0.006852,-0.017101
SAM,-0.015883,0.087424,0.006245,0.076836
SAM,0.008402,0.111373,0.007333,0.128929
SAM,0.026037,0.072542,0.005955,0.107021
SAM,-0.175474,-0.051251,0.006482,-0.212661
SAM,-0.122843,-0.060838,0.006339,-0.170986
SAM,-0.089261,0.01333,0.007374,-0.070315
SAM,-0.047402,0.001874,0.008224,-0.037768
SAM,-0.00767,0.124221,0.006381,0.122716
SAM,-0.132492,-0.058593,0.006478,-0.178031
SAM,-0.033092,0.10978,0.008154,0.081805
SAM,-0.082474,-0.090108,0.006327,-0.159869
SAM,-0.036121,-0.015538,0.004041,-0.047264
SAM,-0.038329,0.018717,0.008717,-0.01179
SAM,-0.029976,0.097182,0.007868,0.072666
SAM,-0.05575,0.008422,0.007666,-0.040498
SAM,0.084014,0.096092,0.007236,0.196777
SAM,-0.021919,0.025427,0.006782,0.009753
SAM,-0.022592,-0.044718,0.004994,-0.061637
SAM,-0.021919,-0.135027,0.006645,-0.148364
SAM,-0.050451,0.074724,0.006622,0.02726
SAM,-0.047007,0.042039,0.006729,-0.000261
SAM,-0.116245,0.045585,0.007436,-0.069087
SAM,-0.03495,-0.017381,0.008368,-0.043789
SAM,-0.150138,0.031818,0.006783,-0.117148
SAM,0.00676,-0.03936,0.006653,-0.026431
SAM,-0.123378,-0.143507,0.008364,-0.2429
SAM,-0.053663,0.194689,0.006065,0.137435
SAM,-0.082474,0.009574,0.006827,-0.067366
SAM,-0.075948,0.111605,0.006887,0.034255
SAM,-0.075948,0.099645,0.006066,0.022292
SAM,-0.000619,-0.056225,0.006518,-0.050661
SAM,-0.05575,-0.123626,0.006531,-0.16708
SAM,-0.016822,-0.018745,0.007635,-0.027886
SAM,-0.107166,-0.112458,0.006569,-0.202368
SAM,-0.10729,0.068249,0.006597,-0.040073
SAM,-0.033571,-0.000535,0.007332,-0.027006
SAM,-0.070033,-0.100787,0.006372,-0.158433
SAM,-0.055397,-0.046062,0.005951,-0.093545
SAM,0.01377,-0.02742,0.009513,-0.004648
SAM,-0.027372,-0.1097,0.006806,-0.128175
SAM,-0.03495,-0.091027,0.007087,-0.116579
SAM,-0.021862,0.041539,0.006592,0.025485
SAM,-0.08695,-0.036225,0.005357,-0.115311
SAM,-0.135542,-0.067487,0.006344,-0.188768
SAM,-0.038825,0.033579,0.005746,-0.000842
SAM,-0.11141,-0.052122,0.007406,-0.151488
SAM,-0.012449,-0.087352,0.007277,-0.092154
SAM,-0.075948,-0.01881,0.007442,-0.086583
SAM,-0.11315,-0.015211,0.005877,-0.121506
SAM,-0.122843,-0.021551,0.004863,-0.137574
SAM,-0.118554,0.179385,0.00459,0.044336
SAM,-0.027891,0.040629,0.007261,0.01895
SAM,-0.030232,-0.083726,0.006465,-0.105682
SAM,-0.000619,-0.089786,0.005582,-0.085271
SAM,-0.038415,-0.13455,0.00741,-0.16163
SAM,-0.066542,0.138008,0.00773,0.070493
SAM,-0.175474,-0.039037,0.0068,-0.202273
SAM,-0.036121,-0.09079,0.006276,-0.118131
SAM,-0.048405,-0.059265,0.006636,-0.098862
SAM,-0.116245,-0.069095,0.008029,-0.170702
SAM,-0.027645,0.080384,0.007916,0.058832
SAM,-0.000619,0.074985,0.006632,0.081443
SAM,-0.083184,0.001542,0.006995,-0.075347
SAM,0.036168,0.054115,0.011407,0.104699
SAM,-0.012668,0.030048,0.008973,0.026125
SAM,-0.150138,0.059313,0.006905,-0.093513
SAM,-0.000619,0.047564,0.00829,0.055594
SAM,-0.118554,-0.038242,0.007245,-0.146121
SAM,-0.099502,0.110354,0.008343,0.008213
SAM,-0.04768,0.051781,0.006147,0.007789
SAM,-0.05662,0.055885,0.007603,0.003673
SAM,0.004722,0.013046,0.007885,0.025855
SAM,-0.047007,-0.067055,0.006844,-0.104825
SAM,-0.047402,-0.009662,0.006439,-0.050531
SAM,-0.052353,-0.048016,0.007093,-0.091457
SAM,-0.052353,0.075685,0.005511,0.024988
SAM,-0.027514,0.008339,0.006473,-0.013057
SAM,0.011764,0.019613,0.006317,0.038124
SAM,-0.197629,-0.012893,0.007722,-0.201858
SAM,-0.11141,-0.01803,0.007383,-0.12099
SAM,-0.028571,-0.017392,0.007513,-0.038295
SAM,-0.021919,-0.05886,0.008045,-0.072082
SAM,-0.054398,-0.00514,0.005751,-0.053849
SAM,-0.05662,-0.044996,0.008486,-0.091424
SAM,-0.071798,-0.000448,0.007784,-0.064992
SAM,-0.026949,0.020761,0.005495,-0.00129
SAM,-0.030232,-0.0416,0.007647,-0.063467
SAM,-0.041825,0.08639,0.007437,0.048693
SAM,0.066421,-0.022132,0.007281,0.050411
SAM,-0.132492,0.088891,0.00594,-0.049768
SAM,-0.101556,-0.00713,0.006859,-0.101843
SAM,-0.065932,-0.12202,0.007535,-0.173727
SAM,-0.073547,-0.066864,0.006913,-0.129517
SAM,-0.197629,0.098184,0.005554,-0.113955
SAM,-0.135385,0.029842,0.006515,-0.103782
SAM,0.046176,0.030988,0.007231,0.086395
SAM,0.057162,-0.001333,0.006694,0.06282
SAM,-0.085325,0.009295,0.008758,-0.068737
SAM,-0.06369,0.077451,0.00763,0.016525
SAM,-0.05575,-0.048223,0.007591,-0.094462
SAM,-0.047159,0.041527,0.007061,-0.000584
SAM,-0.058802,-0.003365,0.006444,-0.055925
SAM,-0.015381,-0.000457,0.008581,-0.007386
SAM,-0.079309,0.004417,0.006516,-0.069218
SAM,-0.038825,0.038137,0.00696,0.004776
SAM,-0.094064,0.135553,0.006805,0.03574
SAM,-0.058802,0.025995,0.005508,-0.029017
SAM,-0.055397,-0.00915,0.007334,-0.057176
SAM,-0.107166,-0.002526,0.007867,-0.102416
SAM,-0.036121,-0.051987,0.006319,-0.080457
SAM,-0.099502,0.116203,0.006597,0.011769
SAM,-0.025556,0.006773,0.006072,-0.013
SAM,-0.117899,-0.036949,0.008687,-0.143111
SAM,-0.106383,0.140909,0.007326,0.027004
SAM,-0.079309,0.053778,0.00821,-0.021831
SAM,-0.164201,-0.035055,0.006481,-0.188273
SAM,-0.064011,-0.041249,0.007451,-0.095934
SAM,-0.039289,0.04974,0.005331,0.013873
SAM,-0.159224,0.009283,0.006295,-0.146077
SAM,-0.015152,0.0737,0.008928,0.066872
SAM,-0.125445,0.038303,0.007306,-0.085313
SAM,0.007933,0.128674,0.006569,0.1451
SAM,-0.041818,-0.0852,0.005058,-0.119021
SAM,-0.051397,-0.033498,0.007081,-0.076682
SAM,-0.107166,0.03993,0.006479,-0.0655
SAM,-0.10828,0.032499,0.007747,-0.072167
SAM,-0.106383,0.011882,0.005446,-0.09084
SAM,-0.032724,0.032138,0.00779,0.006139
SAM,0.066421,-0.052775,0.006446,0.016652
SAM,-0.037154,0.039309,0.005863,0.006562
SAM,-0.04768,-0.139185,0.007085,-0.174421
SAM,-0.058802,0.048666,0.008717,-0.004394
SAM,-0.158656,0.059484,0.007622,-0.101815
SAM,-0.117899,-0.046762,0.007209,-0.153086
SAM,-0.146034,0.030884,0.006362,-0.114059
SAM,0.007933,-0.026497,0.008317,-0.010614
SAM,-0.037154,0.05441,0.007248,0.022592
SAM,-0.08695,0.119191,0.004925,0.026911
SAM,-0.05575,-0.085203,0.007661,-0.129585
SAM,0.036168,-0.106346,0.007139,-0.067413
SAM,-0.02982,-0.092311,0.006777,-0.113411
SAM,-0.027645,0.095384,0.008139,0.073771
SAM,-0.022592,-0.081176,0.006159,-0.096404
SAM,0.026037,-0.08614,0.006369,-0.056374
SAM,-0.125445,0.069861,0.006718,-0.058062
SAM,-0.046665,0.030096,0.007307,-0.010797
SAM,-0.106383,0.051145,0.006284,-0.054776
SAM,-0.050451,-0.0016,0.005898,-0.046379
SAM,-0.038825,0.035421,0.006689,0.001878
SAM,-0.058802,0.015485,0.006388,-0.038122
SAM,0.107229,0.024827,0.00854,0.144408
SAM,-0.064011,0.068091,0.004832,0.004552
SAM,-0.067197,-0.096912,0.00777,-0.151051
SAM,-0.047561,-0.048163,0.00484,-0.089045
SAM,-0.125471,-0.080464,0.006803,-0.190369
SAM,-0.135385,-0.110618,0.005799,-0.226567
SAM,-0.159224,-0.004676,0.005329,-0.158696
SAM,-0.070033,0.091881,0.008202,0.023741
SAM,-0.107166,0.055652,0.007607,-0.050308
SAM,-0.123378,-0.10577,0.006941,-0.210658
SAM,-0.161474,0.004815,0.007009,-0.151531
SAM,-0.10828,-0.111027,0.006114,-0.202439
SAM,-0.135542,0.000296,0.006417,-0.129737
SAM,-0.015381,0.18935,0.006189,0.178304
SAM,-0.053663,-0.070777,0.006353,-0.115056
SAM,-0.026949,-0.087061,0.006666,-0.105743
SAM,-0.041825,-5e-06,0.008209,-0.033964
SAM,-0.146034,0.204377,0.007471,0.036181
SAM,-0.125471,-0.016656,0.007189,-0.133855
SAM,0.026037,-0.039973,0.005885,-0.00918
SAM,-0.042143,-0.139722,0.007325,-0.16994
SAM,-0.038415,-0.100391,0.004388,-0.131154
SAM,0.020936,-0.039474,0.006185,-0.013299
SAM,-0.042143,0.005378,0.005644,-0.031556
SAM,-0.038415,-0.049983,0.006506,-0.080535
SAM,-0.04768,0.038542,0.00659,-0.004457
SAM,-0.012449,0.145056,0.006443,0.138087
SAM,-0.064611,0.021764,0.006859,-0.037698
SAM,-0.055397,0.07689,0.007027,0.024382
SAM,-0.047159,-0.111194,0.008216,-0.146152
SAM,-0.032724,-0.076804,0.006067,-0.101597
SAM,-0.046665,-0.089169,0.006043,-0.126425
SAM,-0.197629,0.091631,0.006769,-0.118178
SAM,-0.039289,-0.093024,0.00718,-0.122402
SAM,-0.032337,-0.136738,0.006915,-0.158877
SAM,-0.032337,-0.066625,0.008703,-0.088947
SAM,-0.027514,-0.029513,0.007723,-0.048926
SAM,-0.015381,-0.006096,0.00825,-0.01331
SAM,0.102057,-0.039266,0.007329,0.066544
SAM,-0.042143,-0.005743,0.00696,-0.041015
SAM,-0.036121,0.037544,0.004344,0.004411
SAM,0.084014,0.102416,0.006923,0.203308
SAM,-0.044151,0.008365,0.006546,-0.029847
SAM,-0.079309,0.018043,0.006572,-0.056537
SAM,0.084014,0.163587,0.007857,0.271255
SAM,0.107229,0.072297,0.00554,0.193857
SAM,-0.051397,-0.000623,0.007954,-0.044448
SAM,-0.02982,-0.078379,0.007495,-0.09916
SAM,0.020936,-0.017541,0.007085,0.010134
SAM,-0.099502,0.066216,0.007673,-0.032509
SAM,-0.054398,-0.052758,0.005063,-0.099751
SAM,-0.064611,0.028896,0.007235,-0.030619
SAM,-0.118554,-0.023155,0.005365,-0.134344
SAM,0.065668,0.060873,0.007203,0.138682
SAM,-0.055397,0.003781,0.005644,-0.046473
SAM,0.004722,0.094825,0.006046,0.106645
SAM,-0.001231,0.011992,0.006388,0.017203
SAM,-0.056492,0.042539,0.006557,-0.009907
SAM,-0.071798,0.035857,0.00703,-0.031756
SAM,-0.033571,0.022533,0.007546,-0.004337
SAM,-0.00237,-0.020002,0.009237,-0.013293
SAM,-0.125471,0.009967,0.006158,-0.111316
SAM,-0.135385,-0.053479,0.00696,-0.175928
SAM,-0.000619,0.087134,0.006742,0.093785
SAM,-0.06369,0.061975,0.005764,6.8e-05
SAM,0.017133,-0.0388,0.004861,-0.017578
SAM,-0.164201,0.023408,0.005873,-0.139612
SAM,-0.000619,0.039497,0.006265,0.045362
SAM,-0.173381,-0.04376,0.006442,-0.204462
SAM,-0.048405,0.075384,0.005393,0.028849
SAM,-0.047159,-0.039768,0.006519,-0.079088
SAM,-0.094247,-0.015748,0.006645,-0.102588
SAM,-0.041825,-0.04311,0.005921,-0.077704
SAM,0.004722,-0.007133,0.007577,0.005114
SAM,-0.015152,-0.009802,0.005111,-0.019821
SAM,-0.0405,-0.077022,0.0071,-0.108114
SAM,-0.10828,0.066028,0.006593,-0.043134
SAM,-0.063113,0.157037,0.006909,0.091501
SAM,-0.039289,-0.127058,0.007239,-0.155284
SAM,-0.021919,-0.038841,0.007117,-0.053217
SAM,-0.064611,-0.065882,0.004866,-0.121985
SAM,-0.123378,0.097444,0.006568,-0.031639
SAM,-0.064611,0.079188,0.00729,0.01682
SAM,0.036168,-0.024518,0.007324,0.018166
SAM,-0.041825,0.06026,0.006026,0.022037
SAM,-0.025556,0.053936,0.005743,0.032899
SAM,-0.01633,0.108214,0.007395,0.098177
SAM,-0.041818,-0.016792,0.007313,-0.051018
SAM,-0.118554,0.00993,0.005745,-0.104687
SAM,-0.047007,-0.051076,0.005539,-0.090673
SAM,-0.05575,-0.042473,0.006414,-0.090056
SAM,-0.022592,0.051258,0.006029,0.033703
SAM,-0.046665,0.039117,0.006929,-0.002508
SAM,-0.10729,-0.025506,0.008149,-0.122971
SAM,-0.118554,0.207896,0.005548,0.070602
SAM,-0.044515,-0.030704,0.006653,-0.06769
SAM,-0.027645,-0.11702,0.006014,-0.136266
SAM,-0.106717,0.085183,0.007538,-0.023317
SAM,-0.033092,0.026364,0.007603,-5.5e-05
SAM,-0.047007,0.149285,0.005873,0.101694
SAM,0.107229,0.126506,0.007872,0.257119
SAM,-0.001231,-0.156443,0.007607,-0.151073
SAM,0.007933,-0.008189,0.006605,0.006281
SAM,-0.094247,0.080007,0.007517,-0.014428
SAM,-0.027372,-0.041354,0.005403,-0.062556
SAM,-0.027514,-0.034273,0.008677,-0.052696
SAM,-0.150138,0.052219,0.006824,-0.099656
SAM,-0.032723,0.06321,0.008027,0.036674
SAM,-0.161474,0.04322,0.006168,-0.119837
SAM,-0.150138,0.040537,0.005185,-0.111102
SAM,0.036168,0.019496,0.007235,0.064012
SAM,-0.044515,-0.091014,0.006025,-0.126245
SAM,-0.044151,-0.028426,0.006133,-0.065626
SAM,-0.021862,0.145751,0.007005,0.128552
SAM,-0.033564,-0.060979,0.0076,-0.085599
SAM,-0.09758,0.109582,0.007122,0.00844
SAM,0.017133,0.057369,0.00782,0.083896
SAM,-0.036595,-0.034467,0.006563,-0.063696
SAM,-0.10828,0.057592,0.008125,-0.049262
SAM,0.00676,-0.033668,0.007587,-0.019755
SAM,-0.048405,-0.000398,0.005678,-0.043383
SAM,-0.017076,0.005584,0.007399,-0.004273
SAM,-0.106383,0.091867,0.006789,-0.017664
SAM,-0.05575,0.101812,0.005965,0.046592
SAM,-0.038825,0.004585,0.007335,-0.027335
SAM,0.036168,-0.020262,0.007183,0.022466
SAM,-0.041825,0.069433,0.007425,0.032313
SAM,0.066421,-0.088922,0.005658,-0.02291
SAM,-0.063113,0.017653,0.004564,-0.042222
SAM,-0.106383,-0.055529,0.006412,-0.150593
SAM,-0.106383,-0.133681,0.006475,-0.22083
SAM,0.008402,-0.084916,0.00723,-0.070557
SAM,-0.066542,0.023383,0.00405,-0.040846
SAM,-0.135542,0.027237,0.007386,-0.105438
SAM,-0.058802,-0.038372,0.007571,-0.088066
SAM,0.046176,-0.018602,0.007635,0.034555
SAM,0.036168,-0.001242,0.007591,0.042738
SAM,-0.173381,-0.05327,0.005659,-0.212986
SAM,-0.083184,0.047862,0.005881,-0.033654
SAM,0.084014,-0.04105,0.006554,0.046328
SAM,-0.016822,-0.021799,0.006601,-0.031906
SAM,-0.067197,0.215643,0.005808,0.140541
SAM,-0.056492,0.033589,0.006934,-0.018038
SAM,-0.036121,0.097052,0.007224,0.065064
SAM,-0.132492,-0.001197,0.007108,-0.127372
SAM,-0.118554,0.085849,0.00692,-0.03626
SAM,-0.058802,-0.059874,0.007175,-0.108807
SAM,-0.032337,-0.008169,0.006538,-0.033966
SAM,-0.161474,-0.013507,0.007325,-0.16674
SAM,-0.094247,0.095883,0.007206,-0.000249
SAM,-0.079309,-0.031533,0.006012,-0.10298
SAM,-0.032724,-0.012999,0.008646,-0.037043
SAM,-0.05662,0.107052,0.008329,0.053068
SAM,-0.048405,-0.090481,0.007502,-0.128014
SAM,0.107229,0.022724,0.007947,0.141389
SAM,-0.125471,-0.048024,0.007126,-0.161536
SAM,-0.048405,0.107724,0.006473,0.060928
SAM,-0.067197,-0.05029,0.007944,-0.107071
SAM,0.011764,-0.057723,0.007114,-0.039855
SAM,-0.158656,-0.059603,0.007544,-0.202834
SAM,0.036168,-0.067595,0.008377,-0.025778
SAM,-0.060336,-0.091986,0.00529,-0.142258
SAM,-0.02982,-0.169888,0.007302,-0.188762
SAM,0.046176,-0.103405,0.005942,-0.05643
SAM,-0.027372,-0.143808,0.00668,-0.161681
SAM,-0.016822,-0.043815,0.006079,-0.054185
SAM,-0.00237,0.056933,0.008016,0.062881
SAM,-0.070033,0.198341,0.007318,0.122573
SAM,-0.116245,0.058786,0.006911,-0.057825
SAM,-0.164201,-0.215805,0.005303,-0.341094
SAM,-0.05575,0.105584,0.006319,0.050545
SAM,-0.051397,0.048042,0.006378,0.000516
SAM,0.107229,-0.040294,0.007156,0.070218
SAM,-0.094064,0.074694,0.006421,-0.020144
SAM,-0.009372,-0.016359,0.006532,-0.019213
SAM,-0.047007,0.043662,0.004413,-0.001008
SAM,-0.116245,-0.115688,0.007779,-0.212405
SAM,-0.064611,0.014309,0.005667,-0.04585
SAM,-0.00237,0.036719,0.006151,0.040623
SAM,0.106251,-0.008447,0.00737,0.104991
SAM,-0.033571,0.035855,0.007721,0.008809
SAM,-0.173381,0.097717,0.006862,-0.08638
SAM,-0.053663,0.008866,0.007209,-0.03839
SAM,-0.109538,-0.045989,0.007797,-0.143866
SAM,-0.089261,-0.043498,0.004228,-0.125193
SAM,-0.033092,-0.025531,0.007722,-0.050503
SAM,0.057162,-0.071973,0.004682,-0.014332
SAM,-0.016822,0.040945,0.006518,0.030105
SAM,-0.067197,0.00035,0.007258,-0.060098
SAM,-0.044151,0.140143,0.005865,0.096196
SAM,-0.01633,-0.025336,0.006638,-0.034889
SAM,-0.032724,0.03338,0.003659,0.003221
SAM,-0.028571,0.063136,0.005535,0.038477
SAM,0.020936,-0.011315,0.00603,0.015471
SAM,-0.164201,0.000807,0.00584,-0.158641
SAM,-0.125445,0.108428,0.006679,-0.024145
SAM,-0.012449,-0.091761,0.008551,-0.095398
SAM,-0.175474,-0.013513,0.007682,-0.180367
SAM,-0.101556,-0.040638,0.007721,-0.131412
SAM,0.026037,0.027928,0.00729,0.06238
SAM,-0.038329,0.01433,0.005404,-0.019276
SAM,-0.106383,-0.079075,0.008016,-0.170449
SAM,-0.032337,-0.157549,0.007208,-0.178916
SAM,-0.044151,0.174856,0.007354,0.131243
SAM,-0.022592,-0.009684,0.007639,-0.024663
SAM,0.026037,-0.078347,0.007341,-0.047407
SAM,-0.042143,-0.067203,0.007199,-0.100081
SAM,-0.082474,0.047639,0.006014,-0.032983
SAM,-0.106717,0.139506,0.00581,0.023815
SAM,-0.09758,-0.007201,0.005817,-0.098866
SAM,-0.058802,-0.023106,0.003922,-0.076943
SAM,-0.017076,-0.099762,0.006323,-0.109538
SAM,-0.054398,0.014526,0.007373,-0.033589
SAM,-0.099502,0.014752,0.007954,-0.07895
SAM,-0.109538,-0.001771,0.006106,-0.105688
SAM,-0.028571,0.020577,0.00673,-0.001911
SAM,-0.029976,0.061318,0.006326,0.036016
SAM,-0.042143,-0.030968,0.00706,-0.065252
SAM,-0.000619,0.061268,0.005468,0.06641
SAM,-0.015152,-0.031805,0.006307,-0.040461
SAM,-0.05575,-0.108591,0.006037,-0.153206
SAM,-0.083184,-0.033292,0.007475,-0.107081
SAM,-0.046665,-0.087325,0.005132,-0.12545
SAM,-0.027372,-0.059262,0.007215,-0.07841
SAM,-0.173381,0.103061,0.007767,-0.081107
SAM,-0.001231,0.054389,0.005394,0.058771
SAM,-0.041825,-0.067468,0.006217,-0.100916
SAM,-0.036595,-0.016192,0.006003,-0.046505
SAM,-0.047561,-0.045423,0.008461,-0.083131
SAM,-0.048405,0.069834,0.008238,0.026435
SAM,-0.050451,0.029993,0.007804,-0.014339
SAM,-0.027514,-0.129882,0.007293,-0.147651
SAM,0.084014,-0.033043,0.007774,0.056343
SAM,-0.135385,-0.014224,0.007486,-0.141302
SAM,-0.00767,0.002319,0.008492,0.003078
SAM,-0.02982,0.100195,0.006942,0.074797
SAM,-0.117899,0.088074,0.004429,-0.035959
SAM,-0.015152,0.173122,0.006407,0.162748
SAM,-0.135385,0.09419,0.007445,-0.046903
SAM,-0.039289,-0.077778,0.006574,-0.108187
SAM,-0.144467,0.003441,0.008091,-0.134578
SAM,-0.02982,0.052207,0.006063,0.02702
SAM,-0.04768,0.050932,0.0078,0.008631
SAM,-0.125445,-0.033045,0.005436,-0.149747
SAM,-0.0405,0.123041,0.007236,0.085355
SAM,-0.050451,0.01348,0.00609,-0.031791
SAM,0.065668,0.06194,0.005563,0.13797
SAM,-0.11315,0.031684,0.006842,-0.078791
SAM,-0.135385,0.102926,0.005685,-0.040973
SAM,-0.175474,-0.005048,0.007671,-0.173343
SAM,-0.10828,0.092047,0.00654,-0.019832
SAM,-0.164201,0.014872,0.006993,-0.145839
SAM,-0.089261,0.093194,0.006846,0.002431
SAM,-0.075948,-0.113003,0.007464,-0.174251
SAM,-0.118554,0.097812,0.006205,-0.026334
SAM,-0.054398,0.034012,0.00802,-0.014395
SAM,-0.044888,-0.068432,0.008944,-0.10229
SAM,-0.067197,-0.141703,0.005792,-0.194741
SAM,-0.065932,-0.056138,0.008494,-0.11088
SAM,-0.125471,-0.047647,0.006349,-0.161853
SAM,-0.032723,-0.031302,0.006395,-0.057009
SAM,-0.122843,-0.010628,0.007746,-0.125443
SAM,-0.039289,0.050536,0.005794,0.015109
SAM,-0.072339,0.043161,0.007499,-0.025043
SAM,-0.11141,-0.063042,0.007451,-0.161226
SAM,-0.044888,0.097281,0.006828,0.055182
SAM,-0.08695,0.020179,0.006789,-0.062202
SAM,-0.11315,0.077827,0.006364,-0.038046
SAM,-0.082474,0.07138,0.007623,-0.009488
SAM,-0.026949,-0.150486,0.006512,-0.167997
SAM,-0.122843,-0.026228,0.008013,-0.139006
SAM,-0.029976,-0.078275,0.008044,-0.098712
SAM,-0.150138,0.0687,0.005445,-0.086807
SAM,-0.064011,-0.002278,0.005577,-0.060936
SAM,-0.039289,0.119899,0.006714,0.083123
SAM,-0.047159,0.057103,0.005959,0.013254
SAM,-0.021919,-0.036417,0.006211,-0.051683
SAM,-0.00767,0.011417,0.006083,0.009765
SAM,-0.065932,-0.0374,0.008826,-0.09293
SAM,-0.029976,0.136413,0.008045,0.111216
SAM,-0.028571,0.02341,0.006058,0.000192
SAM,-0.044515,0.105092,0.004971,0.061148
SAM,0.00676,-0.066998,0.00633,-0.054745
SAM,-0.047402,0.040406,0.005618,-0.003344
SAM,-0.123378,-0.005106,0.007608,-0.121219
SAM,-0.197629,-0.013972,0.006959,-0.203333
SAM,-0.012449,0.002935,0.006324,-0.003287
SAM,-0.021919,-0.006467,0.006814,-0.021622
SAM,0.106251,0.007966,0.005745,0.12147
SAM,0.065668,0.022597,0.006666,0.097013
SAM,-0.158656,-0.084189,0.008531,-0.222915
SAM,-0.04768,0.126035,0.006213,0.079008
SAM,-0.085325,0.043658,0.006999,-0.038711
SAM,-0.079309,-0.030956,0.006116,-0.102354
SAM,-0.094064,-0.115063,0.0061,-0.193413
SAM,-0.125471,0.030226,0.007728,-0.092074
SAM,-0.123378,-0.022073,0.005661,-0.137875
SAM,-0.073547,-0.058043,0.006716,-0.12146
SAM,0.084014,0.020745,0.006021,0.113164
SAM,-0.116245,0.026128,0.008273,-0.085652
SAM,-0.072339,0.080256,0.006207,0.008332
SAM,-0.000619,0.108763,0.005628,0.114312
SAM,-0.150138,0.053664,0.006738,-0.098497
SAM,-0.02982,-0.047535,0.006742,-0.069708
SAM,0.046176,0.031431,0.007994,0.087685
SAM,-0.000619,-0.01787,0.006351,-0.012244
SAM,-0.118554,-0.045051,0.007322,-0.1521
SAM,-0.079309,-0.021932,0.005898,-0.094191
SAM,-0.017076,-0.055905,0.007986,-0.064615
SAM,-0.144467,0.064298,0.007782,-0.082372
SAM,-0.173381,-0.14912,0.007454,-0.291403
SAM,-0.046665,-0.060867,0.007733,-0.097768
SAM,-0.047007,0.081217,0.007158,0.037768
SAM,0.107229,0.090004,0.007014,0.215349
SAM,-0.117899,-0.108564,0.005751,-0.209142
SAM,-0.00237,-0.064209,0.006228,-0.060612
SAM,-0.082474,0.042674,0.007743,-0.035912
SAM,-0.047402,0.141863,0.007705,0.096118
SAM,-0.016822,0.017488,0.007788,0.008163
SAM,-0.017076,-0.002865,0.00647,-0.013551
SAM,-0.037154,0.005191,0.008577,-0.023854
SAM,-0.065932,0.13509,0.006728,0.067385
SAM,-0.036121,-0.065973,0.007359,-0.093086
SAM,-0.058802,-0.012499,0.009677,-0.061571
SAM,-0.033564,0.05695,0.006386,0.027998
SAM,-0.021862,0.07302,0.007619,0.057558
SAM,0.007933,0.057604,0.005388,0.071737
SAM,0.106251,0.100118,0.006529,0.224953
SAM,-0.00767,-0.060748,0.007495,-0.060966
SAM,-0.028571,-0.032913,0.006282,-0.054642
SAM,-0.089346,0.193993,0.006938,0.094858
SAM,-0.015381,-0.09457,0.007126,-0.102143
SAM,-0.015152,0.124896,0.007061,0.115674
SAM,-0.065932,0.152652,0.004695,0.08171
SAM,-0.022592,-0.009469,0.009142,-0.022996
SAM,-0.161474,-0.00488,0.005791,-0.160733
SAM,-0.099502,0.018038,0.006095,-0.077672
SAM,-0.135385,-0.014121,0.005277,-0.143096
SAM,-0.05575,-0.02601,0.005871,-0.07491
SAM,-0.028571,0.033773,0.006829,0.011095
SAM,-0.146034,0.013696,0.007884,-0.127513
SAM,-0.033564,0.032809,0.006256,0.004389
SAM,-0.039289,0.114935,0.007,0.078629
SAM,0.065668,0.08624,0.007184,0.165888
SAM,0.007933,0.065348,0.005734,0.079957
SAM,0.036168,0.00562,0.005001,0.047202
SAM,-0.083184,-0.036379,0.005894,-0.111329
SAM,0.00676,0.061042,0.008186,0.076959
SAM,-0.085325,0.028273,0.006046,-0.053778
SAM,-0.144467,0.001872,0.006109,-0.137629
SAM,-0.032724,0.063121,0.00718,0.035715
SAM,-0.03495,0.08986,0.00747,0.059626
SAM,-0.075948,0.065332,0.005687,-0.00998
SAM,-0.085325,0.051632,0.007566,-0.030821
SAM,-0.048405,0.184045,0.007318,0.134976
SAM,-0.032337,0.045713,0.006246,0.018218
SAM,-0.146034,0.024042,0.004951,-0.121173
SAM,-0.028571,-0.075061,0.007617,-0.094644
SAM,-0.027645,-0.017638,0.007171,-0.037945
SAM,-0.056492,0.105847,0.007001,0.05068
SAM,-0.00767,-0.020046,0.005431,-0.02228
SAM,-0.094247,-0.089438,0.009087,-0.167761
SAM,-0.125471,-0.020041,0.005802,-0.138026
SAM,-0.002587,0.026386,0.006266,0.030145
SAM,-0.046665,0.005423,0.007787,-0.034031
SAM,-0.101556,-0.172219,0.006912,-0.251145
SAM,-0.033571,-0.029039,0.007014,-0.055053
SAM,-0.030232,-0.017191,0.005616,-0.04155
SAM,-0.027372,0.058723,0.00554,0.035448
SAM,0.057162,-0.07837,0.007208,-0.018665
SAM,-0.070033,-0.021638,0.006418,-0.084317
SAM,-0.125445,0.086485,0.008729,-0.041514
SAM,-0.027645,-0.127442,0.00566,-0.146762
SAM,-0.09715,-0.083512,0.006431,-0.167227
SAM,-0.053663,0.077564,0.007029,0.026906
SAM,-0.02982,-0.030558,0.006396,-0.053451
SAM,-0.026949,-0.049222,0.006049,-0.069249
SAM,0.00676,-0.002546,0.006919,0.011145
SAM,-0.10828,0.018896,0.00887,-0.083371
SAM,-0.047007,-0.041684,0.0062,-0.081069
SAM,-0.012668,-0.092538,0.005234,-0.099344
SAM,-0.116245,-0.021021,0.007403,-0.128417
SAM,-0.083184,0.043409,0.006489,-0.037178
SAM,-0.002587,0.004645,0.005824,0.007881
SAM,-0.106717,-0.017314,0.007477,-0.11562
SAM,-0.173381,-0.023668,0.007329,-0.187031
SAM,-0.065288,-0.101722,0.006176,-0.155183
SAM,-0.038825,-0.124275,0.005195,-0.153903
SAM,-0.135385,0.067636,0.00778,-0.069724
SAM,-0.135542,-0.184257,0.006179,-0.290467
SAM,-0.144467,-0.064184,0.007129,-0.193672
SAM,-0.079309,0.043227,0.006731,-0.033045
SAM,-0.033092,0.008832,0.007374,-0.017359
SAM,-0.0405,0.026967,0.007104,-0.007624
SAM,-0.025556,-0.104543,0.008185,-0.120286
SAM,-0.042143,-0.013168,0.007533,-0.047635
SAM,-0.041825,-0.014774,0.004908,-0.051348
SAM,-0.094247,0.035707,0.006523,-0.055787
SAM,-0.044515,0.043541,0.007025,0.004092
SAM,-0.022592,0.023047,0.006482,0.006416
SAM,0.036168,-0.007262,0.008071,0.036946
SAM,-0.050174,0.050363,0.007346,0.004992
SAM,-0.047561,0.019184,0.004991,-0.024445
SAM,-0.015883,-0.026684,0.006523,-0.035895
SAM,-0.021919,-0.024017,0.006918,-0.038805
SAM,0.00676,-0.018044,0.006096,-0.00538
SAM,-0.042143,-0.064213,0.007576,-0.096859
SAM,-0.094247,-0.080262,0.00745,-0.160738
SAM,-0.158656,0.110177,0.007283,-0.059156
SAM,0.084014,0.008884,0.007626,0.101985
SAM,-0.000619,0.061586,0.008235,0.069666
SAM,-0.060336,-0.10983,0.007726,-0.157078
SAM,-0.015883,0.155016,0.007705,0.145428
SAM,-0.00237,-0.042315,0.006881,-0.03801
SAM,-0.079309,-0.046503,0.00632,-0.116576
SAM,-0.071798,-0.145173,0.008946,-0.19945
SAM,-0.033092,0.018591,0.007314,-0.007913
SAM,-0.10828,-0.036496,0.005935,-0.135725
SAM,-0.06369,0.096038,0.006822,0.033232
SAM,0.004722,0.010696,0.00655,0.02212
SAM,0.008402,0.155442,0.007728,0.174154
SAM,-0.064611,-0.049529,0.006587,-0.105084
SAM,-0.118554,-0.087234,0.005359,-0.191135
SAM,-0.03495,0.055795,0.007485,0.026521
SAM,-0.055397,-0.00705,0.006366,-0.056084
SAM,-0.073547,-0.020239,0.004593,-0.088129
SAM,-0.053663,-0.00883,0.007806,-0.054697
SAM,-0.055397,0.004647,0.005588,-0.045704
SAM,-0.025556,0.096026,0.005911,0.074328
SAM,-0.058802,0.045517,0.00698,-0.009093
SAM,-0.00767,0.045911,0.00704,0.045196
SAM,0.066421,-0.036408,0.006357,0.034127
SAM,-0.026949,0.032573,0.007265,0.012045
SAM,-0.099502,0.055158,0.007738,-0.042481
SAM,-0.038329,-0.043406,0.005979,-0.07457
SAM,-0.197629,-0.026568,0.006972,-0.2135
SAM,0.026037,-0.01959,0.00703,0.013009
SAM,-0.070033,0.028407,0.008096,-0.035873
SAM,0.000962,-0.002447,0.007111,0.005613
SAM,-0.099502,-0.028612,0.005054,-0.120846
SAM,-0.01633,-0.060184,0.009205,-0.067022
SAM,-0.10729,0.016772,0.007005,-0.085959
SAM,-0.038329,-0.0842,0.007148,-0.113006
SAM,-0.065288,-0.122638,0.006785,-0.174355
SAM,-0.046665,-0.090253,0.007164,-0.126493
SAM,-0.056492,-0.106397,0.007316,-0.15071
SAM,-0.032724,0.05134,0.007663,0.024728
SAM,-0.027514,-0.021877,0.006735,-0.042383
SAM,-0.144467,-0.076823,0.0045,-0.206637
SAM,-0.072339,-0.119681,0.006449,-0.178096
SAM,-0.089261,0.107319,0.006673,0.015209
SAM,-0.00767,0.018681,0.006199,0.017135
SAM,0.000962,-0.020791,0.005799,-0.014164
SAM,-0.106383,-0.023396,0.006405,-0.121701
SAM,-0.053663,0.012092,0.00774,-0.034807
SAM,0.011764,-0.056478,0.007198,-0.038506
SAM,-0.072339,-0.02274,0.00553,-0.088422
SAM,-0.17337,0.135732,0.00513,-0.056353
SAM,-0.047402,-0.019319,0.005116,-0.061025
SAM,0.107229,0.043152,0.007125,0.163237
SAM,-0.058802,0.150294,0.005372,0.08847
SAM,-0.032723,-0.110998,0.006792,-0.134248
SAM,-0.082474,-0.038266,0.00753,-0.11094
SAM,-0.074705,-0.044115,0.007272,-0.109092
SAM,0.036168,-0.030419,0.006529,0.011208
SAM,-0.089261,-0.012836,0.00843,-0.093372
SAM,-0.038825,0.029734,0.006263,-0.004046
SAM,0.007933,0.047406,0.007007,0.063112
SAM,-0.022641,0.135606,0.006488,0.117097
SAM,-0.038825,0.021301,0.006674,-0.0118
SAM,-0.107166,-0.00148,0.007693,-0.10163
SAM,0.102057,0.106893,0.007518,0.22903
SAM,-0.135385,-0.008792,0.005056,-0.138653
SAM,-0.099502,-0.092953,0.005842,-0.178434
SAM,-0.123378,0.093359,0.007698,-0.03416
SAM,-0.032337,0.117175,0.005561,0.08706
SAM,-0.107166,0.043238,0.005855,-0.063109
SAM,0.007933,-0.080008,0.007214,-0.066021
SAM,-0.118554,0.029821,0.007842,-0.08515
SAM,-0.164201,0.011331,0.007716,-0.148208
SAM,-0.009372,-0.048532,0.005258,-0.052494
SAM,-0.106717,0.066618,0.006598,-0.040922
SAM,-0.051397,-0.033603,0.006489,-0.077325
SAM,-0.04768,0.065156,0.006269,0.020728
SAM,-0.164201,0.1184,0.005294,-0.060293
SAM,-0.036121,-0.086294,0.008237,-0.112044
SAM,-0.001231,0.011592,0.006755,0.017171
SAM,-0.039289,0.089254,0.005893,0.052624
SAM,-0.039289,0.032421,0.007228,-0.000973
SAM,-0.070033,0.07929,0.006699,0.010428
SAM,-0.066542,0.043524,0.007708,-0.018406
SAM,-0.044151,0.013786,0.006378,-0.024794
SAM,-0.02982,-0.077732,0.006434,-0.099477
SAM,-0.036595,0.019273,0.006897,-0.011255
SAM,-0.175474,-0.016897,0.007561,-0.183277
SAM,-0.08695,0.068825,0.005893,-0.018358
SAM,-0.017076,0.0147,0.005474,0.002833
SAM,-0.05662,0.116304,0.007386,0.060877
SAM,-0.074705,0.077653,0.007157,0.004284
SAM,-0.058802,0.03902,0.006928,-0.015302
SAM,-0.09715,0.084859,0.00696,-0.013718
SAM,0.102057,-0.017786,0.006908,0.089933
SAM,-0.015381,0.142828,0.008228,0.134508
SAM,-0.025556,-0.029414,0.007088,-0.047516
SAM,-0.012449,-0.008693,0.006684,-0.01449
SAM,-0.063113,0.059919,0.005842,-0.001174
SAM,-0.052353,-0.070831,0.006495,-0.113756
SAM,-0.027514,-0.017583,0.007435,-0.037511
SAM,-0.052353,0.152666,0.007622,0.100646
SAM,-0.028571,-0.050393,0.005418,-0.072527
SAM,0.017133,0.031251,0.007767,0.057067
SAM,-0.071798,-0.054441,0.00676,-0.116397
SAM,-0.106717,-0.079803,0.009234,-0.170413
SAM,-0.012668,-0.02639,0.008098,-0.030939
SAM,-0.083184,-0.053304,0.006696,-0.126242
SAM,-0.10729,0.043146,0.005708,-0.063457
SAM,-0.197629,-0.038084,0.005843,-0.223676
SAM,-0.065932,0.028116,0.006337,-0.033583
SAM,-0.106717,0.163716,0.008666,0.048536
SAM,-0.012449,-0.057765,0.006559,-0.063392
SAM,-0.066542,0.08382,0.007083,0.018866
SAM,-0.089261,-0.084055,0.006722,-0.160205
SAM,-0.09758,0.002381,0.006668,-0.089399
SAM,-0.17337,-0.040489,0.006445,-0.201728
SAM,-0.11141,-0.012201,0.008325,-0.114945
SAM,0.102057,-0.132727,0.007727,-0.036831
SAM,-0.021862,-0.025139,0.005435,-0.04127
SAM,-0.027514,0.123614,0.005208,0.098389
SAM,-0.027891,-0.030778,0.007675,-0.050579
SAM,-0.002587,-0.062603,0.00794,-0.057605
SAM,-0.11315,-0.12919,0.00594,-0.223135
SAM,-0.144467,-0.034486,0.006434,-0.168657
SAM,-0.132492,0.084052,0.007966,-0.052086
SAM,-0.072339,0.071171,0.007506,0.001142
SAM,-0.029976,0.047131,0.006871,0.022722
SAM,-0.11141,-0.043388,0.007442,-0.143638
SAM,-0.05662,-0.148724,0.006623,-0.191605
SAM,0.020936,0.12833,0.006469,0.159404
SAM,-0.03495,0.139892,0.007941,0.108788
SAM,-0.082474,-0.051072,0.006212,-0.123926
SAM,-0.17337,-0.050269,0.006407,-0.209893
SAM,-0.044151,0.089462,0.008575,0.05029
SAM,-0.094064,-0.0088,0.006018,-0.096632
SAM,0.008402,-0.017991,0.008544,-0.001279
SAM,-0.116245,0.210279,0.007055,0.077137
SAM,-0.038825,-0.046396,0.006883,-0.077111
SAM,0.036168,0.129508,0.007399,0.17902
SAM,0.046176,-0.033097,0.007717,0.019357
SAM,-0.094064,0.082703,0.008241,-0.011056
SAM,-0.036595,-0.027665,0.006654,-0.057014
SAM,-0.047561,-0.003682,0.007324,-0.044119
SAM,-0.033092,-0.045089,0.006432,-0.07075
SAM,-0.094064,-0.072614,0.006331,-0.154528
SAM,-0.06369,-0.021708,0.007,-0.077604
SAM,-0.027372,0.100528,0.007613,0.078554
SAM,-0.089261,-0.109163,0.005956,-0.183847
SAM,-0.017076,0.006398,0.00528,-0.005563
SAM,-0.054398,0.060642,0.005855,0.008818
SAM,-0.002587,-0.030054,0.006398,-0.026374
SAM,-0.029976,-0.174768,0.008164,-0.19297
SAM,-0.197629,0.046332,0.006034,-0.155387
SAM,-0.122843,0.085456,0.007374,-0.040865
SAM,-0.123378,-0.079715,0.008011,-0.186795
SAM,-0.106383,-0.10541,0.006106,-0.195698
SAM,-0.082474,0.070085,0.008237,-0.010083
SAM,-0.107166,-0.064034,0.007453,-0.15811
SAM,-0.033571,0.159889,0.005908,0.127573
SAM,-0.150138,-0.028074,0.006483,-0.168642
SAM,-0.063113,0.037292,0.006084,-0.022263
SAM,-0.04768,-0.047251,0.006617,-0.086674
SAM,0.084014,0.034929,0.007272,0.130036
SAM,-0.00237,0.033061,0.006222,0.037025
SAM,-0.044515,0.037058,0.007242,-0.001931
SAM,-0.022592,0.023155,0.007051,0.007091
SAM,-0.028571,-0.063994,0.005811,-0.085453
SAM,-0.027891,0.013874,0.007247,-0.00726
SAM,-0.048405,-0.053201,0.007949,-0.09187
SAM,-0.038825,0.000983,0.006635,-0.031496
SAM,-0.046665,0.009145,0.007611,-0.030625
SAM,-0.173381,0.017665,0.005851,-0.153857
SAM,-0.04768,-0.015833,0.008415,-0.054871
SAM,-0.058802,-0.068597,0.007482,-0.116807
SAM,0.01377,-0.110038,0.007581,-0.090944
SAM,-0.058802,0.018804,0.006216,-0.035144
SAM,0.000962,-0.015807,0.007584,-0.007389
SAM,0.020936,-0.07871,0.007291,-0.052564
SAM,-0.116245,-0.058594,0.007621,-0.161687
SAM,-0.159224,0.084084,0.008179,-0.081073
SAM,-0.135385,0.017012,0.006392,-0.115055
SAM,-0.044515,-0.059845,0.008179,-0.094349
SAM,-0.038329,-0.024974,0.007643,-0.055179
SAM,-0.048405,-0.077691,0.005709,-0.117325
SAM,-0.044888,0.044231,0.008536,0.005871
SAM,-0.10828,0.039366,0.006358,-0.067284
SAM,-0.01633,0.022252,0.007094,0.012692
SAM,-0.065288,0.104385,0.007137,0.039649
SAM,0.106251,-0.010645,0.005937,0.100973
SAM,-0.075948,-0.051497,0.00776,-0.116734
SAM,-0.032337,0.034035,0.006457,0.007058
SAM,0.01377,0.024149,0.00562,0.044087
SAM,0.004722,-0.006226,0.006076,0.004532
SAM,-0.089346,-0.105108,0.005082,-0.180921
SAM,-0.06369,-0.031878,0.005563,-0.088495
SAM,-0.144467,0.002771,0.007886,-0.135331
SAM,-0.033564,0.088759,0.005364,0.057861
SAM,-0.00237,0.016768,0.007239,0.021702
SAM,-0.017076,-0.028358,0.006314,-0.03892
SAM,-0.144467,0.060649,0.007977,-0.085342
SAM,-0.04768,0.007075,0.006875,-0.034349
SAM,-0.000619,0.063693,0.005692,0.069085
SAM,-0.038415,-0.087859,0.007481,-0.116338
SAM,-0.116245,0.081312,0.006513,-0.038161
SAM,-0.06369,-0.071649,0.007566,-0.1242
SAM,0.007933,-0.100544,0.00722,-0.086864
SAM,-0.032337,0.023634,0.005839,-0.003684
SAM,-0.022592,0.069559,0.006765,0.052468
SAM,-0.000619,-0.052627,0.006324,-0.047227
SAM,-0.038415,0.049736,0.006636,0.016109
SAM,-0.015883,0.019489,0.006756,0.010074
SAM,-0.10729,-0.060279,0.0053,-0.156655
SAM,-0.04768,-0.049333,0.007192,-0.08815
SAM,-0.055397,-0.026444,0.006563,-0.07434
SAM,0.065668,-0.137328,0.005617,-0.075514
SAM,-0.046665,-0.015771,0.00573,-0.056323
SAM,-0.029976,0.012456,0.005155,-0.012831
SAM,-0.036595,0.011389,0.008843,-0.017006
SAM,-0.065932,-0.088265,0.006859,-0.142536
SAM,-0.038329,0.116925,0.007263,0.081916
SAM,-0.10729,0.069951,0.008332,-0.036886
SAM,-0.027645,-0.065013,0.009623,-0.082112
SAM,0.084014,-0.031334,0.006182,0.056538
SAM,-0.173381,-0.074781,0.006371,-0.230324
SAM,-0.03495,0.110362,0.005886,0.077861
SAM,-0.044151,-0.04349,0.006741,-0.079558
SAM,-0.083184,0.026862,0.005084,-0.05377
SAM,-0.053663,0.00644,0.0082,-0.039758
SAM,0.011764,-0.103808,0.007393,-0.086561
SAM,-0.075948,-0.119559,0.006686,-0.180987
SAM,0.01377,0.06631,0.005432,0.086865
SAM,0.011764,0.047183,0.008333,0.068332
SAM,-0.107166,0.042444,0.006453,-0.063265
SAM,-0.135385,-0.07934,0.008632,-0.197112
SAM,-0.027372,-0.001743,0.006595,-0.022664
SAM,-0.041825,0.05314,0.00697,0.016126
SAM,-0.033092,-0.003535,0.005648,-0.031068
SAM,-0.082474,-0.105952,0.008104,-0.17304
SAM,-0.038825,0.134766,0.005224,0.096406
SAM,-0.047159,0.036062,0.007674,-0.005222
SAM,-0.044515,-0.079839,0.008278,-0.113522
SAM,-0.000619,0.01344,0.005234,0.018114
SAM,-0.106717,-0.003197,0.00783,-0.102601
SAM,-0.060336,-0.042411,0.008338,-0.092686
SAM,-0.08695,0.045721,0.007332,-0.038205
SAM,-0.11141,-0.108825,0.007487,-0.202182
SAM,-0.135542,-0.159025,0.007284,-0.267717
SAM,-0.118554,-0.020818,0.006967,-0.130891
SAM,-0.025556,0.003459,0.005875,-0.016441
SAM,-0.082474,-0.073075,0.006846,-0.143701
SAM,-0.11315,0.066456,0.006597,-0.047974
SAM,-0.082474,0.080468,0.008778,5.9e-05
SAM,-0.022592,-0.024393,0.006833,-0.039918
SAM,-0.144467,-0.02788,0.006868,-0.162607
SAM,0.026037,0.140109,0.007089,0.178086
SAM,-0.038329,-0.029537,0.007351,-0.059873
SAM,-0.159224,0.022411,0.006125,-0.135117
SAM,-0.063113,0.02106,0.007851,-0.035872
SAM,-0.02982,-0.161329,0.006819,-0.18079
SAM,-0.046665,0.009623,0.007635,-0.030142
SAM,-0.11315,-0.031888,0.005997,-0.13628
SAM,-0.099502,-0.008763,0.006764,-0.101356
SAM,0.046176,-0.005552,0.008387,0.049094
SAM,-0.050451,-0.113267,0.00889,-0.150518
SAM,-0.017076,-0.033344,0.00757,-0.042657
SAM,-0.118554,0.056526,0.005782,-0.063344
SAM,-0.027514,-0.029354,0.005059,-0.051285
SAM,-0.135542,0.061588,0.00757,-0.075355
SAM,-0.146034,0.059297,0.008883,-0.087361
SAM,-0.175474,0.027764,0.006514,-0.147062
SAM,-0.021862,0.014427,0.006712,-0.001091
SAM,-0.002587,-0.040435,0.007178,-0.036048
SAM,0.000962,-0.026935,0.009419,-0.016824
SAM,-0.002587,-0.011744,0.007093,-0.007309
SAM,-0.033092,-0.030158,0.00711,-0.055584
SAM,0.020936,0.024116,0.006531,0.052385
SAM,-0.123378,0.034231,0.007014,-0.087012
SAM,-0.122843,-0.078256,0.008039,-0.184987
SAM,-0.015883,0.094098,0.006261,0.083462
SAM,0.020936,-0.063028,0.007865,-0.035888
SAM,-0.00767,-0.107005,0.007908,-0.106846
SAM,-0.144467,-0.00172,0.006117,-0.140714
SAM,-0.038415,0.029395,0.007708,-0.00252
SAM,-0.10828,-0.012475,0.008966,-0.111509
SAM,-0.106383,-0.066515,0.005689,-0.161076
SAM,-0.036595,-0.048287,0.006761,-0.076916
SAM,-0.144467,-0.044791,0.007167,-0.176931
SAM,-0.00237,0.003165,0.007296,0.008089
SAM,-0.060336,-0.130405,0.005959,-0.178004
SAM,0.065668,0.004566,0.005656,0.076588
SAM,0.102057,0.176718,0.006169,0.304811
SAM,-0.027645,-0.006668,0.007007,-0.027361
SAM,-0.158656,-0.148786,0.006438,-0.279225
SAM,-0.047402,0.043899,0.007776,0.002148
SAM,-0.02982,0.021689,0.008116,-0.000733
SAM,-0.067197,0.071245,0.006047,0.005302
SAM,-0.032723,0.075317,0.007239,0.04766
SAM,-0.071798,-0.073876,0.007005,-0.134347
SAM,-0.159224,0.004584,0.009451,-0.147388
SAM,-0.064011,-0.139269,0.006483,-0.189143
SAM,-0.037154,0.035654,0.007316,0.004471
SAM,0.004722,0.033029,0.008901,0.047145
SAM,-0.118554,-0.083603,0.004914,-0.188276
SAM,-0.118554,0.004837,0.008384,-0.106865
SAM,-0.050174,0.017463,0.006289,-0.027509
SAM,-0.033092,-0.004168,0.005453,-0.031871
SAM,-0.015883,0.003361,0.00722,-0.005446
SAM,-0.09715,-0.012508,0.00711,-0.102104
SAM,-0.101556,-0.113017,0.007525,-0.197099
SAM,0.106251,0.016302,0.007661,0.132899
SAM,0.106251,-0.074889,0.006802,0.030366
SAM,-0.032337,0.075405,0.008667,0.049648
SAM,-0.038415,0.05609,0.008302,0.023952
SAM,-0.089261,0.051038,0.007361,-0.035732
SAM,-0.015883,-0.137481,0.007269,-0.14501
SAM,-0.158656,0.000439,0.008095,-0.151473
SAM,-0.049095,-0.046226,0.006956,-0.086742
SAM,-0.047402,0.012851,0.005684,-0.029676
SAM,-0.072339,-0.032899,0.006808,-0.09675
SAM,0.036168,0.059067,0.006576,0.104588
SAM,-0.016822,-0.022158,0.007053,-0.031826
SAM,-0.042143,-0.004707,0.005733,-0.041186
SAM,-0.012449,0.016653,0.005864,0.009884
SAM,0.036168,0.083188,0.008068,0.13142
SAM,-0.027372,0.133432,0.006992,0.110116
SAM,-0.070033,-0.004882,0.006638,-0.06843
SAM,-0.032724,-0.018039,0.006493,-0.044005
SAM,-0.079309,0.047425,0.006767,-0.029119
SAM,-0.042143,-0.119893,0.007093,-0.151003
SAM,0.008402,0.083329,0.005271,0.09819
SAM,-0.05575,0.061194,0.006527,0.008572
SAM,-0.070033,-0.086838,0.007124,-0.14474
SAM,-0.049095,0.03508,0.006779,-0.009064
SAM,-0.074705,0.071257,0.005185,-0.003631
SAM,-0.074705,-0.013198,0.006952,-0.080569
SAM,-0.026949,0.069601,0.006892,0.047949
SAM,-0.118554,-0.094158,0.006234,-0.196572
SAM,-0.051397,0.044071,0.006004,-0.003646
SAM,-0.117899,-0.096617,0.007129,-0.197445
SAM,-0.022641,0.1197,0.007039,0.102052
SAM,0.008402,-0.018866,0.007394,-0.003307
SAM,-0.02982,0.011082,0.009011,-0.010229
SAM,-0.10828,-0.126907,0.007506,-0.215602
SAM,-0.047007,-0.15537,0.006206,-0.190078
SAM,0.046176,0.018705,0.008188,0.074472
SAM,0.046176,-0.017459,0.006679,0.034777
GrabCut,-0.003693,-0.037911,0.008175,-0.033628
GrabCut,0.001663,0.025148,0.008801,0.03589
GrabCut,-0.089341,-0.045139,0.007916,-0.123564
GrabCut,-0.017439,0.119526,0.007394,0.108137
GrabCut,-0.116892,0.004694,0.008044,-0.10561
GrabCut,0.109045,0.181274,0.007957,0.32051
GrabCut,0.017378,-0.077827,0.006979,-0.055254
GrabCut,-0.02376,-0.059575,0.0069,-0.075585
GrabCut,-0.042219,-0.031368,0.008017,-0.064826
GrabCut,-0.069619,0.055811,0.006639,-0.011171
GrabCut,0.009918,-0.012938,0.006281,0.003113
GrabCut,-0.057456,0.054695,0.00889,0.002934
GrabCut,-0.0299,-0.023727,0.008317,-0.045041
GrabCut,-0.029753,-0.035754,0.006914,-0.057974
GrabCut,-0.049365,-0.05584,0.007357,-0.095846
GrabCut,0.09174,-0.006023,0.0066,0.092327
GrabCut,-0.135397,-0.024429,0.008363,-0.149463
GrabCut,0.012967,0.025139,0.007257,0.045967
GrabCut,0.052534,-0.076697,0.008619,-0.019816
GrabCut,0.00403,-0.045484,0.006245,-0.035652
GrabCut,0.017378,0.159595,0.007473,0.188561
GrabCut,-0.049365,-0.074698,0.006326,-0.114811
GrabCut,-0.0299,-0.02259,0.007603,-0.044606
GrabCut,-0.012976,0.071805,0.00502,0.063208
GrabCut,-0.0299,0.016001,0.005483,-0.008974
GrabCut,-0.09714,-0.078349,0.005674,-0.163156
GrabCut,0.004755,0.044921,0.007027,0.057268
GrabCut,-0.189894,0.056965,0.005867,-0.138723
GrabCut,0.023825,0.059159,0.007687,0.092729
GrabCut,-0.193772,0.129278,0.007055,-0.083121
GrabCut,-0.013415,-0.063984,0.007234,-0.069861
GrabCut,0.081038,0.032293,0.007815,0.124668
GrabCut,0.006861,-0.034836,0.005819,-0.022559
GrabCut,-0.138821,-0.097871,0.008965,-0.21614
GrabCut,0.15297,0.038429,0.00634,0.204868
GrabCut,-0.001682,0.040911,0.007211,0.046653
GrabCut,-0.0299,-0.008265,0.006642,-0.031528
GrabCut,0.089334,0.150243,0.007558,0.262469
GrabCut,0.009918,-0.086272,0.007223,-0.070545
GrabCut,-0.04,-0.100895,0.007591,-0.130307
GrabCut,-0.037934,0.134069,0.00628,0.097901
GrabCut,0.00699,-0.013157,0.007441,0.001136
GrabCut,0.159634,-0.056386,0.007267,0.102198
GrabCut,-0.006101,-0.025685,0.007912,-0.023968
GrabCut,-0.042236,0.107871,0.005868,0.067306
GrabCut,0.000807,0.050499,0.005996,0.05765
GrabCut,-0.074769,0.065696,0.00816,-0.005939
GrabCut,-0.074494,-0.006447,0.006898,-0.074117
GrabCut,-0.008583,0.037665,0.008141,0.037134
GrabCut,-0.001682,0.033718,0.006015,0.038187
GrabCut,0.04907,-0.004926,0.006714,0.050911
GrabCut,-0.04996,-0.001651,0.007308,-0.044597
GrabCut,0.036508,0.026203,0.007643,0.071798
GrabCut,-0.029753,0.082686,0.007008,0.057835
GrabCut,0.04907,0.028716,0.005883,0.085545
GrabCut,0.008912,0.013092,0.008082,0.030381
GrabCut,0.001663,0.029572,0.004121,0.035534
GrabCut,-0.063402,-0.042672,0.006606,-0.097444
GrabCut,-0.030601,0.006402,0.006897,-0.017666
GrabCut,-0.069652,0.106929,0.006867,0.036901
GrabCut,-0.04,0.014778,0.009046,-0.017001
GrabCut,-0.029917,0.040195,0.004923,0.014043
GrabCut,-0.021553,-0.023286,0.007955,-0.036734
GrabCut,-0.011496,-0.062968,0.00856,-0.065811
GrabCut,-0.029753,0.055846,0.005137,0.029694
GrabCut,0.051062,-0.000788,0.007635,0.058252
GrabCut,-0.069619,0.019934,0.007629,-0.043833
GrabCut,0.006861,-0.051226,0.00644,-0.038564
GrabCut,-0.023363,-0.041957,0.00808,-0.05678
GrabCut,-0.193772,-0.008777,0.007562,-0.194805
GrabCut,-0.118625,-0.043765,0.007153,-0.15117
GrabCut,0.006861,-0.04119,0.00802,-0.026869
GrabCut,-0.030601,0.026476,0.007041,0.002071
GrabCut,-0.037934,-0.007513,0.007119,-0.038365
GrabCut,-0.118625,-0.013445,0.007509,-0.123946
GrabCut,-0.075416,-0.13732,0.008265,-0.195787
GrabCut,-0.03437,-0.029125,0.006266,-0.05662
GrabCut,0.000901,0.081131,0.006822,0.089487
GrabCut,-0.006141,-0.077915,0.0075,-0.076705
GrabCut,-0.017338,0.016867,0.005631,0.004864
GrabCut,0.051062,-0.047141,0.006774,0.008298
GrabCut,-0.014458,0.06498,0.008653,0.058664
GrabCut,-0.006101,-0.062775,0.006885,-0.06208
GrabCut,0.006861,0.116852,0.007686,0.133158
GrabCut,-0.135397,0.026048,0.005879,-0.10766
GrabCut,0.021183,0.069582,0.006389,0.099218
GrabCut,0.025463,-0.051773,0.007405,-0.020427
GrabCut,0.00699,0.111504,0.006969,0.127073
GrabCut,-0.013958,0.053073,0.005608,0.044197
GrabCut,-0.014739,-0.013051,0.006526,-0.02125
GrabCut,-0.030601,0.158771,0.007205,0.131405
GrabCut,-0.013048,-0.126905,0.007722,-0.131644
GrabCut,0.010118,0.003447,0.007092,0.020788
GrabCut,-0.001174,-0.155103,0.006699,-0.150442
GrabCut,-0.032045,0.102423,0.007912,0.07554
GrabCut,0.03187,0.076638,0.006146,0.117778
GrabCut,-0.008592,0.133338,0.00666,0.131083
GrabCut,0.069312,0.055822,0.008427,0.138518
GrabCut,-0.001174,0.097491,0.005705,0.102456
GrabCut,0.009918,-0.019907,0.007357,-0.002905
GrabCut,0.012967,-0.083606,0.008116,-0.064189
GrabCut,0.042373,0.033669,0.006148,0.084092
GrabCut,-0.08941,-0.101563,0.006836,-0.1763
GrabCut,-0.022189,-0.056231,0.008936,-0.068926
GrabCut,-0.008592,-0.079142,0.005912,-0.081657
GrabCut,-0.037934,0.058813,0.008562,0.027369
GrabCut,-0.032045,0.091387,0.007644,0.064489
GrabCut,0.086711,0.021045,0.007808,0.118245
GrabCut,0.15297,-0.01619,0.005078,0.140064
GrabCut,-0.013415,-0.10531,0.007345,-0.110829
GrabCut,0.009918,0.066272,0.005419,0.082683
GrabCut,0.15297,-0.177621,0.006397,-0.045755
GrabCut,0.086711,-0.051432,0.006343,0.037358
GrabCut,0.00403,-0.004372,0.007257,0.006895
GrabCut,0.006861,0.027318,0.007227,0.041841
GrabCut,-0.063402,-0.104654,0.006312,-0.156127
GrabCut,-0.061071,-0.016241,0.006875,-0.069969
GrabCut,0.09174,0.041073,0.007337,0.144921
GrabCut,0.008912,0.080359,0.006486,0.097057
GrabCut,-0.064868,-0.088725,0.005316,-0.143307
GrabCut,-0.012976,0.029214,0.006403,0.022364
GrabCut,-0.04996,0.008368,0.006627,-0.035662
GrabCut,-0.061071,-0.084971,0.006597,-0.135185
GrabCut,-0.013048,-0.134021,0.008088,-0.138408
GrabCut,-0.013415,-0.040445,0.008157,-0.045596
GrabCut,0.009918,0.091242,0.006721,0.109473
GrabCut,-0.026697,-0.089984,0.006653,-0.108386
GrabCut,0.010717,-0.050032,0.007506,-0.032644
GrabCut,0.014254,-0.071814,0.00818,-0.050882
GrabCut,0.036508,-0.129347,0.005913,-0.092225
GrabCut,-0.07128,0.064667,0.006607,-0.00469
GrabCut,0.146161,0.000489,0.006343,0.153996
GrabCut,-0.026327,-0.132925,0.005186,-0.151374
GrabCut,0.04907,-0.028444,0.006709,0.026068
GrabCut,0.096732,0.008901,0.00864,0.116055
GrabCut,0.089334,0.03317,0.006625,0.132923
GrabCut,0.00847,-0.03588,0.008442,-0.019506
GrabCut,0.186751,-0.049317,0.009104,0.138495
GrabCut,0.042373,0.079098,0.00806,0.133888
GrabCut,0.055934,-0.010817,0.005906,0.050681
GrabCut,-0.04,-0.06379,0.00615,-0.095711
GrabCut,-0.032655,-0.007412,0.006796,-0.0333
GrabCut,0.159634,0.009284,0.007973,0.179732
GrabCut,-0.049837,-0.048169,0.005682,-0.090468
GrabCut,-0.001682,-0.060704,0.007455,-0.055293
GrabCut,0.014254,0.046964,0.005138,0.067343
GrabCut,-0.064868,0.008189,0.008404,-0.049286
GrabCut,0.189625,0.045664,0.007822,0.253679
GrabCut,0.001906,0.087463,0.008078,0.098337
GrabCut,-0.063402,-0.014541,0.00645,-0.071068
GrabCut,0.032569,-0.026161,0.00635,0.011941
GrabCut,-0.135397,0.016016,0.005903,-0.116364
GrabCut,0.168041,0.137418,0.006953,0.337788
GrabCut,0.034225,0.026197,0.006066,0.067757
GrabCut,0.055934,-0.012074,0.007116,0.050608
GrabCut,-0.057246,-0.091971,0.00737,-0.137643
GrabCut,-0.001682,0.006257,0.007505,0.012104
GrabCut,0.118468,-0.045389,0.006297,0.074425
GrabCut,0.03187,0.129495,0.007596,0.174345
GrabCut,0.096732,-0.155885,0.00702,-0.067733
GrabCut,-0.042236,-0.013432,0.005619,-0.049791
GrabCut,-0.019313,0.022127,0.007425,0.00983
GrabCut,-0.116892,-0.051993,0.008977,-0.155293
GrabCut,0.025463,0.038686,0.007927,0.073578
GrabCut,-0.017314,0.010457,0.005265,-0.00181
GrabCut,0.00403,-0.13995,0.006913,-0.130515
GrabCut,0.030891,0.162263,0.007829,0.207548
GrabCut,-0.029753,0.007345,0.008265,-0.014548
GrabCut,-0.013048,-0.043007,0.00437,-0.051367
GrabCut,0.09174,-0.032394,0.006136,0.062856
GrabCut,0.038545,0.040143,0.00689,0.087679
GrabCut,0.09174,0.036861,0.008746,0.141883
GrabCut,0.00403,0.100108,0.007789,0.113144
GrabCut,-0.017439,-0.091726,0.006745,-0.101545
GrabCut,-0.049837,0.101126,0.00797,0.054587
GrabCut,0.001906,0.016517,0.006964,0.025547
GrabCut,-0.014739,-0.004639,0.005802,-0.01362
GrabCut,-0.006101,0.054433,0.00632,0.054623
GrabCut,-0.108805,-0.078171,0.005523,-0.173934
GrabCut,0.189625,-0.018491,0.007597,0.176498
GrabCut,-0.057246,-0.023285,0.005844,-0.073818
GrabCut,-0.049365,-0.051299,0.006867,-0.091939
GrabCut,-0.003693,-0.015374,0.006002,-0.013122
GrabCut,-0.063402,0.064632,0.00699,0.004103
GrabCut,-0.074769,0.003362,0.006499,-0.065626
GrabCut,-0.003693,0.046127,0.0079,0.050497
GrabCut,-0.001174,0.042751,0.007625,0.049468
GrabCut,0.009918,-0.089672,0.00793,-0.073353
GrabCut,0.042373,0.071829,0.006044,0.123998
GrabCut,-0.118625,0.082973,0.006857,-0.038949
GrabCut,-0.118625,-0.035414,0.007844,-0.14317
GrabCut,-0.038698,-0.009296,0.006791,-0.041167
GrabCut,-0.026697,0.020941,0.00902,0.002648
GrabCut,-0.04,0.025612,0.007334,-0.008191
GrabCut,-0.001174,0.074773,0.006663,0.080663
GrabCut,0.186751,-0.001583,0.008026,0.194382
GrabCut,-0.010882,0.051866,0.007151,0.047859
GrabCut,0.022616,0.017613,0.006091,0.046966
GrabCut,-0.037934,0.024999,0.006565,-0.007411
GrabCut,0.028866,-0.036556,0.007028,-0.00178
GrabCut,0.035214,0.0246,0.005063,0.066051
GrabCut,-0.033855,0.007142,0.008813,-0.018379
GrabCut,0.118468,-0.150129,0.007325,-0.042484
GrabCut,-0.047918,0.02401,0.008322,-0.016945
GrabCut,-0.006141,0.018206,0.00746,0.019502
GrabCut,-0.037934,0.022403,0.005253,-0.011214
GrabCut,0.00847,0.059817,0.008024,0.07737
GrabCut,0.130845,0.085319,0.006484,0.235285
GrabCut,-0.033855,0.09901,0.006326,0.06852
GrabCut,0.168041,0.021732,0.006938,0.201705
GrabCut,-0.010882,-0.084738,0.008771,-0.086757
GrabCut,0.035529,0.056785,0.007047,0.102043
GrabCut,-0.032655,0.110286,0.006333,0.080831
GrabCut,0.069312,-0.047343,0.007448,0.026275
GrabCut,0.081038,-0.06009,0.006031,0.022205
GrabCut,-0.006141,-0.041578,0.007986,-0.039857
GrabCut,0.00699,0.049409,0.006381,0.063488
GrabCut,-0.03437,-0.117959,0.005261,-0.143794
GrabCut,-0.089341,-0.051422,0.005987,-0.130996
GrabCut,-0.049365,0.102404,0.00617,0.05445
GrabCut,0.042955,0.03764,0.005412,0.088069
GrabCut,-0.057456,0.135651,0.006223,0.077063
GrabCut,0.186751,0.155496,0.004534,0.377504
GrabCut,0.042955,-0.03948,0.00733,0.009122
GrabCut,0.00847,0.087978,0.006603,0.104437
GrabCut,-0.010882,0.004335,0.005318,-0.001312
GrabCut,-0.013958,-0.034384,0.007822,-0.040414
GrabCut,0.012967,-0.105414,0.006941,-0.087524
GrabCut,0.03115,-0.057949,0.006323,-0.022462
GrabCut,0.186751,0.018948,0.007556,0.218375
GrabCut,0.030891,-0.095233,0.007508,-0.060281
GrabCut,0.038545,-0.124068,0.008261,-0.08279
GrabCut,-0.108805,0.220989,0.008578,0.097473
GrabCut,0.050897,-0.014616,0.007668,0.043477
GrabCut,0.036508,-0.070705,0.006052,-0.030948
GrabCut,-0.032045,0.007154,0.008248,-0.017079
GrabCut,-0.04996,0.007557,0.008192,-0.034939
GrabCut,0.025463,0.013916,0.005381,0.045329
GrabCut,0.096732,-0.098608,0.008596,-0.002917
GrabCut,0.087499,0.020651,0.007419,0.118191
GrabCut,-0.074494,0.073204,0.006456,-0.000331
GrabCut,-0.014305,0.001782,0.00659,-0.006041
GrabCut,0.130845,-0.008492,0.007392,0.129529
GrabCut,-0.06839,-0.052051,0.007319,-0.110417
GrabCut,-0.001174,0.038316,0.00691,0.044264
GrabCut,-0.059721,-0.00934,0.006946,-0.062033
GrabCut,0.109045,-0.015005,0.007264,0.100339
GrabCut,-0.019313,0.162473,0.006408,0.147328
GrabCut,0.046263,0.105049,0.007946,0.165359
GrabCut,-0.049365,0.171369,0.005275,0.119418
GrabCut,-0.012976,-0.026552,0.006925,-0.032529
GrabCut,0.04907,-0.046497,0.007098,0.007391
GrabCut,-0.06839,0.123388,0.005763,0.052591
GrabCut,-0.029753,-0.016443,0.007138,-0.038895
GrabCut,-0.032655,0.015929,0.006752,-0.01061
GrabCut,0.001663,-0.140738,0.007667,-0.132711
GrabCut,-0.013048,0.104905,0.00647,0.097544
GrabCut,-0.02376,-0.082162,0.007906,-0.096886
GrabCut,0.050897,0.010465,0.005615,0.067857
GrabCut,-0.029917,0.097159,0.006452,0.071202
GrabCut,-0.011496,0.007787,0.006049,0.002228
GrabCut,-0.042236,-0.012012,0.005489,-0.048546
GrabCut,-0.026421,0.05679,0.005373,0.034396
GrabCut,-0.115385,0.023339,0.006828,-0.088557
GrabCut,-0.09653,0.069349,0.009769,-0.024437
GrabCut,-0.03437,0.124895,0.00541,0.092109
GrabCut,0.096732,-0.10791,0.006376,-0.015378
GrabCut,0.046263,0.068632,0.006709,0.125572
GrabCut,-0.037934,-0.145371,0.006592,-0.172372
GrabCut,-0.0299,0.017178,0.00791,-0.00543
GrabCut,0.046263,-0.014426,0.006682,0.038061
GrabCut,0.014254,0.007048,0.005709,0.027233
GrabCut,-0.181941,0.02817,0.007044,-0.152971
GrabCut,-0.189894,0.025292,0.007941,-0.162809
GrabCut,-0.031638,0.146852,0.005321,0.116478
GrabCut,0.186751,0.00877,0.006648,0.205117
GrabCut,-0.09653,-0.0939,0.006916,-0.175704
GrabCut,-0.000477,0.113047,0.006993,0.120296
GrabCut,0.035214,-0.002038,0.006555,0.039877
GrabCut,0.03115,-0.050529,0.007731,-0.013384
GrabCut,-0.04996,0.033271,0.006426,-0.012043
GrabCut,0.00699,-0.035817,0.006403,-0.022861
GrabCut,-0.047918,0.003386,0.006266,-0.038709
GrabCut,-0.064868,-0.05201,0.007011,-0.107289
GrabCut,-0.03437,0.067433,0.00637,0.037311
GrabCut,-0.030601,0.039506,0.00807,0.015828
GrabCut,-0.074769,-0.009281,0.005803,-0.078036
GrabCut,-0.06839,0.156574,0.00684,0.084846
GrabCut,0.034225,-0.023699,0.00722,0.017004
GrabCut,-0.006141,-0.085577,0.007257,-0.084597
GrabCut,0.036508,0.034903,0.006817,0.079998
GrabCut,-0.005359,0.042291,0.005135,0.042029
GrabCut,0.15297,-0.036802,0.006583,0.117849
GrabCut,-0.006141,-0.09134,0.00667,-0.090897
GrabCut,0.159634,0.011712,0.008551,0.183248
GrabCut,0.042955,0.066689,0.007347,0.120682
GrabCut,-0.061071,0.062801,0.008433,0.006311
GrabCut,-0.008592,0.009448,0.006487,0.007266
GrabCut,-0.059721,0.091582,0.006287,0.032845
GrabCut,-0.0299,-0.143415,0.006901,-0.163292
GrabCut,0.00699,-0.00289,0.006326,0.010431
GrabCut,0.146161,-0.067004,0.006845,0.076684
GrabCut,0.028866,0.034812,0.009027,0.074293
GrabCut,-0.014458,0.034094,0.005999,0.025257
GrabCut,-0.063402,-0.010901,0.006451,-0.067635
GrabCut,-0.063402,0.041022,0.006342,-0.018798
GrabCut,-0.026421,-0.059825,0.006122,-0.079061
GrabCut,-0.022189,-0.023874,0.006707,-0.039131
GrabCut,0.000901,0.006774,0.007144,0.01488
GrabCut,0.055934,-0.045168,0.006264,0.014556
GrabCut,0.130845,-0.025404,0.0072,0.110052
GrabCut,-0.057246,0.105412,0.007468,0.049914
GrabCut,-0.063402,0.02698,0.006713,-0.031675
GrabCut,-0.04996,0.005326,0.007199,-0.038025
GrabCut,0.004755,-1.5e-05,0.005257,0.010021
GrabCut,-0.029753,0.089637,0.005777,0.063326
GrabCut,-0.059721,-0.127953,0.006915,-0.174363
GrabCut,0.03187,0.048885,0.007017,0.089908
GrabCut,-0.003693,-0.015338,0.005442,-0.013635
GrabCut,-0.012976,-0.037627,0.006073,-0.044346
GrabCut,0.022616,0.107334,0.007455,0.14082
GrabCut,-0.014458,-0.037713,0.007519,-0.044494
GrabCut,0.046263,0.021057,0.007551,0.076361
GrabCut,-0.014739,0.02998,0.007751,0.022665
GrabCut,-0.005359,0.039164,0.006748,0.04057
GrabCut,-0.029917,-0.070221,0.005951,-0.09267
GrabCut,-0.014458,-0.004653,0.007007,-0.01217
GrabCut,-0.030601,-0.050422,0.009352,-0.070871
GrabCut,-0.042236,0.017521,0.00662,-0.019003
GrabCut,-0.04,-0.093155,0.009106,-0.121501
GrabCut,-0.031638,-0.058014,0.009008,-0.0796
GrabCut,0.036508,0.010292,0.006546,0.05403
GrabCut,-0.010882,0.010627,0.008192,0.007818
GrabCut,-0.108805,0.121613,0.008644,0.008216
GrabCut,-0.032655,-0.083505,0.008397,-0.105988
GrabCut,0.008745,0.09362,0.006438,0.110287
GrabCut,-0.09714,-0.005703,0.005718,-0.097155
GrabCut,-0.001174,-0.034952,0.005781,-0.030512
GrabCut,0.035214,0.11182,0.007225,0.159287
GrabCut,-0.038698,-0.014994,0.006534,-0.046924
GrabCut,-0.030601,0.092785,0.006506,0.066237
GrabCut,-0.073834,0.043439,0.00828,-0.0256
GrabCut,-0.012976,-0.048237,0.006028,-0.054924
GrabCut,-0.089341,-0.065402,0.00631,-0.14353
GrabCut,0.15297,-0.015113,0.006509,0.142936
GrabCut,-0.069619,-0.054631,0.006941,-0.114342
GrabCut,-0.115385,-0.002897,0.00665,-0.112082
GrabCut,-0.026421,0.014876,0.00769,-0.004339
GrabCut,0.000807,0.105575,0.009231,0.116682
GrabCut,-0.057246,-0.045737,0.006904,-0.094154
GrabCut,0.035529,0.063965,0.007364,0.10988
GrabCut,-0.008583,0.118274,0.006927,0.116356
GrabCut,-0.011496,-0.016907,0.005445,-0.022917
GrabCut,-0.005359,0.054246,0.00803,0.057016
GrabCut,-0.049837,0.065517,0.006682,0.019179
GrabCut,0.001663,0.088303,0.007061,0.097809
GrabCut,-0.006141,0.057001,0.008525,0.059465
GrabCut,0.00847,0.109687,0.005995,0.125795
GrabCut,-0.022189,-0.010252,0.006775,-0.025657
GrabCut,0.017378,0.063678,0.005597,0.088219
GrabCut,-0.032655,-0.029753,0.005702,-0.056084
GrabCut,-0.026421,0.087521,0.00831,0.067586
GrabCut,-0.006101,-0.157253,0.005447,-0.157833
GrabCut,0.055934,-0.0305,0.007751,0.031664
GrabCut,0.04907,0.104642,0.006924,0.166871
GrabCut,-0.012976,-0.087677,0.008438,-0.091917
GrabCut,0.030891,-0.004027,0.006399,0.03331
GrabCut,-0.014458,0.090527,0.005002,0.080135
GrabCut,-0.189894,0.226293,0.007575,0.000952
GrabCut,-0.108805,-0.06738,0.007064,-0.162983
GrabCut,-0.029917,-8.1e-05,0.004611,-0.025523
GrabCut,0.052534,-0.065947,0.006629,-0.01036
GrabCut,0.036508,-0.012377,0.006843,0.030684
GrabCut,0.022616,-0.075617,0.007292,-0.047818
GrabCut,0.001906,-0.001665,0.006351,0.00659
GrabCut,0.051062,-0.087498,0.007198,-0.034001
GrabCut,-0.135397,-0.056526,0.007468,-0.178178
GrabCut,-0.075416,0.145824,0.007515,0.067372
GrabCut,0.006861,0.075426,0.005749,0.08903
GrabCut,-0.029917,0.016829,0.006827,-0.006858
GrabCut,-0.001682,0.04728,0.007178,0.053024
GrabCut,-0.032045,0.024026,0.005493,-0.003344
GrabCut,-0.031638,-0.090819,0.00951,-0.111211
GrabCut,-0.064868,0.061198,0.007361,-0.000335
GrabCut,-0.064868,0.092897,0.006055,0.028192
GrabCut,0.159634,-0.018703,0.008287,0.147376
GrabCut,-0.057456,-0.050168,0.005945,-0.099419
GrabCut,-0.014305,-0.145883,0.008415,-0.151017
GrabCut,-0.006141,-0.105687,0.00664,-0.105278
GrabCut,-0.115385,0.025861,0.00594,-0.087117
GrabCut,0.017378,-0.044221,0.006448,-0.021342
GrabCut,0.159634,0.079762,0.007937,0.262067
GrabCut,-0.04996,0.045542,0.0079,0.001154
GrabCut,0.03115,-0.053161,0.00687,-0.016959
GrabCut,-0.032045,0.012209,0.007131,-0.01324
GrabCut,-0.046296,0.02335,0.006808,-0.017383
GrabCut,-0.057246,-0.077339,0.0089,-0.122416
GrabCut,-0.026697,0.017098,0.007378,-0.002752
GrabCut,0.109045,0.095004,0.006829,0.222703
GrabCut,-0.001174,-0.080519,0.007483,-0.074726
GrabCut,-0.016954,-0.018812,0.007192,-0.028509
GrabCut,0.00699,-0.029013,0.005178,-0.017163
GrabCut,-0.061071,-0.092632,0.00645,-0.142551
GrabCut,0.035214,0.044243,0.005962,0.08746
GrabCut,-0.04,-0.029411,0.005294,-0.063302
GrabCut,0.006861,-0.015526,0.006276,-0.002551
GrabCut,-0.063402,-0.021291,0.00621,-0.07765
GrabCut,-0.074769,0.011326,0.007068,-0.057677
GrabCut,0.146161,0.030464,0.008038,0.190571
GrabCut,-0.03437,-0.034463,0.006627,-0.06147
GrabCut,-0.07128,-0.01551,0.007816,-0.078538
GrabCut,0.009918,-0.085801,0.006921,-0.070344
GrabCut,-0.08941,-0.03268,0.006123,-0.113774
GrabCut,-0.014458,-0.095506,0.006996,-0.102347
GrabCut,0.036508,0.076243,0.006264,0.122522
GrabCut,-0.042236,-0.000325,0.005911,-0.036887
GrabCut,0.012967,0.056586,0.007175,0.077967
GrabCut,-0.116892,-0.161777,0.005731,-0.255516
GrabCut,-0.033855,-0.22055,0.005711,-0.242638
GrabCut,-0.061071,0.000356,0.007033,-0.054131
GrabCut,0.021183,0.071603,0.008253,0.103334
GrabCut,0.017378,-0.005013,0.006413,0.018769
GrabCut,-0.09653,-0.057466,0.008214,-0.141454
GrabCut,0.010717,0.004115,0.006363,0.021334
GrabCut,0.028866,-0.039915,0.006665,-0.005618
GrabCut,-0.001682,0.116278,0.00641,0.121543
GrabCut,-0.037934,0.054829,0.006237,0.021144
GrabCut,-0.181941,0.092894,0.006601,-0.100047
GrabCut,-0.047918,0.034085,0.006189,-0.009373
GrabCut,0.089334,-0.053458,0.007222,0.038548
GrabCut,0.03115,0.181142,0.005529,0.224668
GrabCut,-0.032045,-0.053162,0.008013,-0.076159
GrabCut,-0.04,0.108808,0.006355,0.071221
GrabCut,-0.017338,-0.054263,0.00612,-0.064972
GrabCut,0.03187,-0.070324,0.007373,-0.033623
GrabCut,0.118468,0.038541,0.007067,0.169784
GrabCut,0.004755,0.028451,0.008079,0.04169
GrabCut,-0.074494,0.031151,0.006938,-0.039043
GrabCut,0.096732,-0.046091,0.007595,0.054129
GrabCut,-0.013415,-0.036083,0.006476,-0.042855
GrabCut,0.021183,-0.153226,0.006931,-0.129296
GrabCut,-0.064868,0.058138,0.007005,-0.003569
GrabCut,-0.001174,-0.057069,0.003891,-0.054512
GrabCut,0.010717,0.125183,0.006075,0.144151
GrabCut,0.03115,-0.045507,0.005902,-0.009965
GrabCut,-0.005781,0.068531,0.006878,0.069661
GrabCut,-0.189894,-0.028199,0.007438,-0.206883
GrabCut,0.042373,0.037921,0.005832,0.08821
GrabCut,-0.031097,-0.070025,0.006858,-0.092765
GrabCut,0.09174,-0.002385,0.007287,0.097073
GrabCut,-0.008583,-0.030324,0.007421,-0.031512
GrabCut,-0.074494,0.075326,0.005934,0.001126
GrabCut,-0.04,0.100999,0.007619,0.065013
GrabCut,-0.011496,-0.063168,0.005435,-0.068905
GrabCut,-0.075416,0.08752,0.007704,0.01325
GrabCut,-0.193772,-0.006459,0.007022,-0.193355
GrabCut,-0.038698,-0.034822,0.008258,-0.06451
GrabCut,-0.029753,0.005794,0.007402,-0.016908
GrabCut,-0.049365,0.192397,0.008114,0.142732
GrabCut,-0.03437,-0.101758,0.00679,-0.126741
GrabCut,0.046263,0.074383,0.006133,0.130982
GrabCut,-0.008592,-0.057753,0.00925,-0.057208
GrabCut,0.001906,-0.002959,0.006906,0.00584
GrabCut,0.032569,-0.076817,0.006174,-0.040865
GrabCut,-0.001174,-0.043626,0.00719,-0.037881
GrabCut,0.035214,-0.135335,0.007964,-0.097758
GrabCut,0.052534,-0.032707,0.007561,0.025807
GrabCut,0.038545,0.026635,0.006935,0.073601
GrabCut,0.086711,0.085571,0.005957,0.186729
GrabCut,0.004755,-0.089197,0.007601,-0.07791
GrabCut,0.042373,0.119832,0.007126,0.1756
GrabCut,-0.014305,0.033584,0.005943,0.024853
GrabCut,-0.033855,-0.064681,0.007439,-0.089624
GrabCut,-0.138821,-0.051248,0.010408,-0.174451
GrabCut,0.087499,0.068734,0.008343,0.171944
GrabCut,-0.013048,0.014269,0.009114,0.010158
GrabCut,0.023825,0.007425,0.005703,0.037309
GrabCut,-0.001174,-0.048384,0.007268,-0.042593
GrabCut,-0.03437,0.04544,0.008924,0.018517
GrabCut,-0.005359,0.010841,0.00622,0.011678
GrabCut,0.052534,0.023239,0.007248,0.084801
GrabCut,0.096732,-0.006665,0.008275,0.098438
GrabCut,-0.005359,-0.027481,0.007221,-0.025708
GrabCut,-0.042219,-0.019828,0.007128,-0.054519
GrabCut,-0.073834,-0.143284,0.005803,-0.201935
GrabCut,-0.064868,-0.078693,0.00745,-0.132038
GrabCut,0.130845,0.133541,0.00565,0.289102
GrabCut,-0.023363,-0.010329,0.00808,-0.025641
GrabCut,-0.073834,-0.068573,0.00804,-0.130408
GrabCut,-0.005359,-0.134379,0.008952,-0.13131
GrabCut,-0.061071,-0.016306,0.006661,-0.070229
GrabCut,-0.04996,0.008838,0.006069,-0.035747
GrabCut,-0.033855,-0.00236,0.006714,-0.029664
GrabCut,0.023825,-0.037085,0.006043,-0.008186
GrabCut,-0.0299,0.026175,0.008362,0.003816
GrabCut,-0.010882,0.13023,0.007156,0.12593
GrabCut,-0.032655,0.057787,0.006897,0.030303
GrabCut,0.030891,0.057253,0.007193,0.097753
GrabCut,-0.005359,0.141018,0.006734,0.142546
GrabCut,0.186751,-0.085879,0.006586,0.091978
GrabCut,-0.04,-0.066393,0.005515,-0.098794
GrabCut,0.008745,-0.126746,0.008195,-0.11189
GrabCut,0.010717,-0.010748,0.006975,0.006828
GrabCut,-0.023363,0.073532,0.005972,0.054713
GrabCut,-0.118625,0.138346,0.005818,0.009147
GrabCut,-0.000477,-0.052467,0.004568,-0.048593
GrabCut,-0.0299,-0.019685,0.007209,-0.042141
GrabCut,-0.006141,0.033123,0.006399,0.033348
GrabCut,0.052534,-0.028511,0.006521,0.029193
GrabCut,-0.006141,0.043606,0.0065,0.043938
GrabCut,0.052534,0.060825,0.005773,0.123
GrabCut,0.042955,-0.019843,0.008963,0.031422
GrabCut,-0.031638,-0.089328,0.006865,-0.112086
GrabCut,-0.138821,0.10455,0.009145,-0.040086
GrabCut,0.012967,0.039525,0.006048,0.059373
GrabCut,-0.02376,-0.021386,0.00611,-0.038801
GrabCut,-0.031097,-0.093711,0.008387,-0.11453
GrabCut,-0.022189,-0.071104,0.005049,-0.087129
GrabCut,0.008912,-0.00537,0.005292,0.008805
GrabCut,0.00847,-0.042988,0.007004,-0.028123
GrabCut,-0.135397,-0.011949,0.005619,-0.140928
GrabCut,0.038545,-0.061693,0.006853,-0.018848
GrabCut,0.086711,-0.141107,0.005546,-0.061454
GrabCut,-0.016954,-0.129279,0.005425,-0.139397
GrabCut,-0.032045,0.05657,0.006167,0.02902
GrabCut,-0.021553,0.05271,0.00686,0.037087
GrabCut,0.046263,-0.05862,0.006384,-0.00878
GrabCut,-0.059721,0.05797,0.006055,0.000811
GrabCut,-0.069652,0.02991,0.005493,-0.036562
GrabCut,-0.089341,-0.059555,0.006731,-0.137811
GrabCut,0.036508,-0.084501,0.006873,-0.044555
GrabCut,-0.017338,-0.034258,0.008326,-0.043101
GrabCut,-0.037934,-0.042294,0.007674,-0.071553
GrabCut,0.130845,-0.035303,0.005929,0.097391
GrabCut,0.00403,0.07336,0.006228,0.084398
GrabCut,-0.031097,0.129274,0.007942,0.102847
GrabCut,0.069312,-0.02383,0.007318,0.051469
GrabCut,-0.09653,0.042641,0.007185,-0.051236
GrabCut,0.010717,-0.063472,0.005479,-0.04825
GrabCut,-0.006141,0.004506,0.007374,0.005698
GrabCut,0.008745,-0.070374,0.008149,-0.054603
GrabCut,-0.010882,-0.063066,0.007711,-0.066116
GrabCut,0.189625,0.083779,0.007499,0.29896
GrabCut,-0.08941,0.087356,0.007425,-0.002512
GrabCut,-0.030601,-0.003844,0.00742,-0.027162
GrabCut,-0.02376,-0.001119,0.004565,-0.0204
GrabCut,0.023825,0.091525,0.007366,0.125762
GrabCut,-0.074769,-0.022786,0.006573,-0.089909
GrabCut,0.008912,0.027303,0.007814,0.044556
GrabCut,-0.0299,0.114875,0.007105,0.089224
GrabCut,-0.115385,-0.067111,0.007499,-0.168564
GrabCut,-0.115385,-0.058002,0.005982,-0.161709
GrabCut,0.035529,-0.041092,0.006121,-0.000945
GrabCut,0.032569,0.112542,0.006363,0.156086
GrabCut,-0.059721,0.0043,0.007492,-0.048603
GrabCut,0.130845,0.034057,0.007874,0.178566
GrabCut,0.15297,0.038888,0.006662,0.205786
GrabCut,-0.030601,-0.116388,0.006781,-0.137618
GrabCut,-0.189894,-0.105556,0.007345,-0.270083
GrabCut,0.000901,-0.01821,0.006021,-0.011409
GrabCut,-0.116892,-0.064684,0.007499,-0.167821
GrabCut,-0.08941,-0.005296,0.007046,-0.08785
GrabCut,-0.013048,0.028037,0.008048,0.022789
GrabCut,-0.09714,0.068387,0.004738,-0.030825
GrabCut,0.025463,-0.045428,0.006315,-0.01494
GrabCut,-0.005359,0.028378,0.005787,0.028786
GrabCut,-0.037934,0.00908,0.008666,-0.020786
GrabCut,-0.031638,-0.041064,0.004661,-0.067075
GrabCut,-0.06839,-0.066026,0.006091,-0.124601
GrabCut,0.009918,-0.022155,0.006889,-0.005654
GrabCut,0.025463,-0.012327,0.005688,0.018583
GrabCut,-0.08941,-0.083915,0.006786,-0.160162
GrabCut,0.035214,-0.059737,0.006985,-0.019828
GrabCut,-0.016954,-0.05856,0.008666,-0.066501
GrabCut,-0.005781,0.00696,0.007572,0.008719
GrabCut,-0.073834,0.028989,0.006068,-0.041202
GrabCut,-0.059721,-0.08194,0.007896,-0.129951
GrabCut,-0.031638,-0.034633,0.00633,-0.059259
GrabCut,-0.030601,0.003503,0.005676,-0.021683
GrabCut,0.069312,-0.052754,0.00698,0.019972
GrabCut,0.004755,-0.00631,0.008276,0.006678
GrabCut,-0.005781,-0.087709,0.005221,-0.088248
GrabCut,-0.049837,-0.005302,0.007734,-0.047566
GrabCut,-0.037934,-0.060353,0.007533,-0.089188
GrabCut,0.052534,0.039413,0.007842,0.102597
GrabCut,-0.014739,0.030626,0.007013,0.022558
GrabCut,-0.138821,-0.053808,0.006714,-0.179688
GrabCut,-0.008592,0.074576,0.005931,0.071661
GrabCut,0.000901,0.036189,0.008708,0.046155
GrabCut,-0.09714,0.190353,0.007924,0.083238
GrabCut,0.130845,-0.118976,0.006351,0.002629
GrabCut,-0.008592,-0.079777,0.006716,-0.081557
GrabCut,-0.010882,-0.163132,0.00847,-0.165228
GrabCut,-0.014458,0.095632,0.005774,0.086025
GrabCut,-0.138821,-0.048473,0.008269,-0.173788
GrabCut,-0.074494,-0.098178,0.006816,-0.159669
GrabCut,-0.040087,-0.021679,0.006305,-0.054976
GrabCut,-0.013415,-0.019854,0.005689,-0.027501
GrabCut,0.189625,-0.002932,0.006264,0.193567
GrabCut,0.035529,0.01095,0.008484,0.055749
GrabCut,-0.135397,0.018739,0.005653,-0.114215
GrabCut,-0.026697,0.09858,0.007129,0.076874
GrabCut,0.09174,-0.040793,0.007042,0.054579
GrabCut,-0.006101,0.053065,0.006935,0.053899
GrabCut,0.035214,-0.021907,0.005891,0.018501
GrabCut,-0.057246,0.021989,0.007674,-0.029122
GrabCut,0.168041,0.07697,0.007261,0.267078
GrabCut,0.189625,0.200948,0.007024,0.438714
GrabCut,-0.001682,0.127574,0.005679,0.13207
GrabCut,0.087499,-0.046446,0.004966,0.042138
GrabCut,-0.08941,-0.040139,0.007129,-0.119729
GrabCut,-0.013415,0.080798,0.008017,0.074848
GrabCut,0.008912,-0.052245,0.006973,-0.03713
GrabCut,-0.008592,0.013824,0.00633,0.011475
GrabCut,0.15297,-0.01301,0.008735,0.14791
GrabCut,-0.022189,0.037597,0.007555,0.022239
GrabCut,0.010118,-0.053439,0.007164,-0.037012
GrabCut,-0.017439,0.099531,0.007413,0.088365
GrabCut,-0.04,0.086311,0.006523,0.049661
GrabCut,0.038545,0.108677,0.006742,0.159174
GrabCut,0.012967,0.033648,0.007532,0.054938
GrabCut,0.028866,-0.017888,0.008399,0.018948
GrabCut,-0.021553,-0.020226,0.005953,-0.035636
GrabCut,-0.074769,-0.03125,0.008318,-0.096227
GrabCut,0.087499,0.035211,0.007423,0.134148
GrabCut,0.109045,-0.095602,0.006637,0.009675
GrabCut,-0.07128,0.068319,0.005832,-0.002045
GrabCut,-0.181941,-0.140551,0.007432,-0.291694
GrabCut,-0.046296,-0.054575,0.008211,-0.090941
GrabCut,-0.073834,-0.059313,0.006316,-0.123265
GrabCut,0.035529,0.018351,0.006669,0.061564
GrabCut,-0.032655,0.054395,0.007393,0.027505
GrabCut,-0.04996,-0.016904,0.007703,-0.058825
GrabCut,-0.010882,-0.069511,0.006646,-0.073521
GrabCut,-0.019313,-0.099349,0.006299,-0.111179
GrabCut,-0.116892,-0.058193,0.007754,-0.161834
GrabCut,-0.037934,0.064454,0.005863,0.030079
GrabCut,-0.037934,0.103215,0.006082,0.067819
GrabCut,-0.057246,0.050354,0.00751,-0.002338
GrabCut,0.025463,-0.075371,0.007545,-0.044673
GrabCut,0.168041,-0.01658,0.005818,0.155358
GrabCut,-0.09714,0.116234,0.007435,0.015296
GrabCut,0.032569,-0.065071,0.006156,-0.028679
GrabCut,0.001663,-0.007739,0.00542,-0.000702
GrabCut,-0.073834,-0.149552,0.00762,-0.206342
GrabCut,-0.033855,0.021068,0.006335,-0.007251
GrabCut,-0.019313,-0.060218,0.006268,-0.07259
GrabCut,0.012967,0.038529,0.007475,0.059859
GrabCut,-0.032655,0.117377,0.00635,0.087754
GrabCut,-0.074769,-0.052172,0.006754,-0.117117
GrabCut,-0.07128,0.023134,0.008494,-0.041724
GrabCut,0.086711,-0.047852,0.006976,0.041928
GrabCut,-0.037934,0.056844,0.008491,0.025387
GrabCut,0.012967,-0.014008,0.009532,0.008297
GrabCut,0.096732,-0.067651,0.006723,0.029412
GrabCut,0.001663,0.028884,0.006905,0.03771
GrabCut,-0.189894,0.00118,0.005791,-0.184242
GrabCut,0.022616,0.085849,0.007722,0.118982
GrabCut,-0.026327,-0.016828,0.006521,-0.036469
GrabCut,-0.059721,0.035437,0.007971,-0.01864
GrabCut,-0.012976,0.045321,0.005804,0.037745
GrabCut,0.032569,-0.090167,0.005183,-0.055666
GrabCut,0.030891,0.011146,0.007735,0.050444
GrabCut,0.008912,-0.108312,0.007664,-0.09347
GrabCut,-0.042236,0.088774,0.007321,0.050424
GrabCut,0.032569,0.002041,0.007582,0.042521
GrabCut,0.035214,0.031779,0.00472,0.073153
GrabCut,-0.021553,-0.031915,0.005115,-0.047935
GrabCut,-0.047918,-0.077524,0.006904,-0.115664
GrabCut,-0.02376,0.019111,0.00726,0.00212
GrabCut,0.186751,0.063299,0.007569,0.271421
GrabCut,-0.069619,0.026699,0.005745,-0.03929
GrabCut,0.021183,-0.008106,0.007937,0.020944
GrabCut,-0.089341,-0.030268,0.007029,-0.110698
GrabCut,-0.089341,-0.017696,0.006988,-0.099205
GrabCut,-0.038698,0.045518,0.006721,0.011814
GrabCut,-0.069619,0.037071,0.008854,-0.026585
GrabCut,-0.001174,-0.001894,0.004448,0.001369
GrabCut,0.109045,0.011457,0.004498,0.126797
GrabCut,0.046263,0.140439,0.005044,0.199218
GrabCut,-0.013958,0.034382,0.006478,0.02655
GrabCut,0.089334,0.1105,0.007081,0.218272
GrabCut,-0.003693,-0.018901,0.007243,-0.015445
GrabCut,0.15297,0.024616,0.007204,0.189862
GrabCut,0.118468,0.000378,0.005859,0.125445
GrabCut,0.086711,0.012565,0.008228,0.10942
GrabCut,-0.026421,0.015262,0.007649,-0.004002
GrabCut,-0.02376,0.095615,0.007361,0.077457
GrabCut,-0.057456,0.010388,0.00771,-0.040322
GrabCut,0.008745,0.077235,0.006659,0.093892
GrabCut,-0.019313,0.012406,0.0077,0.000498
GrabCut,-0.008592,-0.015132,0.005727,-0.018002
GrabCut,-0.032045,0.011759,0.006765,-0.014038
GrabCut,-0.014458,-0.108193,0.006609,-0.115279
GrabCut,0.000901,0.109014,0.004402,0.1149
GrabCut,-0.09653,-0.032512,0.005765,-0.120865
GrabCut,0.022616,0.061105,0.005822,0.09142
GrabCut,-0.005359,-0.028545,0.006072,-0.027884
GrabCut,-0.042236,-0.0469,0.006779,-0.080967
GrabCut,-0.116892,-0.067173,0.0057,-0.171518
GrabCut,0.168041,-0.040597,0.006215,0.127587
GrabCut,0.022616,-0.00739,0.00636,0.021515
GrabCut,0.025463,0.116109,0.005295,0.150588
GrabCut,-0.014305,0.201463,0.006592,0.192083
GrabCut,-0.09714,-0.068952,0.008616,-0.152151
GrabCut,0.017378,-0.067021,0.004733,-0.046315
GrabCut,-0.012976,0.06521,0.007507,0.059279
GrabCut,-0.069652,0.061349,0.007181,-0.005486
GrabCut,0.086711,-0.072694,0.007196,0.014965
GrabCut,-0.016954,-0.192468,0.007685,-0.200058
GrabCut,-0.029753,0.013311,0.007168,-0.00979
GrabCut,0.04907,0.103849,0.006435,0.165467
GrabCut,-0.07128,-0.04883,0.007515,-0.109991
GrabCut,0.008912,-0.025273,0.0083,-0.008424
GrabCut,-0.118625,0.120933,0.005935,-0.006173
GrabCut,-0.031097,0.017377,0.008389,-0.005991
GrabCut,-0.033855,-0.062562,0.007714,-0.087312
GrabCut,-0.001682,0.083031,0.005718,0.087392
GrabCut,0.009517,0.048099,0.007412,0.065917
GrabCut,-0.049837,0.141203,0.007638,0.092611
GrabCut,0.189625,0.062158,0.008008,0.273688
GrabCut,-0.022189,-0.00826,0.00605,-0.024399
GrabCut,-0.017314,0.109179,0.006808,0.097395
GrabCut,-0.057456,0.112434,0.006654,0.055495
GrabCut,0.00403,-0.021716,0.005794,-0.012082
GrabCut,0.046263,0.06584,0.007593,0.123617
GrabCut,-0.189894,0.000358,0.008773,-0.182495
GrabCut,0.010717,0.110495,0.007017,0.130272
GrabCut,-0.108805,-0.035709,0.005864,-0.13559
GrabCut,-0.04,-0.122758,0.006408,-0.152451
GrabCut,-0.03437,-0.025337,0.007377,-0.051894
GrabCut,-0.075416,-0.125667,0.007808,-0.185293
GrabCut,0.034225,-0.015442,0.008686,0.0271
GrabCut,0.051062,0.094531,0.005691,0.156967
GrabCut,0.189625,-0.050464,0.007831,0.138438
GrabCut,-0.049837,0.081626,0.007159,0.035079
GrabCut,-0.193772,-0.003955,0.006268,-0.191926
GrabCut,0.087499,-0.015351,0.006398,0.077655
GrabCut,0.00699,-0.04238,0.007264,-0.028682
GrabCut,0.008745,0.030623,0.00695,0.046862
GrabCut,-0.08941,-0.095656,0.007396,-0.170423
GrabCut,-0.09653,0.039543,0.006623,-0.054584
GrabCut,-0.019313,0.18841,0.006998,0.173614
GrabCut,0.022616,-0.120628,0.0069,-0.094535
GrabCut,-0.014739,-0.076639,0.00679,-0.084071
GrabCut,-0.074494,0.003643,0.00735,-0.064296
GrabCut,-0.04996,0.009432,0.005948,-0.035296
GrabCut,0.159634,-0.100362,0.005215,0.048692
GrabCut,-0.032045,0.112147,0.006974,0.084017
GrabCut,0.028866,0.045715,0.007073,0.08351
GrabCut,-0.031097,-0.015823,0.006556,-0.040177
GrabCut,-0.057246,-0.050822,0.007755,-0.09822
GrabCut,-0.017439,-0.147371,0.007753,-0.155744
GrabCut,0.001906,-0.015793,0.00743,-0.006591
GrabCut,-0.011496,0.018714,0.007396,0.014451
GrabCut,-0.061071,0.000413,0.007438,-0.053696
GrabCut,0.035214,0.057994,0.006029,0.101853
GrabCut,0.014254,0.034679,0.00771,0.057518
GrabCut,0.014254,-0.005381,0.00656,0.015413
GrabCut,-0.189894,0.053787,0.005105,-0.141963
GrabCut,0.042373,-0.00266,0.00658,0.04644
GrabCut,-0.037934,-0.006404,0.00648,-0.037901
GrabCut,0.086711,-0.03521,0.006039,0.05478
GrabCut,-0.032045,-0.118637,0.004095,-0.143386
GrabCut,-0.013958,0.050436,0.006692,0.042705
GrabCut,-0.057246,0.004551,0.005914,-0.047355
GrabCut,0.109045,-0.049762,0.007159,0.061402
GrabCut,0.009517,-0.058971,0.006953,-0.04341
GrabCut,-0.031638,0.027331,0.008501,0.003286
GrabCut,-0.011496,0.039237,0.007006,0.034487
GrabCut,0.012967,0.005396,0.00612,0.024666
GrabCut,0.010118,0.083276,0.007525,0.10247
GrabCut,0.038545,0.081891,0.007317,0.131815
GrabCut,0.014254,-0.103014,0.00648,-0.084334
GrabCut,-0.089341,-0.012711,0.006396,-0.095165
GrabCut,-0.001174,-0.066309,0.006005,-0.061806
GrabCut,-0.047918,0.068488,0.007368,0.024783
GrabCut,-0.09653,-0.047777,0.006982,-0.133689
GrabCut,-0.014305,0.119735,0.005113,0.109359
GrabCut,-0.189894,-0.038784,0.005461,-0.217061
GrabCut,-0.063402,-0.04387,0.005768,-0.099325
GrabCut,0.022616,-0.020749,0.004919,0.006324
GrabCut,-0.115385,0.126482,0.007997,0.004472
GrabCut,0.00699,-0.037108,0.006273,-0.024296
GrabCut,0.001906,0.029259,0.005337,0.036724
GrabCut,-0.033855,0.04142,0.006622,0.012826
GrabCut,-0.047918,0.097881,0.0068,0.052381
GrabCut,-0.013048,0.058025,0.007903,0.052473
GrabCut,0.146161,-0.086945,0.00639,0.053195
GrabCut,-0.008592,-0.083656,0.006674,-0.085466
GrabCut,0.000901,0.094441,0.007419,0.103554
GrabCut,0.189625,-0.044713,0.007891,0.145401
GrabCut,-0.022189,0.034821,0.006356,0.018291
GrabCut,-0.030601,0.021226,0.004539,-0.00553
GrabCut,-0.005359,-0.098136,0.008218,-0.095597
GrabCut,-0.017439,-0.043607,0.00662,-0.054065
GrabCut,0.028866,-0.045197,0.008513,-0.009274
GrabCut,-0.063402,-0.178467,0.008197,-0.224247
GrabCut,-0.09653,-0.019738,0.007418,-0.107793
GrabCut,0.130845,0.040195,0.006537,0.183989
GrabCut,0.00403,0.005231,0.008261,0.01762
GrabCut,0.009918,-0.14361,0.005125,-0.130684
GrabCut,0.04907,0.054497,0.008071,0.115169
GrabCut,-0.116892,-0.078335,0.005715,-0.181418
GrabCut,0.008912,0.021511,0.006091,0.036892
GrabCut,-0.026421,-0.136703,0.005928,-0.15453
GrabCut,-0.019313,-0.068311,0.007996,-0.078999
GrabCut,-0.069652,0.035653,0.007111,-0.029631
GrabCut,0.030891,-0.038771,0.006007,-0.003126
GrabCut,0.034225,0.100688,0.006342,0.145578
GrabCut,0.042955,0.009399,0.005975,0.059049
GrabCut,-0.029753,-0.007627,0.00567,-0.031693
GrabCut,0.04907,-0.027147,0.006275,0.026995
GrabCut,0.00847,0.038052,0.008701,0.055952
GrabCut,-0.008592,0.100504,0.008699,0.100539
GrabCut,0.012967,0.098486,0.00751,0.121087
GrabCut,-0.010882,-0.085945,0.007045,-0.089523
GrabCut,0.022616,-0.029951,0.00694,-0.001128
GrabCut,-0.02376,-0.064396,0.008451,-0.078907
GrabCut,-0.019313,0.007923,0.005963,-0.005648
GrabCut,-0.005359,-0.055052,0.006896,-0.053635
GrabCut,-0.040087,-0.038753,0.006087,-0.07167
GrabCut,0.186751,-0.170684,0.008289,-0.00765
GrabCut,-0.033855,-0.09222,0.007567,-0.116316
GrabCut,0.034225,0.098494,0.00626,0.143202
GrabCut,-0.008592,0.038837,0.007092,0.037215
GrabCut,-0.029917,0.025676,0.009344,0.004288
GrabCut,-0.006141,-0.070718,0.00845,-0.068621
GrabCut,-0.029753,-0.185554,0.008045,-0.203428
GrabCut,0.000807,-0.03527,0.005657,-0.029029
GrabCut,0.096732,0.057335,0.008118,0.169028
GrabCut,0.081038,0.013216,0.007633,0.103685
GrabCut,-0.022189,-0.069313,0.007104,-0.083498
GrabCut,0.034225,0.228219,0.005234,0.276904
GrabCut,0.001906,0.033017,0.006468,0.04168
GrabCut,0.001906,-0.014366,0.00552,-0.007036
GrabCut,-0.017338,-0.034326,0.007466,-0.043984
GrabCut,-0.046296,0.090845,0.006145,0.046736
GrabCut,-0.059721,-0.043839,0.006559,-0.095045
GrabCut,-0.108805,-0.006792,0.006843,-0.108801
GrabCut,0.087499,0.109237,0.005878,0.213384
GrabCut,-0.047918,-0.032579,0.007099,-0.072397
GrabCut,-0.008583,0.015523,0.006958,0.013813
GrabCut,-0.06839,0.189652,0.006812,0.115841
GrabCut,-0.011496,-0.126437,0.005876,-0.131405
GrabCut,-0.008583,0.007747,0.008836,0.007926
GrabCut,-0.011496,-0.159215,0.007737,-0.162451
GrabCut,0.109045,0.015782,0.008126,0.135702
GrabCut,-0.010882,-0.009444,0.007666,-0.012713
GrabCut,-0.026421,-0.022207,0.004997,-0.043284
GrabCut,-0.008592,-0.040005,0.007737,-0.04089
GrabCut,-0.049837,-0.076761,0.006801,-0.116807
GrabCut,-0.014458,-0.093129,0.005142,-0.101646
GrabCut,0.001906,-0.016936,0.005633,-0.009515
GrabCut,-0.042236,0.114923,0.006556,0.074834
GrabCut,0.168041,0.041827,0.005243,0.223277
GrabCut,-0.057246,-0.001838,0.007678,-0.051754
GrabCut,-0.069652,-0.035864,0.006528,-0.097162
GrabCut,-0.029753,-0.112994,0.009961,-0.130812
GrabCut,-0.118625,0.135089,0.007362,0.007804
GrabCut,-0.046296,0.011999,0.005482,-0.029562
GrabCut,-0.189894,0.028272,0.00658,-0.16151
GrabCut,-0.074494,0.075157,0.008624,0.003646
GrabCut,-0.042236,0.030247,0.006095,-0.007251
GrabCut,0.089334,-0.073311,0.006903,0.016443
GrabCut,0.038545,0.011237,0.007729,0.058333
GrabCut,0.146161,-0.029725,0.007571,0.120512
GrabCut,0.050897,0.05302,0.005192,0.112361
GrabCut,-0.118625,-0.041554,0.008743,-0.147863
GrabCut,-0.014305,0.018494,0.00607,0.010017
GrabCut,0.168041,0.153231,0.007323,0.356885
GrabCut,0.069312,-0.02718,0.006397,0.046903
GrabCut,0.012967,0.128581,0.006911,0.151116
GrabCut,0.069312,-0.007646,0.006254,0.067771
GrabCut,-0.032655,0.001172,0.005673,-0.026027
GrabCut,0.146161,-0.075649,0.007837,0.067758
GrabCut,-0.074769,0.05365,0.004765,-0.020485
GrabCut,-0.013958,-0.025389,0.007835,-0.031464
GrabCut,-0.040087,-0.041921,0.006296,-0.074537
GrabCut,0.010717,0.006768,0.006444,0.024114
GrabCut,-0.074494,-0.015472,0.007864,-0.081648
GrabCut,0.052534,0.054543,0.00589,0.11648
GrabCut,-0.012976,-0.000932,0.007976,-0.00603
GrabCut,0.010717,0.011537,0.007024,0.029559
GrabCut,0.130845,0.092233,0.008485,0.245627
GrabCut,0.087499,-0.0117,0.006446,0.081704
GrabCut,-0.057246,0.014074,0.005253,-0.038956
GrabCut,-0.08941,0.01786,0.005506,-0.068044
GrabCut,0.081038,0.098933,0.005652,0.194702
GrabCut,-0.017314,0.136353,0.006139,0.123534
GrabCut,-0.010882,-0.029861,0.006832,-0.033862
GrabCut,0.00847,0.029875,0.008051,0.046959
GrabCut,0.168041,0.030151,0.007144,0.211855
GrabCut,0.008912,-0.021158,0.009345,-0.003206
GrabCut,-0.135397,0.028546,0.007704,-0.103864
GrabCut,-0.016954,0.008493,0.007351,-0.001316
GrabCut,-0.193772,0.029967,0.007469,-0.16341
GrabCut,0.008912,-0.033634,0.006333,-0.018847
GrabCut,-0.029753,-0.012288,0.006576,-0.035373
GrabCut,-0.138821,-0.076996,0.007291,-0.199333
GrabCut,-0.000477,-0.002142,0.008187,0.005548
GrabCut,0.03187,-0.051939,0.008021,-0.013878
GrabCut,-0.008583,0.070871,0.004955,0.066941
GrabCut,-0.010882,0.001027,0.007675,-0.002268
GrabCut,0.168041,0.030441,0.00643,0.211336
GrabCut,0.009918,-0.039243,0.00658,-0.023329
GrabCut,-0.116892,0.024909,0.006863,-0.088683
GrabCut,-0.029917,0.040884,0.00617,0.015974
GrabCut,-0.059721,-0.023928,0.004892,-0.07773
GrabCut,0.087499,-0.131696,0.005854,-0.050193
GrabCut,0.008745,0.057302,0.006483,0.073463
GrabCut,-0.0299,-0.118804,0.007233,-0.138969
GrabCut,0.038545,0.164847,0.004742,0.215482
GrabCut,-0.010882,0.03937,0.006621,0.034866
GrabCut,-0.06839,0.159975,0.003454,0.084377
GrabCut,-0.074494,0.080637,0.005571,0.005708
GrabCut,-0.193772,0.030469,0.006133,-0.164111
GrabCut,0.034225,-0.117131,0.005868,-0.081557
GrabCut,-0.04996,0.017755,0.009227,-0.02417
GrabCut,-0.115385,-0.134219,0.009252,-0.227031
GrabCut,-0.059721,-0.005078,0.00701,-0.057937
GrabCut,0.109045,0.077458,0.006803,0.203079
GrabCut,-0.116892,0.029822,0.00706,-0.084136
GrabCut,-0.017439,0.034211,0.005436,0.021699
GrabCut,-0.038698,-0.025378,0.007046,-0.056492
GrabCut,0.010118,0.027387,0.005296,0.043278
GrabCut,-0.042236,0.014877,0.005889,-0.022263
GrabCut,-0.000477,0.025588,0.007542,0.03283
GrabCut,-0.049365,-0.116755,0.005579,-0.155672
GrabCut,0.034225,0.0542,0.005423,0.096192
GrabCut,-0.029917,-0.013434,0.005226,-0.037949
GrabCut,0.006861,0.02776,0.007946,0.043034
GrabCut,-0.059721,-0.110461,0.008902,-0.15614
GrabCut,-0.049365,-0.062975,0.006646,-0.103312
GrabCut,-0.138821,-0.099426,0.007034,-0.218989
GrabCut,-0.008583,-0.071388,0.006488,-0.073385
GrabCut,0.081038,0.053272,0.00565,0.145061
GrabCut,-0.032045,0.003718,0.007724,-0.020942
GrabCut,-0.064868,0.026002,0.006228,-0.034577
GrabCut,0.001906,0.078708,0.006454,0.087739
GrabCut,0.168041,0.092617,0.006955,0.285098
GrabCut,0.052534,-0.015604,0.007103,0.043471
GrabCut,-0.010882,0.029311,0.00552,0.023729
GrabCut,0.032569,0.046041,0.005857,0.086435
GrabCut,-0.135397,0.095161,0.007075,-0.046421
GrabCut,-0.017314,-0.176932,0.008102,-0.184629
GrabCut,-0.063402,-0.051243,0.006049,-0.106021
GrabCut,0.009517,-0.069233,0.006341,-0.054417
GrabCut,0.008745,0.042037,0.004779,0.056173
GrabCut,0.009918,-0.001006,0.007128,0.016094
GrabCut,-0.04996,0.016323,0.007828,-0.026894
GrabCut,0.04907,-0.100368,0.006314,-0.050265
GrabCut,-0.032655,0.108488,0.007491,0.080324
GrabCut,-0.135397,-0.014928,0.006631,-0.142656
GrabCut,0.15297,0.184145,0.007131,0.37502
GrabCut,-0.006101,0.038617,0.006051,0.038527
GrabCut,0.087499,0.023849,0.00731,0.121574
GrabCut,0.035529,-0.087738,0.006462,-0.049222
GrabCut,0.028866,-0.051559,0.005016,-0.019286
GrabCut,0.146161,0.090103,0.006173,0.257146
GrabCut,0.023825,-0.003629,0.005385,0.025603
GrabCut,0.001663,0.076721,0.007757,0.086877
GrabCut,-0.017314,0.062149,0.006117,0.050144
GrabCut,0.034225,0.028897,0.005601,0.070071
GrabCut,-0.074494,0.021649,0.008023,-0.046872
GrabCut,-0.019313,0.151354,0.006536,0.136499
GrabCut,0.038545,-0.095772,0.006098,-0.055192
GrabCut,0.096732,-0.017128,0.00534,0.083704
GrabCut,-0.089341,0.061641,0.007417,-0.026036
GrabCut,-0.037934,-0.00409,0.00602,-0.0361
GrabCut,0.038545,-0.044787,0.006899,-0.001124
GrabCut,-0.019313,-0.095523,0.007069,-0.106721
GrabCut,0.042373,-0.019479,0.006501,0.028713
GrabCut,-0.023363,-0.125808,0.006568,-0.140625
GrabCut,0.189625,-0.026182,0.006787,0.166341
GrabCut,-0.037934,-0.023717,0.007667,-0.053551
GrabCut,0.042373,0.016509,0.004285,0.064122
GrabCut,-0.008583,-0.115309,0.007956,-0.115925
GrabCut,-0.075416,-0.080178,0.006552,-0.143974
GrabCut,-0.023363,0.070939,0.007392,0.053651
GrabCut,-0.037934,-0.033727,0.006261,-0.064562
GrabCut,-0.049365,0.144109,0.006028,0.094186
GrabCut,-0.193772,0.080683,0.008236,-0.121547
GrabCut,0.001663,-0.05105,0.008564,-0.041332
GrabCut,-0.017439,-0.124378,0.006402,-0.13414
GrabCut,-0.061071,0.117772,0.007346,0.057219
GrabCut,-0.013415,-0.001561,0.006446,-0.008605
GrabCut,0.046263,0.013959,0.00545,0.06665
GrabCut,-0.026697,-0.266941,0.008178,-0.280676
GrabCut,0.038545,-0.02035,0.007763,0.025309
GrabCut,0.008745,-0.012213,0.006358,0.002761
GrabCut,-0.040087,0.064452,0.007122,0.029059
GrabCut,-0.037934,-0.088111,0.006288,-0.117187
GrabCut,-0.026327,0.008492,0.007914,-0.010287
GrabCut,-0.008583,-0.07509,0.006349,-0.077207
GrabCut,-0.040087,-0.010705,0.00569,-0.044959
GrabCut,0.038545,-0.066249,0.005126,-0.025286
GrabCut,0.001906,-0.05551,0.006314,-0.047735
GrabCut,0.042373,-0.107098,0.006488,-0.063225
GrabCut,-0.013415,-0.038092,0.005448,-0.045825
GrabCut,-0.049837,0.056133,0.006346,0.009866
GrabCut,0.035214,-0.023718,0.008345,0.019094
GrabCut,-0.116892,0.012624,0.006625,-0.09982
GrabCut,-0.038698,0.055554,0.005924,0.020718
GrabCut,-0.022189,-0.022354,0.00806,-0.036341
GrabCut,-0.008583,-0.036001,0.006734,-0.037839
GrabCut,-0.108805,-0.026104,0.007023,-0.125974
GrabCut,0.159634,0.017585,0.007844,0.189283
GrabCut,-0.073834,-0.066465,0.007667,-0.128763
GrabCut,-0.017314,-0.004826,0.006691,-0.015513
GrabCut,-0.031097,-0.071269,0.007885,-0.093055
GrabCut,-0.057456,0.068364,0.006263,0.013287
GrabCut,-0.059721,0.034565,0.00797,-0.019468
GrabCut,-0.006141,0.049559,0.006011,0.049384
GrabCut,-0.032655,0.073587,0.006209,0.044978
GrabCut,-0.075416,-0.027569,0.005689,-0.095791
GrabCut,-0.04996,-0.014305,0.007271,-0.056741
GrabCut,-0.069652,-0.057043,0.00706,-0.116529
GrabCut,-0.001682,-0.089364,0.006449,-0.085032
GrabCut,0.055934,-0.058013,0.006097,0.000741
GrabCut,0.010118,-0.026107,0.007643,-0.008734
GrabCut,-0.005781,0.070024,0.005883,0.070096
GrabCut,-0.059721,-0.056069,0.006558,-0.10662
GrabCut,0.087499,-0.123826,0.007723,-0.039803
GrabCut,0.189625,0.14211,0.006759,0.367866
GrabCut,0.009517,-0.035709,0.006268,-0.02043
GrabCut,-0.029917,-0.074861,0.006252,-0.096928
GrabCut,-0.011496,-0.123798,0.006936,-0.127863
GrabCut,0.010118,-0.106983,0.006337,-0.092231
GrabCut,-0.073834,0.036832,0.00853,-0.031531
GrabCut,-0.046296,-0.021831,0.007614,-0.060013
GrabCut,0.006861,-0.010125,0.007429,0.004071
GrabCut,0.008745,0.064292,0.006242,0.0803
GrabCut,0.035214,0.153441,0.005488,0.200611
GrabCut,0.010118,0.033097,0.006864,0.050713
GrabCut,-0.037934,-0.046052,0.00643,-0.076338
GrabCut,-0.037934,-0.039765,0.006381,-0.070296
GrabCut,0.036508,0.033159,0.00814,0.079595
GrabCut,-0.047918,-0.073133,0.006818,-0.111531
GrabCut,-0.023363,0.073642,0.006835,0.055724
GrabCut,0.189625,0.031235,0.006497,0.234754
GrabCut,-0.008592,0.103902,0.006918,0.101988
GrabCut,-0.016954,-0.022376,0.005663,-0.033508
GrabCut,-0.026421,0.074603,0.004078,0.050478
GrabCut,-0.014305,0.007928,0.006543,9e-06
GrabCut,-0.001682,0.081171,0.006223,0.08607
GrabCut,0.03115,0.142874,0.006825,0.186518
GrabCut,0.052534,-0.058885,0.008153,-0.001369
GrabCut,0.042955,0.084371,0.004561,0.136109
GrabCut,-0.049837,-0.051272,0.006689,-0.092525
GrabCut,-0.019313,0.062857,0.006059,0.048645
GrabCut,0.032569,0.068984,0.006816,0.111323
GrabCut,-0.049837,-0.096089,0.006625,-0.135448
GrabCut,-0.07128,0.054198,0.006369,-0.01471
GrabCut,-0.09653,-0.069598,0.007481,-0.153121
GrabCut,-0.09653,-0.038834,0.006972,-0.125562
GrabCut,0.168041,0.128154,0.006684,0.326538
GrabCut,-0.032045,0.010443,0.008673,-0.013453
GrabCut,-0.04996,-0.080953,0.006929,-0.120818
GrabCut,-0.026697,0.067673,0.00781,0.047284
GrabCut,-0.019313,0.009425,0.009292,-0.000871
GrabCut,0.096732,-0.025301,0.007685,0.077198
GrabCut,0.000807,-0.126225,0.006434,-0.119893
GrabCut,-0.013415,0.071318,0.008769,0.066215
GrabCut,-0.049365,-0.033104,0.007574,-0.073874
GrabCut,0.034225,-0.034248,0.007005,0.005802
GrabCut,-0.09714,0.072513,0.009413,-0.022556
GrabCut,-0.06839,0.045842,0.00708,-0.018785
GrabCut,-0.037934,0.112947,0.006589,0.077783
GrabCut,0.028866,-0.02322,0.006959,0.011969
GrabCut,-0.017338,-0.027226,0.006645,-0.037741
GrabCut,-0.029917,-0.031926,0.005676,-0.055558
GrabCut,-0.108805,0.051558,0.007816,-0.055532
GrabCut,-0.042236,0.0089,0.007894,-0.026083
GrabCut,-0.029917,0.011441,0.008342,-0.010634
GrabCut,0.001906,0.041547,0.006044,0.049839
GrabCut,0.014254,0.035856,0.007489,0.058489
GrabCut,-0.013958,0.103144,0.005688,0.093933
GrabCut,0.00403,0.118671,0.006518,0.130501
GrabCut,0.09174,-0.006158,0.00825,0.093969
GrabCut,-0.029917,-0.128759,0.007807,-0.148227
GrabCut,-0.022189,0.152964,0.006389,0.134584
GrabCut,-0.089341,-0.039175,0.006621,-0.119223
GrabCut,-0.022189,0.079086,0.007372,0.062921
GrabCut,0.035214,0.062821,0.007711,0.108732
GrabCut,-0.189894,-0.015552,0.006776,-0.197089
GrabCut,-0.135397,0.126144,0.008771,-0.017792
GrabCut,0.09174,-0.093161,0.005552,-0.00447
GrabCut,0.010118,0.041669,0.006588,0.059141
GrabCut,-0.017338,0.010915,0.009031,0.002359
GrabCut,-0.029917,-0.048084,0.006269,-0.070773
GrabCut,0.109045,0.071297,0.008503,0.19822
GrabCut,-0.04,0.048855,0.005024,0.011959
GrabCut,-0.031097,-0.074114,0.006451,-0.097119
GrabCut,-0.075416,0.020277,0.006059,-0.050952
GrabCut,-0.013958,0.063307,0.00825,0.057115
GrabCut,-0.033855,-0.028366,0.004871,-0.056688
GrabCut,-0.049837,0.07321,0.007731,0.027608
GrabCut,0.03115,-0.022555,0.007121,0.01507
GrabCut,0.006861,0.019254,0.007075,0.033508
GrabCut,-0.064868,0.063735,0.007616,0.00231
GrabCut,-0.02376,-0.005893,0.006037,-0.023654
GrabCut,0.00847,-0.091605,0.008261,-0.076343
GrabCut,0.010118,0.084767,0.008428,0.104977
GrabCut,-0.06839,-0.04539,0.007623,-0.103897
GrabCut,0.038545,0.043686,0.007019,0.091524
GrabCut,0.030891,-0.105974,0.006095,-0.072739
GrabCut,0.004755,0.095844,0.007378,0.109178
GrabCut,-0.116892,0.116312,0.007186,-0.007092
GrabCut,0.087499,-0.068612,0.006004,0.018964
GrabCut,-0.033855,0.003285,0.006507,-0.024374
GrabCut,-0.029917,0.068724,0.007361,0.044382
GrabCut,0.03187,0.152809,0.005679,0.196304
GrabCut,-0.118625,-0.04288,0.008405,-0.149328
GrabCut,-0.037934,0.074568,0.006978,0.041019
GrabCut,-0.09714,-0.029622,0.008076,-0.116808
GrabCut,0.008912,0.016588,0.007266,0.033101
GrabCut,-0.193772,0.024746,0.008065,-0.167158
GrabCut,0.034225,0.131969,0.005807,0.177509
GrabCut,-0.089341,-0.072625,0.00666,-0.149854
GrabCut,0.004755,-0.038255,0.006474,-0.027426
GrabCut,0.035529,-0.160345,0.005544,-0.125693
GrabCut,-0.057246,-0.10475,0.007323,-0.14982
GrabCut,-0.014458,0.047886,0.005704,0.038626
GrabCut,0.028866,0.011937,0.005583,0.04696
GrabCut,-0.09714,0.099573,0.004645,-0.002628
GrabCut,0.009918,0.034652,0.006284,0.05148
GrabCut,0.012967,0.052762,0.009281,0.076311
GrabCut,0.09174,-0.09134,0.007172,-0.000864
GrabCut,0.008912,-0.06085,0.006662,-0.046168
GrabCut,0.159634,0.183951,0.006954,0.382497
GrabCut,-0.014305,-0.036865,0.005953,-0.044992
GrabCut,-0.008583,-0.029919,0.007072,-0.031444
GrabCut,-0.09714,-0.017791,0.006472,-0.107463
GrabCut,0.032569,0.018477,0.005911,0.057864
GrabCut,-0.089341,0.011388,0.0073,-0.072246
GrabCut,0.146161,0.130174,0.006619,0.303936
GrabCut,-0.031097,0.082384,0.007279,0.056358
GrabCut,-0.006101,0.07343,0.00639,0.073698
GrabCut,-0.019313,-0.121067,0.008565,-0.130659
GrabCut,0.055934,0.07458,0.00699,0.142617
GrabCut,-0.003693,0.040736,0.0069,0.044047
GrabCut,0.00403,-0.007702,0.006606,0.002878
GrabCut,-0.02376,0.047272,0.007962,0.030528
GrabCut,0.009918,-0.070747,0.006507,-0.055424
GrabCut,-0.019313,0.075866,0.006296,0.061731
GrabCut,0.086711,-0.031544,0.007037,0.059838
GrabCut,-0.042236,0.040135,0.006406,0.002587
GrabCut,-0.005781,-0.036213,0.006502,-0.035554
GrabCut,-0.006101,0.013046,0.007186,0.014101
GrabCut,0.00699,-0.030981,0.006901,-0.017474
GrabCut,-0.08941,-0.026465,0.005621,-0.108526
GrabCut,-0.063402,0.104724,0.007778,0.042731
GrabCut,0.036508,0.066143,0.007328,0.113163
GrabCut,0.032569,-0.167015,0.008004,-0.133001
GrabCut,0.00403,0.11814,0.007532,0.131101
GrabCut,-0.063402,-0.052748,0.007735,-0.105943
GrabCut,-0.057246,-0.13406,0.007933,-0.177155
GrabCut,-0.008583,-0.023413,0.007084,-0.024936
GrabCut,0.008745,0.078543,0.005416,0.093868
GrabCut,0.022616,-0.008998,0.007942,0.021464
GrabCut,-0.026697,0.07123,0.007056,0.049988
GrabCut,0.010717,0.139391,0.008867,0.161813
GrabCut,-0.029917,-0.010667,0.006891,-0.033653
GrabCut,0.014254,-0.125327,0.006395,-0.107187
GrabCut,0.017378,0.041865,0.006898,0.067282
GrabCut,-0.074769,-0.07116,0.008484,-0.133318
GrabCut,0.00699,0.064765,0.006213,0.078868
GrabCut,-0.014739,0.056316,0.006459,0.04747
GrabCut,-0.006101,0.129567,0.007397,0.13098
GrabCut,-0.026697,0.044412,0.008289,0.024956
GrabCut,0.146161,-0.002807,0.007001,0.150946
GrabCut,-0.042236,-0.006764,0.006375,-0.042649
GrabCut,0.009517,-0.109488,0.008661,-0.093226
GrabCut,-0.089341,-0.128812,0.006694,-0.201334
GrabCut,-0.019313,-0.094621,0.006821,-0.10605
GrabCut,-0.026697,0.083604,0.007482,0.062566
GrabCut,0.096732,0.029777,0.006174,0.136362
GrabCut,0.186751,0.09681,0.006266,0.309797
GrabCut,0.042955,-0.036872,0.006947,0.011478
GrabCut,0.008745,0.031896,0.00687,0.048071
GrabCut,-0.118625,-0.08236,0.005333,-0.186902
GrabCut,-0.006101,-0.239392,0.00687,-0.23884
GrabCut,0.15297,-0.091838,0.006593,0.053987
GrabCut,-0.049837,-0.061669,0.006879,-0.1023
GrabCut,-0.073834,-0.027079,0.007481,-0.092173
GrabCut,0.00847,-0.092776,0.007625,-0.078116
GrabCut,0.004755,-0.04102,0.006911,-0.029801
GrabCut,0.118468,0.100923,0.007535,0.240625
GrabCut,-0.013958,-0.008329,0.007105,-0.015223
GrabCut,-0.04996,0.002186,0.007309,-0.040924
GrabCut,-0.010882,-0.028294,0.00644,-0.03268
GrabCut,0.000901,0.127618,0.005779,0.135157
GrabCut,0.186751,0.008784,0.006582,0.205055
GrabCut,-0.010882,0.070029,0.005479,0.064184
GrabCut,-0.003693,0.117261,0.005286,0.119019
GrabCut,-0.006141,0.086976,0.007083,0.087953
GrabCut,0.052534,0.105337,0.006441,0.170898
GrabCut,-0.019313,-0.082555,0.007005,-0.09397
GrabCut,0.051062,0.01901,0.004871,0.07626
GrabCut,0.051062,-0.14765,0.006824,-0.098014
GrabCut,-0.07128,-0.025934,0.007061,-0.088978
GrabCut,-0.069652,-0.02064,0.007658,-0.081877
GrabCut,-0.006141,-0.090282,0.007076,-0.089471
GrabCut,0.012967,0.011488,0.006381,0.031142
GrabCut,0.03115,0.050148,0.005539,0.088857
GrabCut,-0.057456,-0.096048,0.008209,-0.140991
GrabCut,0.109045,-0.010159,0.007195,0.105676
GrabCut,0.004755,-0.052849,0.00583,-0.042798
GrabCut,0.159634,-0.059129,0.005054,0.09658
GrabCut,-0.189894,0.039757,0.006561,-0.152161
GrabCut,-0.061071,0.087361,0.007421,0.028531
GrabCut,-0.138821,0.010558,0.005911,-0.124585
GrabCut,0.008745,-0.147396,0.006931,-0.133978
GrabCut,0.186751,0.005475,0.007029,0.201635
GrabCut,0.04907,-0.046506,0.006241,0.006525
GrabCut,0.146161,-0.045819,0.005054,0.099173
GrabCut,-0.03437,0.053888,0.008813,0.026635
GrabCut,0.089334,0.046621,0.008641,0.149972
GrabCut,-0.08941,0.033582,0.006091,-0.053098
GrabCut,-0.069619,-0.057699,0.00757,-0.116664
GrabCut,0.159634,0.228287,0.007299,0.434759
GrabCut,-0.075416,-0.058652,0.00566,-0.124718
GrabCut,-0.029753,0.009162,0.00454,-0.016418
GrabCut,0.03115,0.083553,0.008179,0.126444
GrabCut,-0.032045,0.017122,0.008499,-0.007104
GrabCut,-0.049837,0.083309,0.007,0.036524
GrabCut,0.008912,-0.008584,0.005667,0.00592
GrabCut,0.089334,-0.021174,0.008348,0.075169
GrabCut,-0.014739,-0.191783,0.006637,-0.19841
GrabCut,-0.017338,0.03184,0.007658,0.021714
GrabCut,0.051062,0.053242,0.007432,0.11525
GrabCut,-0.005359,0.101744,0.006335,0.102781
GrabCut,-0.013415,0.079518,0.00692,0.072407
GrabCut,0.032569,-0.132634,0.005546,-0.099418
GrabCut,-0.042219,0.015032,0.00795,-0.020093
GrabCut,-0.016954,0.035228,0.00585,0.023631
GrabCut,-0.023363,0.126591,0.006428,0.107342
GrabCut,-0.059721,0.037919,0.00655,-0.017673
GrabCut,-0.049365,0.032856,0.006201,-0.012043
GrabCut,-0.031638,-0.07334,0.006662,-0.096679
GrabCut,0.052534,0.076698,0.00661,0.140753
GrabCut,-0.016954,0.106601,0.00598,0.094345
GrabCut,0.000901,0.120746,0.007996,0.130726
GrabCut,0.006861,-0.083144,0.007229,-0.07018
GrabCut,0.03187,-0.014978,0.00822,0.02477
GrabCut,0.021183,-0.125327,0.007434,-0.100159
GrabCut,0.109045,0.095983,0.006802,0.223762
GrabCut,0.006861,0.014545,0.00666,0.028309
GrabCut,0.042955,-0.008725,0.007686,0.041802
GrabCut,-0.074494,-0.023541,0.006706,-0.09022
GrabCut,0.109045,-0.02458,0.007521,0.089921
GrabCut,0.008912,0.055777,0.00709,0.072738
GrabCut,-0.001682,0.108188,0.006799,0.113846
GrabCut,0.159634,0.038306,0.006392,0.211751
GrabCut,-0.193772,-0.049326,0.007186,-0.228032
GrabCut,-0.069652,-0.01214,0.007258,-0.074277
GrabCut,0.03187,0.077933,0.004839,0.117669
GrabCut,-0.108805,0.052201,0.008581,-0.054237
GrabCut,-0.04,0.075116,0.006312,0.038626
GrabCut,-0.031097,0.049163,0.006447,0.02309
GrabCut,-0.017314,0.02169,0.006567,0.010595
GrabCut,-0.017314,0.005464,0.005532,-0.006479
GrabCut,-0.037934,0.106615,0.006657,0.071724
GrabCut,-0.013415,-0.006147,0.008008,-0.011628
GrabCut,-0.118625,-0.085036,0.008564,-0.186668
GrabCut,-0.057456,-0.013298,0.004995,-0.065344
GrabCut,-0.032655,0.054951,0.008252,0.028923
GrabCut,0.008745,-0.070281,0.006369,-0.056177
GrabCut,-0.115385,-0.104411,0.007821,-0.201552
GrabCut,-0.013415,-0.078792,0.005628,-0.086036
GrabCut,0.00699,0.041746,0.008722,0.058177
GrabCut,0.022616,0.115234,0.006846,0.148264
GrabCut,0.168041,0.010745,0.008042,0.190086
GrabCut,-0.03437,-0.007347,0.007331,-0.034438
GrabCut,-0.014305,-0.100654,0.007751,-0.106648
GrabCut,0.036508,0.018763,0.006945,0.063289
GrabCut,0.15297,-0.058674,0.008133,0.094148
GrabCut,0.069312,-0.024531,0.007968,0.051392
GrabCut,0.089334,0.054215,0.005757,0.155004
GrabCut,0.028866,-0.052066,0.008438,-0.016473
GrabCut,-0.061071,0.060758,0.006041,0.001993
GrabCut,-0.063402,0.00805,0.00728,-0.048989
GrabCut,-0.04,0.043885,0.006935,0.009079
GrabCut,-0.032655,0.096226,0.005821,0.066602
GrabCut,0.000901,0.066312,0.008166,0.075989
GrabCut,-0.042219,0.075344,0.00724,0.037401
GrabCut,-0.06839,0.060308,0.006749,-0.00554
GrabCut,-0.040087,0.062425,0.005686,0.025635
GrabCut,-0.031638,-0.044768,0.005452,-0.069946
GrabCut,0.001906,0.063433,0.007723,0.073688
GrabCut,-0.008592,0.092716,0.00755,0.091506
GrabCut,0.042955,0.133494,0.007678,0.191259
GrabCut,-0.008592,0.082371,0.006873,0.080446
GrabCut,-0.005781,-0.10289,0.007023,-0.101812
GrabCut,0.000901,-0.065385,0.006273,-0.058674
GrabCut,-0.135397,0.02774,0.007918,-0.104377
GrabCut,-0.075416,-0.05229,0.005844,-0.118642
GrabCut,-0.073834,-0.113947,0.006876,-0.173726
GrabCut,-0.026327,0.061002,0.006911,0.040209
GrabCut,-0.031097,-0.010209,0.007751,-0.033555
GrabCut,-0.021553,0.012651,0.007367,-0.001875
GrabCut,0.00847,-0.00804,0.007055,0.007419
GrabCut,-0.047918,0.046581,0.008061,0.004463
GrabCut,-0.031097,0.039986,0.00798,0.015686
GrabCut,-0.135397,-0.050317,0.006613,-0.173471
GrabCut,-0.049837,-0.114426,0.006758,-0.152874
GrabCut,0.055934,0.058106,0.008216,0.12647
GrabCut,-0.000477,-0.05677,0.004459,-0.053016
GrabCut,0.096732,-0.026325,0.005233,0.073449
GrabCut,-0.012976,0.128864,0.00581,0.120689
GrabCut,0.022616,-0.042666,0.006527,-0.014625
GrabCut,-0.181941,0.138098,0.007641,-0.061855
GrabCut,-0.09653,-0.040515,0.00583,-0.12808
GrabCut,-0.057456,0.024939,0.007155,-0.027037
GrabCut,-0.061071,0.062149,0.005892,0.003159
GrabCut,-0.02376,-0.010306,0.006815,-0.027237
GrabCut,-0.010882,0.040955,0.004801,0.03457
GrabCut,-0.026697,-0.037521,0.006437,-0.057187
GrabCut,0.055934,-0.074727,0.007814,-0.015338
GrabCut,0.012967,0.081952,0.006026,0.102586
GrabCut,-0.03437,0.015082,0.009292,-0.010698
GrabCut,-0.008583,-0.100304,0.007308,-0.101508
GrabCut,-0.037934,0.159021,0.006682,0.122505
GrabCut,-0.037934,-0.036867,0.006067,-0.067781
GrabCut,0.028866,-0.052043,0.007792,-0.01708
GrabCut,-0.135397,0.066818,0.005318,-0.07272
GrabCut,-0.012976,0.011898,0.007085,0.005843
GrabCut,-0.011496,-0.007442,0.007956,-0.011046
GrabCut,-0.026327,0.07235,0.006418,0.05082
GrabCut,0.025463,-0.045916,0.008881,-0.012933
GrabCut,0.038545,0.082746,0.008531,0.134073
GrabCut,-0.005359,-0.007553,0.006256,-0.006697
GrabCut,-0.04996,0.002443,0.006925,-0.041044
GrabCut,-0.021553,0.075,0.008002,0.060248
GrabCut,-0.006141,0.031406,0.005913,0.031132
GrabCut,0.03115,0.145776,0.005656,0.18815
GrabCut,0.069312,0.055745,0.005543,0.135178
GrabCut,0.04907,0.026342,0.006015,0.08318
GrabCut,0.035214,0.091191,0.004728,0.134956
GrabCut,-0.057456,-0.055885,0.008051,-0.102966
GrabCut,-0.013048,0.116562,0.00668,0.109354
GrabCut,0.130845,0.050379,0.006519,0.195559
GrabCut,0.15297,-0.063753,0.007351,0.0874
GrabCut,-0.0299,0.051183,0.00645,0.02633
GrabCut,-0.057456,0.039362,0.006557,-0.013932
GrabCut,0.014254,-0.046711,0.006539,-0.026801
GrabCut,-0.001174,0.072512,0.006475,0.07819
GrabCut,0.081038,0.087148,0.006609,0.183015
GrabCut,0.09174,-0.010092,0.005555,0.086726
GrabCut,-0.006141,-0.032188,0.007027,-0.031373
GrabCut,0.118468,-0.06653,0.005997,0.050317
GrabCut,-0.017439,-0.022956,0.007172,-0.033109
GrabCut,-0.006101,-0.06639,0.007431,-0.065191
GrabCut,0.081038,-0.105962,0.006199,-0.027519
GrabCut,0.081038,-0.162511,0.007173,-0.088149
GrabCut,-0.189894,0.144854,0.008065,-0.065068
GrabCut,0.086711,0.015848,0.006234,0.110815
GrabCut,0.118468,0.090502,0.00663,0.227778
GrabCut,-0.013048,-0.05658,0.006112,-0.063199
GrabCut,0.050897,-0.038256,0.007787,0.018564
GrabCut,0.009918,0.074553,0.008541,0.09448
GrabCut,-0.069619,-0.036318,0.005245,-0.098706
GrabCut,-0.09653,-0.007415,0.00797,-0.096082
GrabCut,-0.003693,-0.057025,0.007817,-0.053163
GrabCut,-0.026697,0.05923,0.006769,0.03793
GrabCut,-0.064868,-0.066382,0.00719,-0.120666
GrabCut,-0.029917,0.131288,0.005958,0.103981
GrabCut,-0.019313,0.037026,0.006751,0.023864
GrabCut,-0.09653,0.05276,0.006526,-0.042656
GrabCut,-0.193772,-0.030752,0.006138,-0.213768
GrabCut,-0.033855,-0.161931,0.008243,-0.183629
GrabCut,-0.073834,0.11794,0.006489,0.042117
GrabCut,-0.075416,-0.013775,0.007337,-0.081462
GrabCut,0.008745,-0.029651,0.007054,-0.01426
GrabCut,0.089334,0.086192,0.007874,0.192543
GrabCut,-0.042236,0.015992,0.006615,-0.020482
GrabCut,-0.031638,0.015925,0.004243,-0.012044
GrabCut,-0.013958,-0.111265,0.006883,-0.117638
GrabCut,-0.038698,0.010117,0.00718,-0.022
GrabCut,-0.04,-0.176145,0.005812,-0.204503
GrabCut,-0.046296,-0.021771,0.007208,-0.060334
GrabCut,0.00847,-0.028541,0.007077,-0.013379
GrabCut,0.010118,-0.048131,0.007753,-0.031045
GrabCut,0.028866,0.049201,0.006479,0.086481
GrabCut,-0.04,-0.005151,0.007524,-0.037758
GrabCut,0.130845,-0.044828,0.008413,0.089239
GrabCut,-0.031097,0.11433,0.006059,0.086219
GrabCut,0.009918,0.013414,0.005853,0.029456
GrabCut,0.012967,-0.094414,0.005286,-0.077823
GrabCut,0.006861,0.091177,0.006942,0.106291
GrabCut,-0.181941,-0.074657,0.004341,-0.239729
GrabCut,0.001663,0.040969,0.008405,0.051464
GrabCut,0.017378,0.075439,0.006563,0.101308
GrabCut,-0.074494,0.044576,0.009312,-0.024237
GrabCut,-0.069619,0.103846,0.007139,0.03433
GrabCut,-0.013415,0.002903,0.007748,-0.002884
GrabCut,-0.030601,-0.081979,0.006301,-0.104464
GrabCut,-0.006141,0.057175,0.007161,0.058206
GrabCut,-0.010882,0.112871,0.008064,0.109636
GrabCut,0.010717,0.034745,0.007432,0.053607
GrabCut,0.036508,-0.13987,0.005285,-0.103756
GrabCut,-0.014739,-0.067806,0.005782,-0.076235
GrabCut,-0.021553,-0.013471,0.008099,-0.026916
GrabCut,-0.057246,0.034804,0.006959,-0.017646
GrabCut,-0.026697,0.137582,0.006208,0.114086
GrabCut,0.052534,-0.108742,0.00521,-0.057033
GrabCut,-0.04,0.011084,0.006155,-0.023384
GrabCut,-0.011496,0.097222,0.005207,0.090256
GrabCut,0.042373,0.053008,0.005695,0.103878
GrabCut,-0.069652,0.041692,0.008812,-0.022325
GrabCut,-0.116892,0.03338,0.007436,-0.080628
GrabCut,-0.019313,-0.086874,0.007544,-0.097753
GrabCut,-0.135397,-0.133885,0.007152,-0.245798
GrabCut,-0.049837,-0.042835,0.005897,-0.085175
GrabCut,-0.057456,0.018033,0.00697,-0.033771
GrabCut,-0.193772,0.02973,0.007461,-0.163608
GrabCut,-0.031097,0.010601,0.006836,-0.014133
GrabCut,-0.008583,0.078754,0.006541,0.07649
GrabCut,0.000807,-0.027418,0.008483,-0.018376
GrabCut,0.069312,0.224529,0.006551,0.317981
GrabCut,0.036508,0.151068,0.00702,0.201467
GrabCut,0.04907,0.041641,0.005313,0.09856
GrabCut,0.023825,0.156121,0.007803,0.192902
GrabCut,0.168041,0.08754,0.006803,0.278934
GrabCut,0.04907,0.013523,0.004987,0.068559
GrabCut,-0.033855,0.060813,0.008237,0.033342
GrabCut,0.012967,0.094428,0.007251,0.116657
GrabCut,-0.049837,0.222833,0.006562,0.169514
GrabCut,0.030891,0.039081,0.006687,0.078343
GrabCut,-0.037934,-0.051031,0.006581,-0.081021
GrabCut,0.028866,0.019598,0.005879,0.055196
GrabCut,-0.069652,0.056604,0.006912,-0.010197
GrabCut,-0.069619,-0.067428,0.005526,-0.127558
GrabCut,0.00403,-0.071284,0.00843,-0.059681
GrabCut,-0.042219,0.047645,0.007491,0.01093
GrabCut,0.15297,0.083703,0.007902,0.259351
GrabCut,0.000901,0.009761,0.005212,0.015939
GrabCut,-0.030601,0.061526,0.005844,0.035057
GrabCut,0.00699,0.170187,0.005781,0.185178
GrabCut,-0.006101,-0.013766,0.008433,-0.011517
GrabCut,-0.033855,0.070277,0.006525,0.04079
GrabCut,0.022616,0.096502,0.005116,0.127037
GrabCut,-0.135397,0.143209,0.005595,-0.006048
GrabCut,-0.032045,-0.118861,0.007171,-0.140981
GrabCut,0.069312,0.048254,0.008235,0.130141
GrabCut,0.038545,-0.06472,0.0068,-0.022064
GrabCut,0.009918,0.006534,0.008445,0.025101
GrabCut,0.089334,-0.014281,0.006659,0.080927
GrabCut,-0.005359,-0.068652,0.008734,-0.065553
GrabCut,0.051062,-0.112925,0.008755,-0.059466
GrabCut,0.087499,0.015018,0.005328,0.109711
GrabCut,0.009918,-0.037854,0.007864,-0.02067
GrabCut,-0.029917,-0.016311,0.007698,-0.038395
GrabCut,-0.064868,-0.085996,0.006556,-0.139682
GrabCut,0.008912,-0.006788,0.006486,0.008563
GrabCut,0.00403,0.088042,0.007003,0.100077
GrabCut,-0.073834,-0.006619,0.005514,-0.074891
GrabCut,-0.030601,-0.090535,0.006478,-0.112653
GrabCut,0.009918,-0.052367,0.009044,-0.034313
GrabCut,-0.135397,0.087243,0.006822,-0.053553
GrabCut,0.017378,0.068512,0.007399,0.095124
GrabCut,-0.012976,-0.074702,0.008741,-0.078726
GrabCut,0.009517,0.061236,0.004862,0.076545
GrabCut,-0.032655,-0.095646,0.006948,-0.119099
GrabCut,-0.014305,0.008991,0.006741,0.001261
GrabCut,-0.001174,0.090758,0.007708,0.097876
GrabCut,-0.017338,0.093494,0.007351,0.082434
GrabCut,-0.064868,0.051128,0.005274,-0.011872
GrabCut,-0.006141,0.041739,0.005963,0.041515
GrabCut,0.052534,0.020622,0.006754,0.081496
GrabCut,-0.001682,0.010593,0.005573,0.014516
GrabCut,0.022616,-0.097189,0.00836,-0.069053
GrabCut,-0.010882,0.029359,0.007217,0.025506
GrabCut,-0.09714,-0.044905,0.007945,-0.130831
GrabCut,0.052534,-0.062105,0.006357,-0.006558
GrabCut,0.052534,0.094495,0.007749,0.16092
GrabCut,0.046263,0.089282,0.006813,0.147441
GrabCut,-0.047918,-0.024602,0.005508,-0.066227
GrabCut,0.130845,-0.092339,0.004807,0.031358
GrabCut,-0.074494,-0.157833,0.007301,-0.214879
GrabCut,0.009918,0.014597,0.004746,0.029523
GrabCut,0.118468,0.035111,0.006457,0.165213
GrabCut,-0.014458,-0.001219,0.008596,-0.007198
GrabCut,0.036508,-0.026014,0.006781,0.01639
GrabCut,-0.010882,-0.009682,0.006777,-0.01382
GrabCut,0.001906,0.067424,0.006642,0.076562
GrabCut,0.096732,-0.061569,0.00595,0.035331
GrabCut,-0.075416,0.062216,0.007507,-0.010519
GrabCut,0.186751,0.138781,0.005382,0.358723
GrabCut,0.081038,-0.040833,0.00476,0.041832
GrabCut,0.050897,-0.005857,0.006251,0.051273
GrabCut,-0.001174,0.016409,0.006057,0.021365
GrabCut,-0.061071,0.073518,0.007753,0.015772
GrabCut,-0.008583,-0.060106,0.006715,-0.061916
GrabCut,-0.061071,-0.053541,0.006759,-0.105336
GrabCut,-0.074769,0.007877,0.008385,-0.059662
GrabCut,-0.032045,0.022987,0.007148,-0.002716
GrabCut,-0.026327,0.008868,0.005923,-0.011874
GrabCut,0.008912,0.056374,0.006417,0.072627
GrabCut,0.042373,0.103213,0.007886,0.159028
GrabCut,-0.07128,0.113776,0.006698,0.041314
GrabCut,-0.04,0.098303,0.007433,0.062208
GrabCut,-0.042236,-0.031643,0.00632,-0.066681
GrabCut,-0.042219,-0.000529,0.006636,-0.036373
GrabCut,-0.026327,0.055003,0.008355,0.03581
GrabCut,-0.069619,-0.13445,0.007205,-0.188906
GrabCut,-0.042219,-0.019777,0.006946,-0.054641
GrabCut,-0.116892,-0.090905,0.009649,-0.189424
GrabCut,-0.069619,-0.106084,0.007049,-0.162455
GrabCut,-0.013958,-0.12444,0.007245,-0.130406
GrabCut,-0.181941,0.011118,0.005805,-0.168044
GrabCut,0.00403,-0.098114,0.007211,-0.08795
GrabCut,-0.074769,-0.027236,0.007339,-0.093364
GrabCut,-0.073834,0.063164,0.006384,-0.009049
GrabCut,0.010118,-0.064179,0.006127,-0.048919
GrabCut,0.081038,0.042074,0.00673,0.134103
GrabCut,-0.032655,0.107451,0.00434,0.075937
GrabCut,0.087499,-0.027188,0.007653,0.066029
GrabCut,-0.022189,0.193952,0.00718,0.175842
GrabCut,0.00847,0.042456,0.007552,0.059225
GrabCut,0.008912,0.101444,0.007471,0.119562
GrabCut,-0.037934,0.075502,0.007384,0.042344
GrabCut,0.189625,-0.03836,0.007768,0.152878
GrabCut,-0.032045,0.011669,0.005831,-0.015039
GrabCut,0.046263,-0.025053,0.007375,0.027574
GrabCut,-0.059721,0.011702,0.006092,-0.042922
GrabCut,-0.09714,-0.06157,0.007685,-0.146218
GrabCut,-0.064868,-0.034297,0.007271,-0.090374
GrabCut,0.118468,-0.07583,0.006625,0.040503
GrabCut,-0.031097,-0.029838,0.006213,-0.054167
GrabCut,-0.03437,0.038978,0.005825,0.009112
GrabCut,0.030891,0.25045,0.005449,0.296101
GrabCut,-0.059721,0.054566,0.005891,-0.002572
GrabCut,0.00847,-0.101785,0.007389,-0.087484
GrabCut,0.009517,-0.046996,0.007036,-0.031158
GrabCut,-0.047918,0.151305,0.007354,0.104198
GrabCut,-0.005359,-0.031154,0.007597,-0.029025
GrabCut,0.028866,0.001092,0.007751,0.037972
GrabCut,-0.064868,-0.004977,0.008548,-0.061568
GrabCut,-0.011496,0.038771,0.007109,0.03413
GrabCut,-0.006101,-0.127112,0.008371,-0.125175
GrabCut,0.030891,-0.03689,0.005911,-0.001269
GrabCut,-0.012976,-0.03734,0.006947,-0.04323
GrabCut,-0.019313,0.045029,0.006188,0.031189
GrabCut,-0.042236,-0.018064,0.007872,-0.052133
GrabCut,0.004755,0.006331,0.007248,0.018445
GrabCut,-0.032655,-0.076315,0.007355,-0.099906
GrabCut,-0.014739,0.011158,0.007236,0.003464
GrabCut,0.00403,-0.027514,0.006267,-0.017476
GrabCut,-0.001682,0.075748,0.006046,0.080433
GrabCut,0.006861,0.19023,0.006418,0.206087
GrabCut,-0.042219,0.06063,0.007373,0.023341
GrabCut,-0.011496,0.085949,0.006168,0.080087
GrabCut,-0.108805,0.061161,0.007429,-0.047274
GrabCut,-0.049837,-0.051401,0.006375,-0.092931
GrabCut,0.050897,0.116769,0.005781,0.180394
GrabCut,-0.037934,-0.126812,0.008877,-0.152479
GrabCut,-0.069619,-0.030789,0.006973,-0.091976
GrabCut,-0.008583,0.04981,0.006186,0.047238
GrabCut,-0.014739,-0.01383,0.006673,-0.021881
GrabCut,-0.006101,0.012677,0.007314,0.013859
GrabCut,0.028866,0.057029,0.007512,0.095711
GrabCut,0.032569,0.069111,0.009022,0.11389
GrabCut,0.146161,-0.023314,0.007728,0.128091
GrabCut,0.109045,0.030896,0.007695,0.152107
GrabCut,0.046263,0.113656,0.006799,0.1731
GrabCut,0.096732,0.048641,0.008188,0.159496
GrabCut,-0.073834,-0.046217,0.005256,-0.111996
GrabCut,-0.031638,-0.003237,0.004636,-0.030298
GrabCut,0.159634,-0.044361,0.007321,0.116305
GrabCut,0.087499,-0.038348,0.009069,0.05528
GrabCut,-0.04996,-0.067723,0.007567,-0.107598
GrabCut,0.030891,-0.024149,0.008088,0.014134
GrabCut,-0.040087,-0.0126,0.008531,-0.044096
GrabCut,0.159634,0.068188,0.00654,0.246809
GrabCut,0.00847,-0.099316,0.007624,-0.084763
GrabCut,0.032569,-0.130755,0.008845,-0.094506
GrabCut,-0.013958,0.013572,0.006333,0.005753
GrabCut,0.012967,-0.014618,0.006878,0.005025
GrabCut,0.046263,-0.091022,0.006459,-0.042827
GrabCut,0.022616,0.060798,0.006294,0.091617
GrabCut,-0.016954,-0.150081,0.00881,-0.15713
GrabCut,-0.09653,0.01128,0.00669,-0.080227
GrabCut,0.006861,-0.064771,0.007594,-0.051204
GrabCut,-0.063402,-0.019034,0.006735,-0.075041
GrabCut,0.006861,-0.032901,0.008293,-0.018191
GrabCut,0.009517,0.030297,0.006411,0.046771
GrabCut,0.008745,-0.02967,0.007533,-0.01381
GrabCut,-0.09653,0.001157,0.005357,-0.09064
GrabCut,0.001663,-0.024862,0.005613,-0.017758
GrabCut,-0.003693,-0.072096,0.006665,-0.069361
GrabCut,-0.021553,-0.007284,0.007362,-0.021529
GrabCut,-0.011496,-0.013198,0.008708,-0.016047
GrabCut,-0.074769,0.032548,0.006504,-0.038441
GrabCut,0.010717,-0.153711,0.006356,-0.139205
GrabCut,-0.014458,0.073149,0.006407,0.064409
GrabCut,0.004755,0.048054,0.007075,0.060488
GrabCut,-0.013048,0.048952,0.005718,0.041185
GrabCut,-0.026697,0.022489,0.008363,0.003514
GrabCut,-0.138821,-0.068564,0.006592,-0.192578
GrabCut,-0.118625,0.0412,0.007978,-0.074991
GrabCut,0.00403,-0.02708,0.00622,-0.017083
GrabCut,0.035529,-0.131553,0.006487,-0.094864
GrabCut,0.186751,-0.155846,0.00747,0.009284
GrabCut,-0.042219,-0.102003,0.007315,-0.133624
GrabCut,-0.069652,0.178892,0.006769,0.104204
GrabCut,0.168041,0.137546,0.005099,0.335475
GrabCut,-0.031097,0.047037,0.007951,0.022543
GrabCut,-0.017439,0.01579,0.006726,0.00479
GrabCut,0.028866,-0.010217,0.00838,0.026888
GrabCut,0.022616,0.003457,0.007553,0.033901
GrabCut,0.001663,0.043148,0.006461,0.051633
GrabCut,0.012967,-0.027148,0.006579,-0.00805
GrabCut,-0.029753,-0.012184,0.005828,-0.035989
GrabCut,-0.005781,-0.067796,0.005977,-0.067646
GrabCut,0.034225,-0.01035,0.008357,0.032074
GrabCut,0.010717,0.152965,0.007229,0.173745
GrabCut,0.069312,0.008707,0.006737,0.085889
GrabCut,-0.017338,0.025305,0.009162,0.016758
GrabCut,-0.017439,-0.020915,0.007601,-0.030676
GrabCut,-0.02376,-0.038484,0.007069,-0.054694
GrabCut,-0.005359,-0.020118,0.00578,-0.019735
GrabCut,0.032569,0.20444,0.007735,0.253287
GrabCut,-0.069619,-0.068144,0.008783,-0.125403
GrabCut,0.021183,-0.051345,0.005891,-0.025544
GrabCut,-0.006101,0.069531,0.0067,0.070128
GrabCut,0.038545,0.03022,0.006133,0.076493
GrabCut,0.030891,-0.100946,0.006608,-0.067048
GrabCut,0.010717,-0.02193,0.00607,-0.005447
GrabCut,-0.135397,0.051249,0.004862,-0.086667
GrabCut,0.034225,0.04046,0.006586,0.083156
GrabCut,-0.046296,0.068516,0.006949,0.02613
GrabCut,0.081038,-0.021035,0.006587,0.065269
GrabCut,0.000901,0.005868,0.007467,0.014292
GrabCut,-0.017439,0.008261,0.007865,-0.00153
GrabCut,-0.118625,-0.030045,0.00656,-0.139498
GrabCut,-0.193772,-0.062881,0.008175,-0.238291
GrabCut,-0.014458,-0.044351,0.009474,-0.049246
GrabCut,0.00847,-0.043383,0.007466,-0.028078
GrabCut,0.012967,-0.035707,0.005204,-0.01812
GrabCut,0.012967,0.067152,0.007468,0.089063
GrabCut,-0.03437,-0.068106,0.006934,-0.093895
GrabCut,0.017378,-0.051782,0.00571,-0.029796
GrabCut,-0.189894,0.060439,0.007507,-0.134483
GrabCut,-0.030601,0.155782,0.00707,0.128335
GrabCut,-0.029917,-0.048345,0.005931,-0.071341
GrabCut,-0.047918,0.075688,0.006531,0.030831
GrabCut,0.189625,-0.05361,0.006379,0.133031
GrabCut,0.001906,-0.000133,0.007293,0.009078
GrabCut,0.022616,0.002474,0.008628,0.033991
GrabCut,-0.189894,-0.016747,0.006518,-0.198269
GrabCut,-0.193772,-0.069489,0.008112,-0.24371
GrabCut,-0.022189,0.017566,0.006551,0.001506
GrabCut,0.000807,0.049506,0.006394,0.057069
GrabCut,-0.09653,0.08034,0.005417,-0.018658
GrabCut,-0.012976,-0.052309,0.007039,-0.058022
GrabCut,-0.017439,0.057643,0.004948,0.044341
GrabCut,-0.04,0.014447,0.007976,-0.018363
GrabCut,-0.189894,-0.01622,0.009525,-0.195444
GrabCut,-0.031097,0.003454,0.00854,-0.019448
GrabCut,-0.026697,0.03373,0.007676,0.013855
GrabCut,-0.06839,0.072451,0.008456,0.007555
GrabCut,-0.010882,-0.03835,0.006404,-0.042723
GrabCut,0.042373,-0.012215,0.007381,0.03724
GrabCut,0.009517,0.142567,0.007222,0.161771
GrabCut,-0.010882,-0.065386,0.005566,-0.070412
GrabCut,-0.108805,0.174219,0.007633,0.054446
GrabCut,-0.013958,0.024616,0.006565,0.016946
GrabCut,0.010717,-0.003024,0.00531,0.013011
GrabCut,-0.042236,-0.086551,0.008627,-0.117584
GrabCut,-0.031638,0.01976,0.008042,-0.004562
GrabCut,-0.118625,0.124544,0.007626,-0.001297
GrabCut,0.00699,-0.074969,0.007045,-0.06194
GrabCut,0.042955,0.083424,0.006794,0.13764
GrabCut,0.000901,0.059665,0.00561,0.066571
GrabCut,-0.063402,0.058615,0.006795,-0.001766
GrabCut,0.00847,0.078415,0.008075,0.096331
GrabCut,0.052534,-0.07243,0.006679,-0.017181
GrabCut,-0.189894,-0.110998,0.006799,-0.274918
GrabCut,0.009918,0.192457,0.008093,0.21403
GrabCut,0.012967,-0.007586,0.007039,0.012358
GrabCut,-0.032655,-0.111064,0.007986,-0.133225
GrabCut,0.025463,-0.069143,0.005864,-0.039843
GrabCut,-0.032045,-0.212212,0.008832,-0.230721
GrabCut,-0.09714,0.00582,0.006704,-0.085797
GrabCut,-0.042236,0.046809,0.007366,0.009982
GrabCut,0.001663,0.030414,0.006048,0.038369
GrabCut,-0.013415,0.15557,0.006517,0.147497
GrabCut,-0.008583,0.104914,0.005762,0.101742
GrabCut,-0.033855,-0.117566,0.006642,-0.141778
GrabCut,-0.005781,0.090964,0.00608,0.091252
GrabCut,0.09174,0.014696,0.006947,0.115481
GrabCut,0.04907,-0.07237,0.00561,-0.021392
GrabCut,0.118468,-0.017129,0.006703,0.106678
GrabCut,-0.064868,-0.085486,0.006259,-0.139456
GrabCut,-0.040087,0.142323,0.007292,0.104527
GrabCut,0.028866,-0.03716,0.007845,-0.001596
GrabCut,-0.029753,0.086456,0.007907,0.062466
GrabCut,-0.047918,-0.034175,0.007796,-0.073287
GrabCut,-0.012976,0.1319,0.004738,0.122506
GrabCut,-0.116892,-0.084627,0.006691,-0.186218
GrabCut,0.00403,0.047864,0.005176,0.057533
GrabCut,-0.03437,0.088487,0.006227,0.057621
GrabCut,0.03115,0.0721,0.007272,0.113535
GrabCut,-0.005781,-0.131567,0.006045,-0.131369
GrabCut,0.010118,-0.007915,0.007948,0.010088
GrabCut,0.15297,0.086717,0.005699,0.260093
GrabCut,-0.001174,0.204576,0.005605,0.209906
GrabCut,-0.057246,0.099162,0.005584,0.042026
GrabCut,-0.006101,-0.059691,0.006996,-0.05889
GrabCut,-0.008592,0.101458,0.007839,0.100554
GrabCut,0.00847,-0.077735,0.00737,-0.063069
GrabCut,0.028866,-0.107191,0.005276,-0.076573
GrabCut,-0.049365,0.010751,0.005473,-0.033886
GrabCut,0.025463,-0.064123,0.006923,-0.033649
GrabCut,-0.029917,-0.052224,0.009524,-0.071823
GrabCut,-0.026697,-0.010083,0.007676,-0.029115
GrabCut,0.009517,-0.086524,0.008866,-0.069654
GrabCut,0.012967,0.002256,0.007796,0.023167
GrabCut,-0.069619,-0.020967,0.005758,-0.083881
GrabCut,-0.07128,0.025352,0.008648,-0.039501
GrabCut,-0.029753,0.053986,0.007442,0.030237
GrabCut,-0.021553,0.071027,0.005009,0.053192
GrabCut,-0.014458,-0.077068,0.008313,-0.082851
GrabCut,0.118468,-0.088871,0.005559,0.024734
GrabCut,0.025463,0.052093,0.007528,0.087004
GrabCut,0.004755,-0.106811,0.00751,-0.095824
GrabCut,-0.059721,0.013873,0.008014,-0.039036
GrabCut,-0.042236,0.024173,0.007852,-0.011382
GrabCut,-0.016954,0.025757,0.009698,0.018145
GrabCut,-0.031097,0.125168,0.005913,0.096624
GrabCut,0.00403,0.053049,0.0066,0.064271
GrabCut,0.010717,0.02596,0.007214,0.044436
GrabCut,0.00847,-0.065224,0.007118,-0.050597
GrabCut,0.036508,-0.011245,0.007689,0.032733
GrabCut,-0.057456,-0.052626,0.007265,-0.10057
GrabCut,-0.138821,0.008373,0.005947,-0.126446
GrabCut,-0.032045,0.00275,0.006919,-0.022667
GrabCut,-0.026421,0.032113,0.006388,0.011262
GrabCut,0.006861,0.11857,0.007108,0.134249
GrabCut,0.014254,-0.015611,0.007462,0.00587
GrabCut,0.146161,0.104301,0.006315,0.2737
GrabCut,0.042373,0.091709,0.007028,0.145966
GrabCut,0.051062,-0.054518,0.007541,0.001255
GrabCut,-0.057246,-0.03784,0.007435,-0.086176
GrabCut,0.009918,-0.126232,0.010304,-0.108473
GrabCut,-0.09653,0.02261,0.007175,-0.069473
GrabCut,0.130845,0.043215,0.006036,0.186836
GrabCut,-0.193772,0.016113,0.007298,-0.174803
GrabCut,0.03115,0.016667,0.007647,0.056354
GrabCut,-0.0299,0.00769,0.007567,-0.015044
GrabCut,-0.069652,-0.048487,0.006935,-0.108623
GrabCut,0.15297,-0.063811,0.006776,0.086711
GrabCut,-0.049837,0.032443,0.006583,-0.012554
GrabCut,-0.026327,0.245907,0.006847,0.221412
GrabCut,0.032569,0.036729,0.006227,0.07716
GrabCut,-0.011496,0.087486,0.006793,0.082287
GrabCut,-0.003693,-0.007787,0.005866,-0.005653
GrabCut,0.00403,0.010359,0.007222,0.021757
GrabCut,-0.063402,0.157591,0.007208,0.092012
GrabCut,-0.073834,0.010712,0.005611,-0.05866
GrabCut,-0.049837,-0.076994,0.007124,-0.116746
GrabCut,0.04907,-0.005839,0.00584,0.049036
GrabCut,0.050897,-0.064078,0.007188,-0.009372
GrabCut,-0.118625,0.0389,0.005854,-0.07898
GrabCut,0.038545,-0.008123,0.007207,0.037534
GrabCut,-0.0299,0.021164,0.007178,-0.002259
GrabCut,0.034225,-0.033846,0.006993,0.006209
GrabCut,-0.000477,0.154112,0.007906,0.162682
GrabCut,-0.011496,-0.02236,0.006405,-0.027409
GrabCut,-0.181941,-0.068744,0.006168,-0.233479
GrabCut,0.001663,-0.00058,0.004706,0.005793
GrabCut,0.089334,-0.033806,0.00741,0.060307
GrabCut,-0.017314,-0.091668,0.006399,-0.101682
GrabCut,0.168041,-0.0276,0.006895,0.143635
GrabCut,-0.033855,-0.1578,0.008215,-0.179628
GrabCut,0.086711,-0.072303,0.006323,0.014513
GrabCut,-0.014305,-0.037223,0.00705,-0.044305
GrabCut,-0.026327,0.07464,0.008386,0.055123
GrabCut,-0.017338,0.122917,0.006861,0.111018
GrabCut,-0.017314,0.041845,0.007458,0.031442
GrabCut,-0.005359,0.026254,0.006686,0.027579
GrabCut,-0.026421,-0.029873,0.006156,-0.049691
GrabCut,0.081038,-0.108511,0.005484,-0.030981
GrabCut,0.008912,-0.075743,0.006916,-0.061057
GrabCut,-0.08941,-0.097548,0.00567,-0.173577
GrabCut,0.189625,0.114854,0.007535,0.336252
GrabCut,-0.115385,-0.028584,0.007181,-0.1345
GrabCut,-0.022189,-0.011703,0.00638,-0.027466
GrabCut,-0.038698,0.033243,0.00751,0.000718
GrabCut,-0.059721,0.01876,0.006963,-0.035411
GrabCut,-0.031097,-0.051282,0.007137,-0.074225
GrabCut,-0.008592,-0.025319,0.007941,-0.02602
GrabCut,-0.013415,-0.115593,0.00635,-0.121917
GrabCut,-0.074494,0.001912,0.007418,-0.065847
GrabCut,0.051062,0.026942,0.005341,0.085145
GrabCut,-0.118625,0.083281,0.006381,-0.03913
GrabCut,-0.181941,0.015297,0.005943,-0.16449
GrabCut,-0.031097,-0.050526,0.008509,-0.072224
GrabCut,0.000807,-0.047805,0.008499,-0.038937
GrabCut,-0.006101,-0.068045,0.007261,-0.067005
GrabCut,-0.005781,0.023919,0.007684,0.025822
GrabCut,-0.017439,0.003474,0.008553,-0.005592
GrabCut,-0.000477,-0.04123,0.006096,-0.035845
GrabCut,0.130845,-0.071956,0.007113,0.056939
GrabCut,-0.03437,-0.073405,0.008492,-0.097654
GrabCut,-0.037934,0.149952,0.007928,0.1151
GrabCut,0.014254,-0.011718,0.005855,0.008238
GrabCut,-0.02376,-0.014716,0.008754,-0.029706
GrabCut,-0.013048,-0.093718,0.004319,-0.101681
GrabCut,-0.07128,-0.06842,0.008753,-0.12725
GrabCut,-0.017338,-0.137858,0.007296,-0.146624
GrabCut,-0.031097,0.038271,0.007007,0.013032
GrabCut,0.021183,-0.063219,0.006427,-0.037228
GrabCut,0.035214,0.083809,0.007335,0.130204
GrabCut,0.086711,0.170082,0.008462,0.282301
GrabCut,0.008745,-0.049925,0.005958,-0.035907
GrabCut,-0.038698,0.059905,0.008011,0.027052
GrabCut,-0.026327,0.019076,0.005486,-0.00231
GrabCut,0.00847,0.0227,0.006832,0.038408
GrabCut,0.086711,0.021284,0.007788,0.118485
GrabCut,-0.049365,-0.076351,0.006253,-0.116457
GrabCut,-0.016954,-0.081265,0.006377,-0.091081
GrabCut,-0.118625,0.083803,0.007064,-0.038015
GrabCut,0.030891,0.010543,0.006339,0.048363
GrabCut,0.008912,-0.172176,0.00707,-0.158894
GrabCut,0.042955,0.022317,0.005352,0.071937
GrabCut,0.118468,-0.040275,0.005762,0.079606
GrabCut,0.189625,0.087876,0.006377,0.302417
GrabCut,0.009918,0.032307,0.005938,0.048736
GrabCut,-0.011496,0.042465,0.007051,0.037747
GrabCut,0.012967,0.028248,0.005291,0.047092
GrabCut,-0.031638,-0.007481,0.008176,-0.031024
GrabCut,-0.029917,-0.019105,0.008101,-0.040742
GrabCut,-0.013048,0.020684,0.005519,0.012925
GrabCut,0.021183,0.131143,0.006655,0.162791
GrabCut,-0.116892,0.056291,0.006459,-0.061156
GrabCut,0.189625,0.091376,0.00843,0.309274
GrabCut,0.00403,0.040781,0.008059,0.053397
GrabCut,-0.031097,0.041924,0.007499,0.017094
GrabCut,-0.074769,0.019912,0.007109,-0.049638
GrabCut,0.025463,-0.026931,0.006925,0.004756
GrabCut,-0.033855,0.140154,0.007808,0.110155
GrabCut,0.009918,-0.053793,0.008177,-0.036594
GrabCut,0.00847,0.025913,0.006603,0.041433
GrabCut,-0.003693,0.189549,0.008051,0.194698
GrabCut,0.034225,0.038318,0.005546,0.07981
GrabCut,-0.089341,-0.052321,0.007633,-0.1304
GrabCut,-0.032045,-0.055632,0.005113,-0.08122
GrabCut,0.028866,-0.020942,0.007801,0.015178
GrabCut,-0.014739,-0.098433,0.007114,-0.105402
GrabCut,0.021183,0.054557,0.007346,0.084806
GrabCut,-0.013958,-0.00153,0.007365,-0.008215
GrabCut,0.00847,-0.073176,0.006555,-0.059199
GrabCut,0.186751,-0.001883,0.005423,0.19094
GrabCut,0.081038,-0.005095,0.005561,0.081511
GrabCut,-0.030601,-0.015415,0.007445,-0.038438
GrabCut,-0.031638,0.027117,0.005039,-0.000367
GrabCut,-0.0299,-0.038974,0.004757,-0.063274
GrabCut,-0.03437,-0.015606,0.005933,-0.0438
GrabCut,0.051062,-0.064282,0.006316,-0.010291
GrabCut,-0.017439,0.128621,0.006421,0.116061
GrabCut,0.15297,-0.055624,0.007612,0.097125
GrabCut,-0.075416,-0.086676,0.006897,-0.149731
GrabCut,-0.189894,0.024265,0.007343,-0.164144
GrabCut,-0.017338,-0.114708,0.006314,-0.124564
GrabCut,0.000807,0.187852,0.006425,0.196449
GrabCut,-0.042236,-0.085062,0.005813,-0.118611
GrabCut,0.010118,-0.128792,0.007902,-0.113024
GrabCut,0.009517,0.149405,0.005659,0.16691
GrabCut,0.086711,-0.081147,0.006176,0.004696
GrabCut,-0.037934,-0.009726,0.007249,-0.040385
GrabCut,-0.019313,-0.08264,0.00558,-0.095336
GrabCut,0.055934,0.037641,0.007478,0.103874
GrabCut,-0.057246,0.089739,0.0062,0.033725
GrabCut,0.038545,0.1504,0.005343,0.201127
GrabCut,0.008745,0.007802,0.005598,0.022306
GrabCut,0.025463,-0.070217,0.007051,-0.039819
GrabCut,0.09174,-0.088798,0.006438,0.0012
GrabCut,-0.016954,0.0581,0.007303,0.047757
GrabCut,0.006861,0.042938,0.00802,0.058516
GrabCut,-0.073834,0.023704,0.006972,-0.04527
GrabCut,0.001663,-0.084079,0.006484,-0.076608
GrabCut,-0.193772,0.192244,0.006013,-0.032999
GrabCut,-0.013415,0.069656,0.009073,0.06488
GrabCut,-0.193772,-0.002474,0.008198,-0.189173
GrabCut,-0.04996,-0.038976,0.005694,-0.08179
GrabCut,0.096732,0.053346,0.005298,0.161359
GrabCut,0.000901,0.096291,0.006553,0.104469
GrabCut,0.04907,-0.077056,0.00728,-0.024718
GrabCut,0.159634,-0.061304,0.004938,0.093919
GrabCut,-0.042219,0.007577,0.007945,-0.027295
GrabCut,-0.011496,-0.037409,0.006883,-0.041925
GrabCut,-0.135397,0.066276,0.005526,-0.072999
GrabCut,-0.026697,-0.046989,0.007362,-0.065603
GrabCut,-0.022189,0.060069,0.006373,0.043154
GrabCut,-0.012976,0.002624,0.006642,-0.003813
GrabCut,0.050897,-0.180975,0.006267,-0.133895
GrabCut,-0.189894,0.084697,0.005965,-0.116039
GrabCut,-0.115385,-0.004115,0.005854,-0.113867
GrabCut,0.089334,0.048149,0.008372,0.151343
GrabCut,-0.061071,-0.02965,0.005785,-0.083639
GrabCut,-0.019313,-0.074969,0.006594,-0.086852
GrabCut,-0.09653,0.077906,0.007787,-0.01856
GrabCut,0.00847,0.027006,0.006733,0.042678
GrabCut,-0.09653,0.04305,0.00689,-0.051142
GrabCut,0.081038,-0.010195,0.010102,0.080826
GrabCut,-0.016954,0.039972,0.006164,0.028643
GrabCut,0.050897,-0.020234,0.00624,0.036058
GrabCut,-0.029753,-0.033564,0.006752,-0.055987
GrabCut,-0.033855,0.012843,0.005246,-0.016313
GrabCut,-0.017314,0.001862,0.00757,-0.008031
GrabCut,-0.030601,0.000339,0.005522,-0.024918
GrabCut,-0.069619,-0.028931,0.006672,-0.090508
GrabCut,-0.030601,0.044435,0.007207,0.019772
GrabCut,0.000901,0.084981,0.006972,0.09353
GrabCut,0.010118,-0.065558,0.004194,-0.052145
GrabCut,0.009517,-0.041816,0.007132,-0.025798
GrabCut,0.087499,0.124727,0.005425,0.229775
GrabCut,-0.189894,0.011619,0.005698,-0.175812
GrabCut,-0.04,-0.026333,0.009108,-0.056766
GrabCut,-0.09714,0.157179,0.006329,0.051383
GrabCut,0.086711,0.158762,0.006876,0.267898
GrabCut,-0.031638,0.058728,0.005653,0.031028
GrabCut,-0.033855,-0.027841,0.005605,-0.055489
GrabCut,-0.057246,0.020853,0.005932,-0.031877
GrabCut,-0.012976,-0.016131,0.006706,-0.022386
GrabCut,0.081038,0.080799,0.006108,0.175521
GrabCut,-0.017338,-0.060611,0.007815,-0.069685
GrabCut,-0.030601,0.066942,0.009384,0.043998
GrabCut,-0.029753,0.015086,0.00842,-0.006823
GrabCut,-0.07128,-0.027108,0.007337,-0.089826
GrabCut,-0.016954,-0.109977,0.005626,-0.120144
GrabCut,-0.042219,0.020621,0.006417,-0.016196
GrabCut,0.146161,0.017363,0.009113,0.176689
GrabCut,0.087499,0.08283,0.006078,0.184734
GrabCut,-0.135397,-0.1231,0.007063,-0.236474
GrabCut,0.012967,-0.007712,0.005735,0.01092
GrabCut,-0.019313,-0.036562,0.008159,-0.047459
GrabCut,0.035529,0.003139,0.006375,0.045402
GrabCut,0.000901,-0.077563,0.007048,-0.070224
GrabCut,0.028866,0.123804,0.006398,0.163642
GrabCut,-0.075416,0.061998,0.007537,-0.010693
GrabCut,-0.031097,0.069469,0.00698,0.043444
GrabCut,-0.021553,0.062182,0.007706,0.047299
GrabCut,0.046263,-0.007666,0.007204,0.045722
GrabCut,0.038545,-0.030497,0.00536,0.01227
GrabCut,-0.029917,-0.016603,0.007976,-0.038414
GrabCut,-0.026697,-0.022964,0.007347,-0.042062
GrabCut,-0.005359,-0.07809,0.007233,-0.076398
GrabCut,-0.02376,0.083989,0.00598,0.064562
GrabCut,-0.138821,0.000522,0.007748,-0.131695
GrabCut,0.023825,0.139515,0.007177,0.175038
GrabCut,-0.049365,0.129676,0.006591,0.080988
GrabCut,-0.135397,0.029788,0.007408,-0.103046
GrabCut,-0.047918,0.176374,0.008843,0.129908
GrabCut,-0.030601,-0.031738,0.005549,-0.056159
GrabCut,-0.014458,-0.05423,0.006374,-0.061964
GrabCut,-0.000477,0.005976,0.005865,0.011393
GrabCut,-0.064868,-0.02563,0.00588,-0.083478
GrabCut,-0.116892,-0.047539,0.007044,-0.152949
GrabCut,-0.032655,-0.192992,0.008323,-0.212847
GrabCut,0.04907,0.126245,0.007589,0.190477
GrabCut,-0.047918,-0.010794,0.006929,-0.05167
GrabCut,-0.000477,0.023324,0.007791,0.030804
GrabCut,-0.057456,0.039094,0.007518,-0.013246
GrabCut,-0.037934,0.01889,0.008039,-0.011881
GrabCut,-0.061071,-0.166684,0.007065,-0.212047
GrabCut,-0.042236,-0.010085,0.007122,-0.045142
GrabCut,-0.042219,0.014081,0.006051,-0.022855
GrabCut,-0.061071,-0.059661,0.008281,-0.109777
GrabCut,0.023825,0.001384,0.004831,0.030195
GrabCut,-0.193772,-0.051627,0.008059,-0.229233
GrabCut,0.012967,0.081545,0.005977,0.102117
GrabCut,0.028866,-0.063634,0.007981,-0.028916
GrabCut,-0.02376,-0.022716,0.007567,-0.038716
GrabCut,-0.042219,0.08642,0.006156,0.046957
GrabCut,0.189625,0.055875,0.00679,0.264625
GrabCut,-0.08941,-7.8e-05,0.008928,-0.081352
GrabCut,0.030891,-0.118504,0.006718,-0.085169
GrabCut,0.025463,-0.158179,0.008077,-0.129771
GrabCut,-0.037934,-0.040641,0.006309,-0.071211
GrabCut,0.086711,-0.02851,0.00651,0.062602
GrabCut,0.030891,0.04551,0.006197,0.084487
GrabCut,0.017378,0.08298,0.00779,0.110382
GrabCut,0.000807,0.161049,0.008182,0.171494
GrabCut,0.021183,0.043854,0.004823,0.071107
GrabCut,-0.001682,-0.086487,0.006159,-0.082406
GrabCut,-0.069652,0.061274,0.005357,-0.007357
GrabCut,0.008912,-0.015088,0.005639,-0.000707
GrabCut,-0.023363,-0.061755,0.007833,-0.076498
GrabCut,-0.006141,-0.035494,0.008363,-0.033401
GrabCut,-0.189894,0.019117,0.006641,-0.168925
GrabCut,-0.049365,0.009132,0.006455,-0.034492
GrabCut,-0.189894,0.025496,0.005443,-0.164718
GrabCut,-0.04996,-0.027181,0.007356,-0.068985
GrabCut,0.023825,-0.194198,0.006256,-0.169838
GrabCut,-0.061071,0.003142,0.006531,-0.05197
GrabCut,-0.09714,-0.023595,0.006192,-0.112984
Watershed,-0.027171,0.089486,0.005983,0.066225
Watershed,-0.158462,0.064483,0.008046,-0.096989
Watershed,0.002172,0.059237,0.006685,0.068634
Watershed,0.015547,-0.061557,0.007181,-0.040122
Watershed,-0.031,0.039779,0.007415,0.015017
Watershed,-0.008897,0.116714,0.007339,0.114902
Watershed,-0.060267,-0.010119,0.006987,-0.063277
Watershed,-0.083725,0.076749,0.007429,-0.006072
Watershed,-0.071723,-0.01896,0.009079,-0.081055
Watershed,-0.043688,-0.001286,0.00624,-0.038958
Watershed,-0.121063,-0.024662,0.006263,-0.137371
Watershed,-0.126498,-0.029817,0.005999,-0.147459
Watershed,-0.158462,-0.007608,0.007842,-0.158315
Watershed,0.140078,0.128168,0.006656,0.29476
Watershed,-0.106481,0.07371,0.007086,-0.033822
Watershed,-0.047948,-0.001325,0.005976,-0.043527
Watershed,-0.079724,-0.057743,0.007464,-0.126391
Watershed,-0.129735,-0.018033,0.007475,-0.139041
Watershed,0.03532,0.055884,0.007589,0.101474
Watershed,0.026786,-0.054353,0.00521,-0.023964
Watershed,-0.056334,-0.073,0.00752,-0.118643
Watershed,0.028516,0.043121,0.005969,0.079272
Watershed,-0.02589,0.026846,0.007197,0.00746
Watershed,-0.038075,0.045542,0.007709,0.013487
Watershed,-0.010379,-0.088103,0.007487,-0.090812
Watershed,-0.079121,0.085447,0.006947,0.006509
Watershed,-0.024405,-0.157365,0.006731,-0.172396
Watershed,0.232625,-0.002395,0.006249,0.237357
Watershed,-0.164968,0.04387,0.006537,-0.122638
Watershed,-0.056848,0.22425,0.00721,0.162979
Watershed,-0.075761,-0.104211,0.00697,-0.166306
Watershed,-0.008641,-0.075963,0.006464,-0.078025
Watershed,0.140966,0.166822,0.005541,0.338681
Watershed,-0.164968,-0.111594,0.007525,-0.25257
Watershed,0.03532,-0.033681,0.006434,0.006886
Watershed,0.019594,-0.095945,0.007386,-0.071422
Watershed,-0.043688,0.007803,0.007757,-0.02875
Watershed,-0.010379,0.062009,0.005763,0.057043
Watershed,0.032498,-0.070375,0.006464,-0.033959
Watershed,-0.018928,-0.030904,0.008147,-0.041501
Watershed,-0.079092,0.045518,0.007142,-0.030298
Watershed,-0.093314,-0.165553,0.006845,-0.238239
Watershed,-0.092124,0.083638,0.006966,-0.009338
Watershed,-0.031998,-0.020509,0.00757,-0.044674
Watershed,-0.029316,0.025027,0.007636,0.002575
Watershed,-0.165677,-0.039459,0.00787,-0.192292
Watershed,-0.027171,0.080524,0.007553,0.059105
Watershed,-0.03591,0.056039,0.004402,0.022598
Watershed,-0.055117,-0.096302,0.004986,-0.141853
Watershed,-0.030976,0.034322,0.006761,0.009059
Watershed,-0.126504,-0.031122,0.007611,-0.147248
Watershed,-0.057171,0.013961,0.006889,-0.037422
Watershed,-0.007259,-0.016314,0.006341,-0.017262
Watershed,-0.025272,-0.037446,0.00677,-0.05542
Watershed,-0.075761,-0.039995,0.006177,-0.107245
Watershed,-0.106481,-0.036295,0.007044,-0.132847
Watershed,-0.007259,-0.050868,0.008979,-0.049297
Watershed,-0.116016,-0.084821,0.00669,-0.185585
Watershed,0.140078,-0.048069,0.006705,0.092552
Watershed,-0.126498,-0.050221,0.006008,-0.165382
Watershed,-0.060899,0.175182,0.005749,0.109959
Watershed,-0.030976,-0.15677,0.008915,-0.175605
Watershed,-0.036328,-0.013073,0.007731,-0.041572
Watershed,-0.079092,-0.009663,0.00664,-0.081935
Watershed,-0.079121,0.032786,0.007776,-0.041533
Watershed,-0.076034,0.073929,0.005463,-0.002305
Watershed,-0.008032,0.025764,0.006292,0.023926
Watershed,-0.023222,-0.049176,0.006136,-0.065557
Watershed,0.001729,0.038811,0.007203,0.048102
Watershed,-0.067854,0.075671,0.008645,0.01135
Watershed,-0.140882,-0.003625,0.007623,-0.137472
Watershed,0.026786,0.060652,0.007621,0.097363
Watershed,-0.000791,0.037741,0.007054,0.044234
Watershed,-0.050454,-0.02661,0.006954,-0.069294
Watershed,-0.044545,0.057904,0.008013,0.018878
Watershed,-0.143257,0.015075,0.007346,-0.123954
Watershed,-0.072565,0.091182,0.004409,0.016462
Watershed,-0.121063,0.126082,0.009396,-0.000946
Watershed,-0.047948,-0.011102,0.006154,-0.052723
Watershed,-0.088655,-0.051091,0.006856,-0.129287
Watershed,0.015547,-0.116482,0.00681,-0.096636
Watershed,-0.114569,0.018152,0.006106,-0.092992
Watershed,-0.079121,-0.00044,0.008475,-0.071725
Watershed,0.053225,0.007243,0.006656,0.067915
Watershed,-0.017684,0.088068,0.006347,0.075611
Watershed,-0.118483,-0.039831,0.007124,-0.147565
Watershed,-0.070804,-0.133763,0.009409,-0.187523
Watershed,-0.079092,0.062391,0.006901,-0.014884
Watershed,0.019594,-0.00397,0.0089,0.024585
Watershed,-0.009315,-0.084916,0.004766,-0.08912
Watershed,-0.166975,0.021014,0.006984,-0.143529
Watershed,-0.165677,0.028641,0.008412,-0.134562
Watershed,0.03532,0.021487,0.005682,0.063575
Watershed,-0.047719,-0.054979,0.006159,-0.094532
Watershed,-0.07464,-0.092043,0.006615,-0.154255
Watershed,-0.070804,-0.07851,0.00501,-0.139464
Watershed,-0.056848,-0.141936,0.008144,-0.184124
Watershed,-0.03591,0.014748,0.006331,-0.015499
Watershed,-0.015471,0.024108,0.007194,0.015518
Watershed,-0.056334,-0.069082,0.005103,-0.117041
Watershed,-0.083158,-0.001116,0.007839,-0.077001
Watershed,-0.092124,-0.012685,0.008087,-0.096392
Watershed,0.028516,0.002956,0.006852,0.038625
Watershed,0.015547,-0.081486,0.006782,-0.06088
Watershed,-0.033818,0.000639,0.006323,-0.027088
Watershed,-0.093314,0.137877,0.005869,0.037752
Watershed,0.028516,-0.028676,0.005914,0.004931
Watershed,0.053225,0.043344,0.008268,0.107962
Watershed,-0.056334,0.040327,0.008861,-0.009579
Watershed,0.225237,0.109725,0.007759,0.370225
Watershed,0.026453,-0.01763,0.007775,0.016197
Watershed,-0.038075,-0.050536,0.007235,-0.080078
Watershed,-0.088655,-0.03502,0.007005,-0.11441
Watershed,-0.126498,-0.044394,0.00856,-0.158131
Watershed,-0.056848,0.034146,0.008791,-0.016069
Watershed,-0.033818,-0.030936,0.007121,-0.05704
Watershed,-0.007259,0.02133,0.004884,0.018868
Watershed,0.019594,0.034806,0.006081,0.061498
Watershed,-0.014334,-0.154136,0.005571,-0.161616
Watershed,-0.009315,-0.032231,0.008001,-0.033574
Watershed,-0.024405,-0.040034,0.007716,-0.056235
Watershed,-0.070804,-0.017632,0.006822,-0.080959
Watershed,-0.121063,-0.011269,0.0068,-0.125058
Watershed,0.225237,-0.038081,0.006272,0.18597
Watershed,-0.047948,-0.011716,0.005987,-0.053468
Watershed,-0.096633,0.127342,0.008242,0.026797
Watershed,-0.108356,0.122912,0.008403,0.009651
Watershed,-0.092124,-0.025839,0.004826,-0.111314
Watershed,0.028516,-0.06463,0.007131,-0.031097
Watershed,0.026786,0.002049,0.005458,0.034506
Watershed,-0.017382,0.012468,0.008231,0.003058
Watershed,-0.008032,0.088688,0.007951,0.08853
Watershed,0.026786,-0.075916,0.0081,-0.043478
Watershed,-0.000791,-0.094881,0.006357,-0.089848
Watershed,-0.038544,0.085915,0.00661,0.050961
Watershed,0.057094,-0.078955,0.007217,-0.019342
Watershed,-0.03262,-0.132442,0.006971,-0.154891
Watershed,-0.167915,0.061708,0.007736,-0.109734
Watershed,-0.030976,0.015702,0.008383,-0.007509
Watershed,-0.161394,0.057359,0.007229,-0.106883
Watershed,-0.106481,0.03617,0.006402,-0.068236
Watershed,-0.02758,0.018767,0.00775,-0.001652
Watershed,-0.047719,0.057335,0.00614,0.013062
Watershed,0.053225,-0.08237,0.006706,-0.027047
Watershed,-0.009315,0.000456,0.005786,-0.003128
Watershed,-0.008641,-0.062232,0.007566,-0.063301
Watershed,-0.093314,0.076648,0.008015,-0.015994
Watershed,-0.079724,-0.090675,0.006968,-0.15734
Watershed,-0.027171,-0.074268,0.008022,-0.092197
Watershed,-0.031,-0.000221,0.008125,-0.023343
Watershed,0.026453,0.014168,0.004956,0.046155
Watershed,0.010181,-0.110327,0.005187,-0.096607
Watershed,-0.166975,0.020145,0.006731,-0.144474
Watershed,-0.02589,-0.087706,0.006017,-0.105978
Watershed,-0.105727,0.020857,0.007732,-0.080016
Watershed,-0.028892,0.011768,0.006246,-0.011327
Watershed,-0.096633,0.097732,0.006482,-0.001918
Watershed,-0.167915,0.035618,0.008093,-0.131304
Watershed,-0.015471,0.054182,0.007389,0.045542
Watershed,-0.113476,0.031572,0.005482,-0.080473
Watershed,0.039149,-0.073275,0.009012,-0.028316
Watershed,-0.060899,-0.021713,0.004184,-0.077446
Watershed,-0.043688,0.000656,0.007057,-0.036307
Watershed,-0.070804,0.058216,0.006653,-0.010168
Watershed,-0.129735,-0.055117,0.005941,-0.172816
Watershed,-0.083725,-0.019321,0.006658,-0.095446
Watershed,0.028516,-0.042401,0.007025,-0.008175
Watershed,-0.030976,0.033882,0.007102,0.008971
Watershed,-0.038544,-0.031345,0.00675,-0.062394
Watershed,-0.059367,-0.038201,0.005986,-0.089884
Watershed,-0.055117,0.081192,0.007319,0.029077
Watershed,-0.072565,0.06155,0.007964,-0.00764
Watershed,-0.126504,0.049552,0.007045,-0.076762
Watershed,0.232625,0.047118,0.007124,0.299899
Watershed,-0.126504,0.054128,0.006824,-0.07294
Watershed,0.019594,0.001826,0.004318,0.025867
Watershed,0.001729,-0.087904,0.008988,-0.078115
Watershed,-0.068279,-0.015833,0.006033,-0.077499
Watershed,-0.056334,0.055033,0.007307,0.002873
Watershed,-0.052171,0.003133,0.008143,-0.041459
Watershed,0.002172,0.083637,0.007837,0.094501
Watershed,0.109971,-0.136469,0.007853,-0.033979
Watershed,-0.175202,-0.023062,0.008946,-0.187015
Watershed,0.225237,0.124749,0.008165,0.389336
Watershed,-0.120393,0.104477,0.006991,-0.021703
Watershed,0.004937,0.090899,0.0064,0.1033
Watershed,-0.052171,0.022995,0.006553,-0.024022
Watershed,-0.166975,-0.040173,0.006588,-0.195172
Watershed,-0.008032,0.06153,0.006672,0.060029
Watershed,0.232625,-0.014058,0.006911,0.223696
Watershed,-0.055117,0.050232,0.008543,0.000823
Watershed,-0.068279,-0.067041,0.00474,-0.126622
Watershed,-0.014334,-0.080128,0.007517,-0.086498
Watershed,-0.064839,-0.143924,0.007621,-0.19333
Watershed,-0.081851,-0.07257,0.005489,-0.143807
Watershed,-0.008641,-0.082485,0.0086,-0.082591
Watershed,-0.118483,0.069698,0.007186,-0.050268
Watershed,-0.093314,0.072574,0.006177,-0.021505
Watershed,-0.092124,-0.085086,0.005661,-0.164669
Watershed,-0.02589,0.063769,0.008293,0.044821
Watershed,-0.140882,0.04432,0.005658,-0.09773
Watershed,0.026453,0.057511,0.007634,0.093772
Watershed,-0.075761,0.097685,0.007984,0.022624
Watershed,-0.140882,0.167247,0.005621,0.008439
Watershed,-0.008897,0.006263,0.006449,0.003742
Watershed,-0.064839,-0.063763,0.00582,-0.119372
Watershed,-0.004809,-0.004716,0.005723,-0.003834
Watershed,-0.092124,-0.055257,0.009331,-0.134287
Watershed,-0.031998,-0.043476,0.00669,-0.067889
Watershed,-0.088655,-0.0552,0.008004,-0.132069
Watershed,-0.113476,-0.12186,0.006522,-0.21643
Watershed,-0.126498,-0.112035,0.006659,-0.219196
Watershed,-0.09118,0.053655,0.007957,-0.034798
Watershed,-0.085075,0.101402,0.009158,0.016928
Watershed,-0.093314,-0.125035,0.006648,-0.201408
Watershed,-0.036328,-0.026912,0.00615,-0.056495
Watershed,-0.008641,-0.00069,0.006998,-0.002392
Watershed,-0.120393,0.004636,0.006576,-0.110505
Watershed,-0.050454,-0.010093,0.005669,-0.05471
Watershed,-0.072565,-0.096888,0.007892,-0.155812
Watershed,-0.007259,0.056806,0.006841,0.056312
Watershed,-0.143257,0.0729,0.006375,-0.07494
Watershed,0.015547,0.040933,0.006972,0.064486
Watershed,-0.006374,0.101667,0.006153,0.101381
Watershed,-0.093314,-0.102981,0.006605,-0.181314
Watershed,-0.09118,0.032686,0.004986,-0.056795
Watershed,-0.076253,0.146978,0.005881,0.065748
Watershed,-0.108356,0.100158,0.005108,-0.014041
Watershed,-0.115538,-0.018112,0.009264,-0.123513
Watershed,-0.166975,-0.108094,0.0047,-0.253527
Watershed,-0.083158,0.098486,0.006909,0.014097
Watershed,-0.075761,-0.037687,0.007732,-0.103715
Watershed,-0.008897,0.009741,0.00605,0.006812
Watershed,0.002172,-0.080061,0.006587,-0.07199
Watershed,-0.081851,-0.081031,0.007172,-0.150198
Watershed,0.02007,-0.058827,0.006751,-0.033456
Watershed,0.032498,0.031803,0.008013,0.073871
Watershed,0.010181,-0.015938,0.006809,0.000849
Watershed,-0.02589,0.051771,0.006202,0.030895
Watershed,-0.115538,-0.003085,0.008058,-0.111162
Watershed,0.03532,-0.174798,0.007905,-0.138898
Watershed,-0.047948,-0.110664,0.006863,-0.147495
Watershed,-0.113476,-0.051819,0.006253,-0.154158
Watershed,-0.126498,0.122606,0.007493,-0.012054
Watershed,-0.071723,0.03605,0.00693,-0.031593
Watershed,-0.07464,-0.026681,0.006872,-0.09314
Watershed,-0.025272,0.035236,0.006125,0.015253
Watershed,0.140078,-0.012385,0.006648,0.133444
Watershed,-0.070804,0.023103,0.008021,-0.04171
Watershed,-0.098843,0.057132,0.006596,-0.041075
Watershed,-0.200777,0.007162,0.006372,-0.189924
Watershed,0.025504,0.085794,0.008727,0.123204
Watershed,-0.070804,0.128767,0.007659,0.05688
Watershed,0.002172,0.051243,0.006507,0.060381
Watershed,-0.143257,0.090581,0.0079,-0.058271
Watershed,0.02352,0.12684,0.007546,0.162046
Watershed,-0.038544,0.018547,0.005914,-0.014921
Watershed,-0.056848,0.003474,0.006981,-0.046965
Watershed,0.017629,-0.009259,0.006421,0.014681
Watershed,-0.075761,-0.052434,0.007084,-0.118018
Watershed,0.032498,0.078217,0.006719,0.120737
Watershed,-0.105727,-0.051742,0.006232,-0.146713
Watershed,-0.004809,0.121628,0.007021,0.12407
Watershed,-0.009315,-0.045544,0.007617,-0.047232
Watershed,-0.158462,-0.109716,0.006064,-0.246249
Watershed,0.017629,-0.020273,0.007126,0.004104
Watershed,-0.167915,-0.050117,0.005887,-0.204963
Watershed,-0.129735,0.059146,0.00669,-0.072096
Watershed,-0.114569,0.075672,0.008308,-0.039653
Watershed,0.02007,0.058619,0.005789,0.086117
Watershed,-0.026889,0.010848,0.008178,-0.008287
Watershed,-0.036328,0.05115,0.007639,0.020702
Watershed,0.017629,0.047436,0.007259,0.073638
Watershed,-0.126498,0.055108,0.007905,-0.071074
Watershed,-0.031998,-0.111984,0.005966,-0.13527
Watershed,0.026453,0.011417,0.008266,0.046754
Watershed,0.002172,-0.014841,0.005775,-0.007001
Watershed,-0.009871,-0.099636,0.007875,-0.101504
Watershed,0.057094,-0.030595,0.005403,0.03029
Watershed,-0.036328,0.023323,0.007562,-0.006395
Watershed,-0.114569,0.000163,0.007093,-0.108143
Watershed,-0.116016,0.018152,0.0054,-0.09511
Watershed,-0.009871,-0.066212,0.005373,-0.070463
Watershed,-0.010379,-0.138844,0.007523,-0.141371
Watershed,-0.068279,-0.026691,0.008223,-0.08569
Watershed,-0.070804,0.077249,0.007984,0.008967
Watershed,-0.038544,0.064671,0.007557,0.031371
Watershed,-0.029316,-0.120137,0.007528,-0.139502
Watershed,-0.153889,0.060306,0.008133,-0.095567
Watershed,0.028516,-0.000726,0.0074,0.035375
Watershed,0.025504,-0.004217,0.007713,0.029056
Watershed,-0.031998,-0.031491,0.006296,-0.056579
Watershed,0.028516,0.11365,0.006978,0.153401
Watershed,0.026786,0.122135,0.005732,0.158797
Watershed,-0.038075,-0.119454,0.007672,-0.146482
Watershed,0.019594,-0.057447,0.006024,-0.03319
Watershed,0.004937,-0.080932,0.007109,-0.069829
Watershed,-0.140882,0.062042,0.006303,-0.081829
Watershed,-0.009688,0.026226,0.008646,0.02507
Watershed,-0.018928,-0.047477,0.006787,-0.059163
Watershed,-0.140882,-0.022647,0.008482,-0.153217
Watershed,-0.076253,-0.001281,0.00712,-0.070868
Watershed,-0.009871,0.130916,0.00831,0.129057
Watershed,-0.015946,-0.062198,0.006528,-0.071129
Watershed,0.225237,-0.05522,0.006352,0.164931
Watershed,-0.060267,0.024476,0.004732,-0.03271
Watershed,-0.03591,0.060649,0.007339,0.030065
Watershed,-0.060899,0.015534,0.008491,-0.038212
Watershed,-0.126504,0.012248,0.006742,-0.109844
Watershed,-0.108356,0.092346,0.006096,-0.02008
Watershed,-0.096633,0.062901,0.005902,-0.034144
Watershed,0.053225,0.118556,0.007369,0.186774
Watershed,-0.009871,-0.073743,0.006292,-0.077117
Watershed,-0.015946,0.061843,0.005702,0.050869
Watershed,-0.106481,0.045742,0.006875,-0.059186
Watershed,-0.151319,-0.107632,0.006557,-0.237699
Watershed,-0.126498,0.10128,0.007752,-0.030571
Watershed,-0.031025,-0.044761,0.008186,-0.06682
Watershed,-0.079092,0.070531,0.007035,-0.007204
Watershed,0.025504,0.078056,0.005519,0.111653
Watershed,-0.114569,0.021192,0.007053,-0.089427
Watershed,-0.075761,0.036612,0.005792,-0.036374
Watershed,-0.057171,0.153818,0.006913,0.095372
Watershed,-0.099089,-0.16889,0.006862,-0.246106
Watershed,-0.042611,-0.119943,0.008275,-0.15047
Watershed,0.035194,-0.165451,0.008091,-0.12909
Watershed,-0.079121,0.200466,0.00723,0.113477
Watershed,-0.060267,0.058646,0.006231,0.001042
Watershed,0.015547,-0.011678,0.008005,0.011723
Watershed,0.140078,0.123452,0.009053,0.292419
Watershed,-0.105727,0.0125,0.005947,-0.089164
Watershed,-0.017382,-0.068109,0.007082,-0.077823
Watershed,-0.010379,-0.090061,0.007807,-0.092475
Watershed,0.225237,0.033327,0.005296,0.272775
Watershed,-0.218058,-0.051462,0.004859,-0.254694
Watershed,-0.031998,-0.067757,0.006431,-0.091784
Watershed,-0.052171,-0.079663,0.005018,-0.123301
Watershed,-0.067854,-0.094366,0.006687,-0.150172
Watershed,-0.031998,-0.056517,0.005933,-0.081288
Watershed,-0.106481,-0.034887,0.007582,-0.131115
Watershed,-0.009688,-0.047577,0.004696,-0.052375
Watershed,-0.03262,-0.062157,0.007319,-0.086109
Watershed,-0.009315,0.060246,0.006894,0.057612
Watershed,-0.014334,0.052832,0.005082,0.043014
Watershed,0.026786,0.023509,0.007581,0.058892
Watershed,-0.118483,-0.091611,0.006618,-0.193941
Watershed,-0.106481,0.129815,0.00876,0.018354
Watershed,-0.218058,-0.030992,0.007984,-0.236242
Watershed,-0.009315,0.08669,0.00773,0.08489
Watershed,0.019594,0.049676,0.00634,0.077028
Watershed,0.140966,0.034943,0.006579,0.188603
Watershed,0.019594,-0.119167,0.007432,-0.095233
Watershed,-0.165853,0.036248,0.007917,-0.128774
Watershed,0.028516,0.026895,0.00782,0.064437
Watershed,-0.043688,-0.061816,0.006828,-0.096677
Watershed,-0.070804,-0.012871,0.005919,-0.077335
Watershed,-0.031,-0.028179,0.008051,-0.050724
Watershed,0.03532,-0.004884,0.006641,0.037105
Watershed,-0.126504,-0.14992,0.005,-0.253745
Watershed,-0.029316,0.056632,0.005408,0.031202
Watershed,-0.079724,-0.108549,0.007031,-0.173851
Watershed,0.109971,0.186391,0.005309,0.323851
Watershed,-0.158462,0.075971,0.0082,-0.087104
Watershed,-0.108356,-0.10505,0.008968,-0.194867
Watershed,-0.068279,-0.014492,0.006616,-0.075706
Watershed,-0.060267,0.152776,0.007739,0.091685
Watershed,-0.042611,0.011622,0.009189,-0.022584
Watershed,-0.017684,-0.080687,0.008717,-0.089073
Watershed,0.03532,-0.00372,0.007681,0.039391
Watershed,-0.079121,0.062469,0.007056,-0.014691
Watershed,-0.069572,-0.119551,0.007689,-0.174506
Watershed,-0.093314,0.013533,0.007022,-0.074591
Watershed,-0.014334,0.145961,0.006028,0.136343
Watershed,0.071834,-0.023837,0.007696,0.054336
Watershed,-0.052171,0.095203,0.005208,0.043472
Watershed,0.053225,0.006637,0.006168,0.066755
Watershed,0.001729,-0.056162,0.007071,-0.047845
Watershed,-0.088655,0.101004,0.006075,0.009491
Watershed,-0.010379,-0.034191,0.005237,-0.03921
Watershed,0.026453,0.047146,0.00821,0.08367
Watershed,-0.015946,0.006348,0.006814,-0.002952
Watershed,-0.071723,-0.08908,0.006542,-0.148881
Watershed,-0.07464,0.177675,0.006424,0.096773
Watershed,0.031508,-0.021881,0.007363,0.016366
Watershed,0.015547,-0.123991,0.008041,-0.103218
Watershed,-0.158462,0.01667,0.007019,-0.138428
Watershed,-0.031025,-0.032512,0.005841,-0.057052
Watershed,-0.031025,0.004796,0.007596,-0.018982
Watershed,-0.072565,0.023287,0.006226,-0.045059
Watershed,-0.083158,-0.040961,0.008008,-0.113671
Watershed,-0.079121,-0.039032,0.006061,-0.109701
Watershed,-0.165853,-0.032524,0.008457,-0.186159
Watershed,-0.023222,0.074105,0.005865,0.055316
Watershed,-0.029316,0.064839,0.005313,0.039114
Watershed,-0.030976,0.129029,0.007133,0.10186
Watershed,-0.029316,-0.053369,0.006604,-0.075052
Watershed,-0.151319,-0.12662,0.007864,-0.25295
Watershed,-0.009871,-0.029413,0.005604,-0.033609
Watershed,-0.079724,-0.035193,0.007138,-0.105774
Watershed,0.026453,0.075346,0.006461,0.110924
Watershed,-0.09118,0.026367,0.008431,-0.059352
Watershed,-0.165853,-0.098377,0.008291,-0.241679
Watershed,-0.006374,-0.150848,0.008427,-0.149151
Watershed,-0.042034,0.002932,0.007689,-0.031838
Watershed,-0.038075,0.029124,0.008087,-0.002054
Watershed,-0.098843,-0.068977,0.005186,-0.156652
Watershed,0.026453,0.062124,0.004991,0.095661
Watershed,-0.052171,-0.064467,0.004952,-0.108884
Watershed,-0.042034,-0.062854,0.007265,-0.095724
Watershed,-0.015471,-0.050625,0.007523,-0.05828
Watershed,-0.166975,0.093762,0.006636,-0.082822
Watershed,-0.009315,0.034542,0.006335,0.031398
Watershed,0.001729,0.049282,0.007908,0.059408
Watershed,0.004937,0.059513,0.007068,0.072269
Watershed,-0.055117,0.001356,0.007999,-0.046268
Watershed,-0.057171,-0.005984,0.008177,-0.05515
Watershed,-0.079121,0.089361,0.007239,0.010432
Watershed,0.140966,0.064788,0.006483,0.222764
Watershed,0.001729,0.04781,0.006959,0.056926
Watershed,-0.056334,0.039238,0.007099,-0.012345
Watershed,0.140078,-0.086969,0.007081,0.048297
Watershed,-0.008032,-0.075528,0.007746,-0.075851
Watershed,-0.009688,-0.028035,0.00842,-0.029347
Watershed,-0.009871,0.100733,0.008332,0.098947
Watershed,-0.014334,-0.066463,0.007046,-0.073362
Watershed,0.02007,-0.077816,0.007696,-0.052068
Watershed,-0.010379,0.137843,0.007851,0.134874
Watershed,-0.060267,-0.089571,0.00586,-0.139426
Watershed,-0.055723,0.087745,0.008047,0.035397
Watershed,-0.126504,-0.015913,0.003939,-0.137018
Watershed,-0.092124,0.081255,0.007459,-0.011032
Watershed,-0.095866,0.068967,0.005221,-0.028465
Watershed,-0.076253,-0.061664,0.00633,-0.127728
Watershed,-0.031,0.036526,0.008106,0.012534
Watershed,-0.106481,0.097023,0.007656,-0.012285
Watershed,-0.052171,-0.101383,0.005772,-0.143348
Watershed,0.057094,0.11938,0.006855,0.191401
Watershed,0.026786,0.057664,0.006577,0.093138
Watershed,0.025504,-0.10804,0.006296,-0.079532
Watershed,-0.031,0.001119,0.005942,-0.024151
Watershed,-0.029316,0.051518,0.006742,0.027572
Watershed,-0.164968,0.103029,0.00562,-0.073759
Watershed,-0.075761,0.009679,0.006388,-0.060853
Watershed,-0.09118,-0.013363,0.006224,-0.097744
Watershed,-0.060267,-0.005309,0.00824,-0.057554
Watershed,-0.108356,-0.064201,0.007483,-0.159357
Watershed,-0.023222,0.074974,0.008041,0.058454
Watershed,-0.031025,0.081791,0.005576,0.054073
Watershed,0.026786,-0.029428,0.007251,0.003797
Watershed,-0.009871,-0.071452,0.008394,-0.072901
Watershed,-0.09118,0.021041,0.006662,-0.065876
Watershed,-0.121063,0.041367,0.00544,-0.079726
Watershed,-0.03591,0.058471,0.010002,0.030667
Watershed,0.039149,-0.051218,0.006067,-0.008093
Watershed,-0.076034,-0.019782,0.009363,-0.085831
Watershed,-0.126498,0.020794,0.007863,-0.101323
Watershed,0.010181,0.004134,0.00661,0.021062
Watershed,0.031508,0.023114,0.007586,0.063356
Watershed,-0.096633,0.038957,0.005199,-0.056562
Watershed,-0.009688,-0.113839,0.008056,-0.115354
Watershed,-0.108356,-0.036204,0.008212,-0.13358
Watershed,-0.031998,0.008353,0.006371,-0.017693
Watershed,0.026453,0.023551,0.007331,0.058329
Watershed,-0.024405,-0.118355,0.006878,-0.133956
Watershed,-0.036328,-0.049559,0.007979,-0.076779
Watershed,-0.036328,0.131283,0.007307,0.098152
Watershed,-0.006374,0.107711,0.007459,0.10886
Watershed,-0.023222,0.087848,0.007357,0.070403
Watershed,0.019594,0.117016,0.008028,0.148045
Watershed,0.026453,0.046968,0.007967,0.083226
Watershed,-0.114569,0.000745,0.008606,-0.106283
Watershed,-0.006374,0.01668,0.007631,0.017909
Watershed,-0.129735,-0.062404,0.005061,-0.179914
Watershed,-0.052171,0.012514,0.006804,-0.03378
Watershed,-0.056334,0.00624,0.006707,-0.044077
Watershed,-0.028892,-0.107414,0.008236,-0.126064
Watershed,-0.158462,-0.094654,0.006722,-0.232995
Watershed,-0.079092,0.07204,0.006048,-0.006779
Watershed,-0.166975,-0.188569,0.006933,-0.319371
Watershed,-0.07464,0.109769,0.005943,0.033038
Watershed,-0.010379,0.022884,0.009238,0.021619
Watershed,0.026786,-0.023619,0.006103,0.008654
Watershed,-0.108356,0.028902,0.006838,-0.076312
Watershed,-0.083725,-0.032059,0.00739,-0.106545
Watershed,0.232625,0.080499,0.007544,0.341898
Watershed,-0.026889,0.146507,0.006315,0.122724
Watershed,0.019594,-0.018111,0.006468,0.007604
Watershed,-0.153889,0.025322,0.00718,-0.126235
Watershed,-0.079121,-0.085411,0.005261,-0.153342
Watershed,0.071834,0.073614,0.007104,0.15891
Watershed,-0.038075,0.047136,0.008432,0.015759
Watershed,-0.076253,0.079377,0.0087,0.005746
Watershed,-0.096633,-0.01631,0.007361,-0.104827
Watershed,-0.076253,0.012692,0.007681,-0.057344
Watershed,0.010181,0.149079,0.008086,0.170163
Watershed,-0.047948,-0.030048,0.006196,-0.070833
Watershed,-0.164968,-0.028473,0.006578,-0.183408
Watershed,-0.083725,-0.132986,0.008123,-0.199124
Watershed,-0.031025,0.024162,0.006674,-0.00099
Watershed,-0.070804,-0.040431,0.005789,-0.103211
Watershed,0.002172,0.071735,0.006812,0.08138
Watershed,-0.007259,-0.065895,0.00614,-0.066981
Watershed,-0.166975,-0.07774,0.006805,-0.226506
Watershed,-0.098843,0.042319,0.00623,-0.054855
Watershed,-0.038544,-0.119026,0.008058,-0.146157
Watershed,0.017629,-0.037785,0.006988,-0.01398
Watershed,-0.056848,0.083122,0.007682,0.029396
Watershed,-0.009315,-0.013149,0.006451,-0.016034
Watershed,-0.106481,-0.072803,0.005916,-0.166631
Watershed,-0.038075,0.028914,0.006448,-0.003879
Watershed,-0.060899,-0.054636,0.007168,-0.105844
Watershed,-0.057828,-0.116677,0.005915,-0.162835
Watershed,-0.008897,0.052586,0.007635,0.051187
Watershed,-0.088655,0.102888,0.006736,0.011882
Watershed,-0.031998,-0.058108,0.005299,-0.083415
Watershed,-0.017382,0.07043,0.007158,0.059353
Watershed,-0.064839,-0.003548,0.006537,-0.062066
Watershed,-0.025272,0.094004,0.005929,0.072678
Watershed,0.02007,-0.006654,0.007221,0.020599
Watershed,-0.092124,-0.048969,0.008824,-0.128963
Watershed,-0.083725,0.049226,0.006619,-0.032256
Watershed,-0.09118,-0.002063,0.005903,-0.087701
Watershed,0.025504,-0.006442,0.007064,0.026096
Watershed,-0.060267,0.017981,0.007966,-0.03575
Watershed,-0.076034,-0.012649,0.006078,-0.082177
Watershed,-0.004809,0.268713,0.006619,0.270968
Watershed,0.010181,-0.000439,0.006121,0.015917
Watershed,-0.060899,-0.010664,0.007857,-0.063613
Watershed,0.001729,0.12774,0.0072,0.137823
Watershed,-0.092124,0.073921,0.006091,-0.019074
Watershed,-0.03262,0.127991,0.005572,0.097275
Watershed,0.026453,-0.175832,0.007199,-0.14794
Watershed,-0.056334,-0.011924,0.008145,-0.059992
Watershed,-0.028358,0.053308,0.007211,0.030818
Watershed,-0.115538,0.071674,0.006739,-0.045757
Watershed,-0.018928,-0.061088,0.007019,-0.072394
Watershed,0.004937,0.095424,0.007257,0.108821
Watershed,-0.098843,0.027761,0.006528,-0.067781
Watershed,-0.153889,-0.028885,0.00677,-0.172766
Watershed,0.109971,-0.093411,0.007808,0.014144
Watershed,-0.018928,0.071597,0.007072,0.058749
Watershed,0.017629,0.092885,0.00751,0.120504
Watershed,-0.031998,0.056732,0.007591,0.030684
Watershed,-0.047948,-0.099531,0.006722,-0.136944
Watershed,-0.079092,0.008836,0.004725,-0.066566
Watershed,0.002172,0.143271,0.005859,0.152467
Watershed,-0.008032,0.111383,0.007311,0.110516
Watershed,-0.153889,-0.077036,0.006381,-0.214087
Watershed,-0.03262,0.00615,0.006258,-0.020579
Watershed,-0.028358,0.07615,0.007185,0.053145
Watershed,-0.085075,-0.008226,0.007561,-0.08574
Watershed,-0.158462,0.075044,0.004647,-0.091105
Watershed,-0.165853,0.01245,0.007243,-0.149351
Watershed,-0.007259,0.071984,0.008513,0.073262
Watershed,-0.085075,-0.027923,0.009654,-0.102037
Watershed,-0.025272,-0.031801,0.006785,-0.049866
Watershed,-0.072565,0.082178,0.007681,0.011359
Watershed,-0.218058,0.06609,0.007536,-0.160097
Watershed,-0.008641,-0.076312,0.005968,-0.078828
Watershed,-0.167915,-0.108724,0.008099,-0.252376
Watershed,-0.120393,0.044723,0.006283,-0.075281
Watershed,-0.009871,0.036319,0.004951,0.031169
Watershed,-0.042034,-0.026451,0.007507,-0.060372
Watershed,-0.0674,-0.116595,0.005083,-0.171948
Watershed,-0.126504,-0.067227,0.005115,-0.181059
Watershed,-0.070804,-0.144162,0.006207,-0.199822
Watershed,0.025504,-0.030453,0.007875,0.002105
Watershed,-0.158462,0.115428,0.006705,-0.05503
Watershed,-0.126498,-0.086058,0.008307,-0.195037
Watershed,-0.106481,-0.087203,0.00693,-0.178747
Watershed,-0.057171,-0.041784,0.006381,-0.090801
Watershed,-0.036328,0.208196,0.006617,0.17201
Watershed,-0.057828,0.0072,0.010058,-0.041499
Watershed,-0.023222,0.03696,0.00754,0.020517
Watershed,-0.025272,-0.099575,0.007829,-0.11546
Watershed,-0.140882,0.032466,0.006252,-0.107444
Watershed,-0.071723,0.013389,0.008757,-0.051056
Watershed,-0.164968,-0.028367,0.007083,-0.182909
Watershed,-0.004809,0.061309,0.006385,0.062949
Watershed,-0.095866,0.01103,0.005639,-0.080739
Watershed,0.03532,-0.084611,0.00691,-0.045731
Watershed,0.109971,0.114102,0.006276,0.244382
Watershed,-0.059367,0.009658,0.008747,-0.041975
Watershed,0.063226,-0.081782,0.006044,-0.017827
Watershed,-0.153889,-0.006847,0.008236,-0.152762
Watershed,-0.014334,0.012902,0.006141,0.004514
Watershed,-0.025272,-0.013244,0.006757,-0.031683
Watershed,-0.010379,-0.024829,0.007634,-0.027583
Watershed,-0.083725,-0.000455,0.006999,-0.077731
Watershed,0.03532,0.03621,0.006462,0.079741
Watershed,-0.140882,-0.021244,0.007192,-0.153086
Watershed,0.02352,0.004798,0.007883,0.036538
Watershed,-0.028358,-0.078265,0.007074,-0.098069
Watershed,-0.118483,-0.127134,0.006946,-0.225209
Watershed,-0.017382,-0.064919,0.007237,-0.074524
Watershed,0.015547,-0.05108,0.00668,-0.02989
Watershed,-0.076034,0.05735,0.006121,-0.017065
Watershed,-0.079724,-0.002101,0.005414,-0.076685
Watershed,-0.031,0.003297,0.006838,-0.021157
Watershed,0.002172,0.045952,0.006862,0.055417
Watershed,-0.024405,0.021943,0.006047,0.003031
Watershed,-0.047948,0.032381,0.00701,-0.01023
Watershed,0.140966,-0.023297,0.007579,0.122831
Watershed,-0.0674,-0.040026,0.007625,-0.097902
Watershed,-0.166975,0.037225,0.00724,-0.12971
Watershed,-0.09118,0.050193,0.005152,-0.040647
Watershed,-0.031025,-0.007994,0.004864,-0.034095
Watershed,-0.218058,0.017137,0.008302,-0.198055
Watershed,0.232625,-0.081793,0.007794,0.140627
Watershed,-0.019342,-0.030213,0.008435,-0.040949
Watershed,-0.0674,0.010937,0.006481,-0.05109
Watershed,-0.036328,0.009793,0.006463,-0.020601
Watershed,-0.165677,0.115613,0.007833,-0.061928
Watershed,0.026453,0.017385,0.007649,0.052286
Watershed,0.015547,-0.021775,0.006921,0.000309
Watershed,-0.008032,0.020839,0.006108,0.018824
Watershed,-0.064839,-0.088295,0.00586,-0.142413
Watershed,-0.031,0.008965,0.00631,-0.016144
Watershed,0.109971,0.031206,0.005293,0.150667
Watershed,-0.056334,-0.020909,0.005904,-0.07061
Watershed,0.02352,0.008531,0.007491,0.039984
Watershed,-0.023222,0.018229,0.006083,0.000634
Watershed,-0.096633,-0.010733,0.006981,-0.100091
Watershed,-0.081851,-0.057478,0.006695,-0.12883
Watershed,-0.200777,0.013559,0.006398,-0.184757
Watershed,-0.057828,0.039135,0.008652,-0.012485
Watershed,-0.064839,-0.109866,0.006933,-0.16181
Watershed,-0.165677,0.004064,0.00922,-0.154563
Watershed,-0.120393,0.080415,0.005249,-0.044671
Watershed,-0.004809,0.064231,0.009332,0.068996
Watershed,-0.076253,0.094511,0.006149,0.017268
Watershed,-0.085075,-0.057457,0.005573,-0.132838
Watershed,-0.036328,-0.154604,0.007346,-0.17933
Watershed,-0.042611,0.061555,0.007567,0.024012
Watershed,-0.042611,-0.009266,0.007807,-0.044077
Watershed,0.002172,-0.008425,0.007587,0.001268
Watershed,-0.079121,-0.000407,0.007757,-0.072356
Watershed,0.015547,0.058292,0.008072,0.083421
Watershed,-0.056848,0.097725,0.00668,0.042237
Watershed,0.071834,0.07827,0.00675,0.163528
Watershed,-0.02758,0.009563,0.005293,-0.013084
Watershed,-0.153889,-0.062836,0.006528,-0.201879
Watershed,-0.029316,0.022539,0.005125,-0.002351
Watershed,-0.064839,0.040187,0.007361,-0.020098
Watershed,0.053225,-0.045821,0.007213,0.012214
Watershed,-0.114569,-0.118772,0.006646,-0.214548
Watershed,-0.098843,-0.030982,0.007458,-0.120251
Watershed,0.004937,-0.086093,0.005497,-0.076533
Watershed,-0.036328,-0.008038,0.006632,-0.037734
Watershed,-0.218058,0.071001,0.005647,-0.15781
Watershed,0.225237,0.08809,0.006617,0.341989
Watershed,0.063226,0.00324,0.006763,0.073885
Watershed,-0.027171,0.019847,0.00751,-0.000412
Watershed,-0.070804,-0.10199,0.005695,-0.16082
Watershed,-0.000791,0.127374,0.009121,0.136756
Watershed,-0.153889,0.02981,0.007488,-0.122142
Watershed,-0.036328,-0.032059,0.006835,-0.060846
Watershed,-0.009871,0.102667,0.006779,0.099183
Watershed,0.035194,-0.035091,0.008188,0.007046
Watershed,-0.165853,0.139258,0.007275,-0.042779
Watershed,-0.161394,-0.092113,0.006163,-0.233948
Watershed,-0.038544,0.118216,0.006511,0.082116
Watershed,-0.092124,0.03691,0.006848,-0.052167
Watershed,-0.079121,0.025689,0.007049,-0.048806
Watershed,-0.008641,-0.014695,0.006002,-0.017346
Watershed,-0.075761,-0.0122,0.00635,-0.08124
Watershed,0.063226,-0.0003,0.006372,0.069679
Watershed,-0.118483,0.02044,0.006413,-0.094697
Watershed,-0.038075,-0.077843,0.008221,-0.105661
Watershed,-0.025272,-0.045115,0.005367,-0.064252
Watershed,-0.052171,-0.004599,0.007184,-0.049752
Watershed,-0.018928,0.201495,0.007635,0.187753
Watershed,-0.158462,0.003617,0.006306,-0.150092
Watershed,0.140966,0.008808,0.006445,0.158435
Watershed,-0.072565,-0.028999,0.007541,-0.09267
Watershed,0.02007,0.084369,0.006253,0.113049
Watershed,-0.114569,0.197098,0.006482,0.066819
Watershed,-0.106481,-0.04069,0.005148,-0.138426
Watershed,-0.115538,-0.002511,0.008281,-0.110453
Watershed,0.019594,0.020252,0.006294,0.04679
Watershed,-0.079724,-0.048014,0.006899,-0.117866
Watershed,0.071834,-0.043949,0.006839,0.031735
Watershed,-0.033818,0.033315,0.006589,0.004949
Watershed,-0.085075,0.07443,0.007464,-0.00964
Watershed,-0.031025,0.079621,0.007344,0.053808
Watershed,-0.118483,0.002086,0.006242,-0.111131
Watershed,0.028516,-0.059621,0.007206,-0.025835
Watershed,-0.056848,0.006003,0.006161,-0.04534
Watershed,-0.105727,-0.022558,0.007585,-0.11927
Watershed,-0.106481,-0.019548,0.007141,-0.117692
Watershed,-0.042611,-0.077572,0.006437,-0.111193
Watershed,-0.019342,-0.016858,0.004831,-0.031216
Watershed,0.053225,0.0054,0.006858,0.066175
Watershed,-0.079092,0.040149,0.007424,-0.035008
Watershed,-0.165677,0.012096,0.006947,-0.149719
Watershed,-0.015946,-0.038029,0.005761,-0.047916
Watershed,-0.099089,-0.053218,0.005804,-0.142083
Watershed,-0.072565,0.072247,0.007556,0.001953
Watershed,-0.031998,-0.18374,0.00728,-0.204106
Watershed,0.004937,-0.050647,0.006596,-0.039667
Watershed,0.002172,-0.001889,0.006576,0.006856
Watershed,-0.026889,0.00991,0.007789,-0.009591
Watershed,-0.093314,-0.026473,0.007217,-0.110947
Watershed,0.140078,0.079235,0.006347,0.238221
Watershed,-0.067854,0.099602,0.006637,0.031792
Watershed,-0.03591,-0.09432,0.007619,-0.120191
Watershed,-0.033818,0.150351,0.007724,0.120033
Watershed,0.232625,0.035184,0.008155,0.2864
Watershed,-0.004809,-0.022208,0.006712,-0.02038
Watershed,-0.113476,-0.001499,0.007444,-0.108214
Watershed,-0.167915,-0.156809,0.00683,-0.293601
Watershed,-0.071723,-0.036738,0.007162,-0.099421
Watershed,-0.026889,-0.129908,0.007159,-0.147242
Watershed,-0.010379,-0.047497,0.006424,-0.051328
Watershed,-0.151319,-0.085863,0.007142,-0.218649
Watershed,-0.028358,-0.072735,0.006857,-0.092853
Watershed,-0.175202,0.127927,0.005771,-0.064319
Watershed,-0.0674,-0.141625,0.006991,-0.193884
Watershed,-0.072565,0.043167,0.008444,-0.024361
Watershed,0.026786,0.092345,0.007256,0.129744
Watershed,-0.009315,0.222373,0.006631,0.219017
Watershed,-0.038544,-0.046657,0.006864,-0.077111
Watershed,-0.115538,0.071646,0.006744,-0.045778
Watershed,-0.165853,-0.052437,0.005139,-0.205531
Watershed,-0.153889,0.026599,0.007239,-0.125095
Watershed,0.039149,-0.022356,0.005928,0.02194
Watershed,0.140078,-0.015279,0.006433,0.129881
Watershed,0.02352,-0.009681,0.008713,0.022442
Watershed,-0.072565,0.134188,0.007729,0.060015
Watershed,-0.167915,0.170616,0.008454,-0.017713
Watershed,0.032498,0.042233,0.006799,0.08342
Watershed,-0.166975,0.023296,0.00618,-0.142301
Watershed,-0.0674,0.032968,0.006585,-0.030311
Watershed,-0.031025,-0.047161,0.006526,-0.070698
Watershed,-0.026889,-0.097856,0.006881,-0.116073
Watershed,0.017629,-0.099639,0.00712,-0.077243
Watershed,-0.105727,-0.009164,0.007608,-0.107181
Watershed,-0.007259,-0.019269,0.006666,-0.019898
Watershed,-0.079121,-0.013103,0.007985,-0.08393
Watershed,0.028516,0.037963,0.007466,0.075532
Watershed,-0.0674,-0.083104,0.006597,-0.139262
Watershed,-0.070804,-0.043358,0.006808,-0.10504
Watershed,-0.079724,0.006962,0.006342,-0.06744
Watershed,0.057094,0.03232,0.006664,0.098532
Watershed,-0.024405,0.039485,0.007392,0.021614
Watershed,0.071834,0.061188,0.007242,0.145654
Watershed,-0.028892,-0.048366,0.005864,-0.070442
Watershed,0.031508,-0.075421,0.007254,-0.03937
Watershed,-0.027171,0.066772,0.006291,0.044316
Watershed,0.063226,0.067616,0.006481,0.142473
Watershed,-0.129735,0.084537,0.006295,-0.050224
Watershed,-0.031998,-0.044509,0.008008,-0.067676
Watershed,-0.029316,-0.089916,0.006634,-0.110736
Watershed,-0.075761,0.044589,0.00641,-0.028362
Watershed,-0.069572,-0.005491,0.007407,-0.067827
Watershed,0.002172,0.01125,0.006236,0.019766
Watershed,0.140078,0.047415,0.008082,0.203785
Watershed,-0.015471,-0.094661,0.006289,-0.103061
Watershed,-0.076034,0.115138,0.007614,0.038194
Watershed,-0.072565,-0.023853,0.007571,-0.087833
Watershed,0.053225,-0.010035,0.008486,0.051504
Watershed,-0.161394,0.072193,0.006335,-0.095157
Watershed,-0.02589,-0.082537,0.007526,-0.099564
Watershed,-0.007259,0.119308,0.007534,0.119555
Watershed,0.053225,0.108852,0.007764,0.176938
Watershed,0.032498,0.02461,0.006708,0.065003
Watershed,-0.165853,-0.053032,0.005575,-0.205686
Watershed,0.02007,0.185442,0.00572,0.216151
Watershed,0.057094,0.168711,0.005705,0.242486
Watershed,-0.0674,0.088899,0.006752,0.022364
Watershed,-0.095866,0.077889,0.006681,-0.018932
Watershed,-0.03262,0.018638,0.006381,-0.008302
Watershed,-0.166975,-0.042611,0.006471,-0.19731
Watershed,-0.029316,-0.02024,0.007342,-0.04198
Watershed,-0.067854,0.136802,0.007041,0.067126
Watershed,-0.057171,-0.021885,0.005998,-0.072273
Watershed,-0.017684,-0.036607,0.007414,-0.046628
Watershed,0.026453,-0.03385,0.006432,-0.001914
Watershed,-0.096633,-0.052603,0.007073,-0.138099
Watershed,-0.126498,-0.05998,0.005792,-0.174134
Watershed,-0.044545,-0.018472,0.006174,-0.056404
Watershed,-0.164968,0.08078,0.00462,-0.093345
Watershed,-0.038544,0.047446,0.006527,0.013647
Watershed,-0.027171,0.111896,0.006945,0.089197
Watershed,-0.129735,0.116475,0.007836,-0.020757
Watershed,-0.042034,0.016536,0.007184,-0.019197
Watershed,0.025504,-0.014556,0.005424,0.016059
Watershed,-0.076034,0.015207,0.008478,-0.05403
Watershed,-0.105727,-0.046808,0.006705,-0.141871
Watershed,-0.031,0.130977,0.008548,0.105284
Watershed,-0.120393,0.11709,0.007068,-0.010454
Watershed,-0.009688,-0.026226,0.007764,-0.028173
Watershed,0.225237,-0.089918,0.006021,0.12178
Watershed,-0.161394,-0.048049,0.004259,-0.198288
Watershed,-0.009871,0.007325,0.006389,0.003754
Watershed,-0.161394,0.135606,0.006663,-0.041328
Watershed,-0.055117,0.085348,0.006137,0.031821
Watershed,-0.067854,0.094911,0.005497,0.026226
Watershed,0.039149,-0.037845,0.005313,0.005135
Watershed,0.031508,0.023845,0.008827,0.065427
Watershed,-0.052171,0.066966,0.006483,0.017858
Watershed,-0.099089,0.098425,0.007082,-0.003408
Watershed,0.035194,0.074861,0.007768,0.121332
Watershed,-0.118483,0.005996,0.007252,-0.106766
Watershed,-0.015471,-0.027988,0.006048,-0.037238
Watershed,-0.009315,0.0706,0.004503,0.065404
Watershed,-0.096633,0.150485,0.00562,0.045151
Watershed,-0.098843,-0.029672,0.007112,-0.119363
Watershed,-0.008032,0.029933,0.005711,0.027496
Watershed,-0.098843,0.021554,0.008175,-0.071895
Watershed,-0.060899,0.118466,0.005841,0.056488
Watershed,-0.164968,-0.022533,0.006132,-0.178779
Watershed,-0.02758,9e-05,0.007224,-0.020466
Watershed,-0.060267,0.035146,0.006886,-0.020541
Watershed,-0.059367,0.020992,0.006008,-0.033851
Watershed,-0.028358,-0.04731,0.008466,-0.06649
Watershed,-0.018928,0.025433,0.006028,0.012089
Watershed,-0.121063,-0.104555,0.007618,-0.206964
Watershed,-0.108356,-0.01921,0.006638,-0.11968
Watershed,-0.166975,-0.096225,0.005172,-0.243239
Watershed,-0.052171,0.026257,0.007397,-0.020088
Watershed,-0.056848,0.085336,0.008389,0.032225
Watershed,-0.042034,0.055236,0.007245,0.018204
Watershed,-0.026889,0.009952,0.006025,-0.011283
Watershed,-0.161394,-0.063855,0.008466,-0.208297
Watershed,-0.118483,-0.036154,0.006585,-0.144759
Watershed,-0.079121,0.072091,0.007328,-0.005499
Watershed,-0.042611,0.001068,0.007701,-0.034207
Watershed,0.010181,-0.089049,0.007123,-0.073219
Watershed,-0.055117,0.003922,0.006012,-0.045709
Watershed,-0.114569,0.108046,0.006687,-0.012341
Watershed,0.232625,-0.029655,0.008652,0.20642
Watershed,-0.059367,-0.073587,0.005934,-0.123414
Watershed,-0.098843,0.031552,0.006076,-0.064762
Watershed,-0.072565,-0.029232,0.00809,-0.092392
Watershed,0.053225,0.038515,0.005695,0.100019
Watershed,-0.108356,-0.016296,0.005953,-0.117665
Watershed,-0.047719,0.102847,0.006684,0.05724
Watershed,-0.028892,-0.093053,0.007106,-0.112998
Watershed,0.035194,-0.011096,0.006126,0.029979
Watershed,-0.010379,-0.024218,0.004436,-0.030063
Watershed,-0.056848,-0.120055,0.005913,-0.165171
Watershed,-0.108356,0.026367,0.008446,-0.077117
Watershed,-0.03591,-0.065022,0.007539,-0.091801
Watershed,-0.083158,-0.051217,0.008062,-0.123103
Watershed,0.109971,0.080242,0.007363,0.207866
Watershed,-0.042611,0.093663,0.006323,0.053682
Watershed,-0.099089,-0.016622,0.005888,-0.108847
Watershed,-0.070804,0.046322,0.008085,-0.019901
Watershed,-0.008032,-0.074294,0.006084,-0.076143
Watershed,-0.200777,-0.077452,0.007304,-0.257293
Watershed,-0.057171,0.026001,0.007539,-0.025364
Watershed,0.053225,0.026972,0.007936,0.090217
Watershed,-0.031025,0.007514,0.007815,-0.016114
Watershed,-0.092124,-0.024493,0.008097,-0.107189
Watershed,-0.031998,0.084471,0.006745,0.056851
Watershed,0.057094,-0.050108,0.009671,0.013836
Watershed,-0.025272,0.003549,0.005867,-0.016075
Watershed,-0.140882,0.157964,0.007773,0.00256
Watershed,-0.093314,-0.066257,0.006621,-0.147783
Watershed,-0.164968,-0.04696,0.005797,-0.199568
Watershed,-0.026889,0.029632,0.006904,0.008864
Watershed,-0.153889,0.006113,0.007123,-0.142653
Watershed,-0.036328,0.026907,0.008134,-0.002349
Watershed,-0.030976,-0.037131,0.007877,-0.059607
Watershed,0.025504,0.057502,0.007662,0.092782
Watershed,-0.088655,-0.071965,0.0076,-0.147812
Watershed,0.039149,0.119244,0.007485,0.171767
Watershed,0.063226,0.099172,0.007429,0.177349
Watershed,0.001729,-0.065182,0.005781,-0.058151
Watershed,-0.004809,0.09203,0.006653,0.094008
Watershed,-0.060899,-0.045639,0.007183,-0.097321
Watershed,-0.105727,0.04675,0.006204,-0.058113
Watershed,-0.161394,0.01328,0.006854,-0.144434
Watershed,0.015547,0.090993,0.006462,0.115114
Watershed,-0.140882,-0.034779,0.007615,-0.164447
Watershed,-0.043688,0.059808,0.008247,0.021866
Watershed,-0.200777,0.053956,0.007661,-0.151202
Watershed,-0.031025,0.008239,0.00623,-0.016955
Watershed,-0.067854,0.030085,0.00667,-0.033406
Watershed,-0.026889,-0.040178,0.00619,-0.060206
Watershed,-0.047948,0.191034,0.007058,0.14193
Watershed,-0.03591,-0.067607,0.006551,-0.0952
Watershed,0.039149,-0.080967,0.006581,-0.038703
Watershed,0.039149,0.027395,0.007235,0.075341
Watershed,-0.069572,-0.001763,0.006059,-0.065585
Watershed,-0.165677,-0.143207,0.005656,-0.281115
Watershed,-0.029316,0.006264,0.006877,-0.016519
Watershed,0.010181,0.087358,0.008386,0.107639
Watershed,-0.057828,-0.056968,0.005267,-0.106822
Watershed,0.019594,0.046079,0.008912,0.076081
Watershed,-0.008032,0.069153,0.006231,0.067173
Watershed,-0.038075,0.096205,0.008329,0.06325
Watershed,-0.055117,0.001346,0.007883,-0.046386
Watershed,-0.030976,0.040304,0.007215,0.015353
Watershed,-0.064839,-0.023127,0.006465,-0.080561
Watershed,-0.126498,0.067971,0.004392,-0.063028
Watershed,-0.060899,-0.027064,0.005955,-0.080873
Watershed,0.028516,0.002159,0.007736,0.03871
Watershed,-0.113476,0.011782,0.00611,-0.09755
Watershed,-0.075761,-0.179224,0.007716,-0.235553
Watershed,-0.113476,0.133657,0.007726,0.01278
Watershed,-0.079724,-0.07031,0.00738,-0.138115
Watershed,-0.115538,0.001865,0.00802,-0.106782
Watershed,-0.165853,0.098461,0.006791,-0.0775
Watershed,-0.114569,0.013857,0.008104,-0.095024
Watershed,-0.115538,0.001902,0.007596,-0.107125
Watershed,-0.009315,-0.003712,0.007154,-0.005932
Watershed,0.057094,-0.032055,0.007454,0.030836
Watershed,-0.008032,0.111543,0.007868,0.11129
Watershed,-0.151319,0.117952,0.007018,-0.044557
Watershed,-0.057828,0.075069,0.007473,0.02047
Watershed,-0.008897,0.028687,0.007471,0.027152
Watershed,-0.079724,-0.079376,0.007054,-0.146795
Watershed,0.026453,0.107759,0.004401,0.142068
Watershed,-0.028358,-0.070518,0.0086,-0.089109
Watershed,-0.0674,-0.063765,0.007022,-0.120736
Watershed,0.03532,-0.015431,0.004522,0.023953
Watershed,-0.044545,0.040716,0.006533,0.000854
Watershed,0.028516,-0.046484,0.005091,-0.014301
Watershed,-0.218058,-0.024137,0.006535,-0.231944
Watershed,-0.060267,0.065214,0.00599,0.007013
Watershed,-0.031,0.121391,0.008299,0.095646
Watershed,-0.126498,0.004687,0.006883,-0.116362
Watershed,-0.019342,-0.053309,0.005857,-0.066183
Watershed,-0.008897,0.07061,0.007868,0.069433
Watershed,-0.024405,0.007146,0.007241,-0.010318
Watershed,0.025504,-0.00801,0.006743,0.02415
Watershed,-0.071723,-0.050095,0.006496,-0.112497
Watershed,-0.085075,0.027579,0.006908,-0.053348
Watershed,-0.060267,0.091361,0.00814,0.033936
Watershed,-0.029316,0.084974,0.006873,0.060405
Watershed,-0.014334,-0.117154,0.005886,-0.124687
Watershed,-0.113476,0.152945,0.006069,0.028316
Watershed,0.109971,0.045227,0.007281,0.168619
Watershed,-0.018928,0.185738,0.005576,0.169782
Watershed,-0.027171,-0.075282,0.007314,-0.093828
Watershed,-0.038544,-0.018004,0.008993,-0.047362
Watershed,-0.108356,0.080732,0.006124,-0.030471
Watershed,-0.057828,-0.01857,0.006655,-0.06917
Watershed,-0.079092,0.059299,0.005278,-0.019334
Watershed,-0.014334,0.027527,0.006663,0.019547
Watershed,-0.02758,0.125976,0.006587,0.102133
Watershed,-0.055723,-0.07469,0.007123,-0.120028
Watershed,-0.038075,0.07102,0.008349,0.038843
Watershed,-0.095866,-0.004402,0.006944,-0.093595
Watershed,-0.126498,-0.001472,0.007311,-0.121407
Watershed,-0.03262,0.118243,0.006393,0.088681
Watershed,-0.000791,0.000541,0.005559,0.005307
Watershed,-0.026889,-0.083203,0.005622,-0.10284
Watershed,-0.079121,0.08933,0.007234,0.010399
Watershed,-0.070804,0.090478,0.006399,0.019753
Watershed,-0.029316,0.046616,0.006058,0.022088
Watershed,-0.028358,-0.220143,0.009146,-0.235329
Watershed,-0.069572,-0.019589,0.008679,-0.079881
Watershed,-0.060267,0.024733,0.007716,-0.029594
Watershed,0.025504,0.062772,0.009542,0.100277
Watershed,-0.075761,-0.032631,0.007816,-0.098931
Watershed,-0.055723,0.102075,0.006292,0.047212
Watershed,-0.008641,-0.101147,0.007284,-0.102424
Watershed,-0.218058,-0.109434,0.006805,-0.29889
Watershed,-0.008032,0.075283,0.00668,0.073771
Watershed,-0.081851,-0.001518,0.008436,-0.075511
Watershed,-0.079121,-0.161931,0.007253,-0.222642
Watershed,-0.105727,0.082064,0.006897,-0.025666
Watershed,-0.043688,0.022231,0.007937,-0.014669
Watershed,-0.025272,0.034813,0.006275,0.01499
Watershed,-0.004809,-0.001486,0.00683,0.000499
Watershed,-0.218058,-0.079982,0.007972,-0.274864
Watershed,-0.175202,-0.0393,0.007637,-0.201565
Watershed,0.039149,0.002091,0.006792,0.048394
Watershed,0.140966,0.074161,0.005196,0.231949
Watershed,0.02007,-0.079901,0.008205,-0.053734
Watershed,-0.031025,0.022898,0.007734,-0.001172
Watershed,-0.052171,0.067679,0.00791,0.019982
Watershed,-0.167915,0.049781,0.008199,-0.119331
Watershed,-0.057828,0.014578,0.009527,-0.034986
Watershed,-0.007259,-0.092967,0.00573,-0.094391
Watershed,0.109971,0.074965,0.005995,0.200333
Watershed,-0.038075,-0.017964,0.006856,-0.048879
Watershed,-0.161394,0.129175,0.008191,-0.045311
Watershed,-0.081851,0.001763,0.004883,-0.075741
Watershed,-0.000791,-0.003384,0.007221,0.003019
Watershed,-0.167915,-0.093857,0.006461,-0.24114
Watershed,0.057094,0.046968,0.006586,0.114032
Watershed,-0.113476,-0.068674,0.005578,-0.169751
Watershed,0.071834,-0.18087,0.007074,-0.115818
Watershed,-0.025272,0.082786,0.008084,0.063953
Watershed,-0.126504,0.048664,0.007516,-0.077111
Watershed,-0.060267,0.029766,0.007147,-0.02538
Watershed,-0.055723,0.000276,0.006063,-0.049737
Watershed,0.140078,0.100386,0.006135,0.262223
Watershed,-0.218058,-0.096177,0.006969,-0.288337
Watershed,-0.151319,0.068481,0.005801,-0.08794
Watershed,-0.081851,-0.020525,0.007556,-0.0939
Watershed,0.140078,-0.02121,0.006822,0.12351
Watershed,-0.099089,0.032257,0.007141,-0.063387
Watershed,0.109971,-0.053309,0.005709,0.056798
Watershed,-0.015946,-0.00726,0.007277,-0.015981
Watershed,-0.008897,0.030321,0.006944,0.028246
Watershed,-0.02758,0.049203,0.006783,0.027186
Watershed,-0.164968,-0.011276,0.006235,-0.169237
Watershed,-0.047719,0.005704,0.006,-0.03654
Watershed,-0.009688,-0.015815,0.006414,-0.019098
Watershed,-0.166975,-0.062994,0.006204,-0.214608
Watershed,-0.076034,-0.014734,0.007249,-0.083048
Watershed,0.053225,-0.042424,0.006329,0.014926
Watershed,0.053225,0.016625,0.005403,0.076521
Watershed,0.140966,0.046182,0.00616,0.201012
Watershed,-0.129735,-0.135299,0.006328,-0.242719
Watershed,-0.038075,-0.018457,0.006476,-0.049714
Watershed,-0.092124,0.001201,0.004473,-0.086967
Watershed,-0.044545,-0.008817,0.008294,-0.045115
Watershed,-0.126498,-0.007542,0.008076,-0.126084
Watershed,-0.018928,0.046484,0.008935,0.035851
Watershed,0.039149,0.042306,0.008887,0.092738
Watershed,-0.072565,-0.026702,0.007674,-0.090402
Watershed,-0.120393,0.086975,0.003997,-0.040068
Watershed,0.010181,0.064532,0.007801,0.083759
Watershed,-0.028358,0.064864,0.007648,0.042579
Watershed,-0.000791,-0.015597,0.007291,-0.009205
Watershed,-0.029316,-0.097382,0.008328,-0.116547
Watershed,-0.044545,0.019185,0.008112,-0.018316
Watershed,-0.115538,0.126366,0.004964,0.001173
Watershed,-0.03262,0.122034,0.005981,0.091925
Watershed,-0.055723,-0.037194,0.005774,-0.085595
Watershed,-0.096633,-0.034521,0.006449,-0.122193
Watershed,-0.069572,0.007044,0.006497,-0.056931
Watershed,0.035194,-0.018715,0.007273,0.023208
Watershed,-0.036328,0.097604,0.005933,0.064006
Watershed,-0.044545,-0.041811,0.009087,-0.076175
Watershed,0.004937,0.07702,0.006937,0.089845
Watershed,-0.175202,-0.172971,0.007485,-0.312762
Watershed,0.001729,-0.16319,0.007481,-0.155472
Watershed,0.039149,0.002635,0.005674,0.047799
Watershed,-0.129735,0.088668,0.006345,-0.046559
Watershed,-0.09118,-0.010223,0.006719,-0.094427
Watershed,-0.126498,0.142623,0.006596,0.004667
Watershed,-0.118483,0.053312,0.005722,-0.066175
Watershed,-0.015946,0.052516,0.00585,0.041791
Watershed,-0.015946,0.03075,0.006558,0.020965
Watershed,-0.031998,-0.054808,0.008378,-0.077387
Watershed,-0.175202,0.049211,0.008283,-0.127446
Watershed,-0.140882,0.149092,0.006917,-0.005966
Watershed,-0.079724,0.12595,0.007356,0.043807
Watershed,-0.093314,-0.094775,0.008648,-0.172147
Watershed,-0.108356,-0.038262,0.007802,-0.135782
Watershed,-0.099089,-0.038959,0.00721,-0.127944
Watershed,0.225237,-0.087471,0.006969,0.125856
Watershed,-0.09118,-0.156417,0.006327,-0.228484
Watershed,-0.023222,-0.105404,0.007738,-0.119417
Watershed,0.140078,-0.074272,0.006398,0.062155
Watershed,-0.038544,0.016508,0.006704,-0.01612
Watershed,-0.129735,-0.103856,0.008739,-0.213302
Watershed,0.026786,0.140934,0.005289,0.177691
Watershed,-0.028358,-0.002361,0.006735,-0.024124
Watershed,0.063226,-0.116667,0.008399,-0.05293
Watershed,-0.088655,-0.036863,0.008849,-0.114482
Watershed,-0.076253,-0.038261,0.006722,-0.105625
Watershed,0.109971,0.028082,0.005912,0.147888
Watershed,-0.008032,0.015679,0.005996,0.013563
Watershed,-0.023222,0.089557,0.008232,0.073016
Watershed,-0.03262,-0.048349,0.007768,-0.07224
Watershed,-0.060267,0.042531,0.006821,-0.013618
Watershed,-0.028358,0.049891,0.007223,0.027486
Watershed,-0.079092,0.079039,0.008217,0.001861
Watershed,-0.000791,-0.072258,0.007311,-0.066215
Watershed,-0.068279,0.005124,0.005879,-0.057999
Watershed,-0.161394,0.107539,0.004773,-0.066778
Watershed,-0.055723,-0.072461,0.007733,-0.117374
Watershed,-0.047719,-0.067977,0.007396,-0.105888
Watershed,-0.033818,0.014273,0.007308,-0.012867
Watershed,-0.008032,0.017319,0.006487,0.015695
Watershed,0.004937,0.003209,0.006186,0.014398
Watershed,0.057094,-0.188774,0.008586,-0.135096
Watershed,-0.015946,-0.088542,0.005244,-0.098373
Watershed,0.025504,-0.003907,0.006755,0.028398
Watershed,-0.115538,0.143267,0.005413,0.016648
Watershed,-0.009688,-0.049215,0.00783,-0.051055
Watershed,-0.105727,-0.114476,0.007361,-0.20227
Watershed,-0.059367,-0.100699,0.006176,-0.148863
Watershed,-0.055117,-0.055049,0.008204,-0.099807
Watershed,-0.006374,0.040432,0.006412,0.040429
Watershed,0.015547,-0.048155,0.006037,-0.027521
Watershed,-0.056334,0.003838,0.006968,-0.046112
Watershed,-0.057171,0.025984,0.008299,-0.024645
Watershed,-0.161394,-0.103216,0.007342,-0.24243
Watershed,0.140966,-0.152215,0.00872,-0.024271
Watershed,-0.079121,0.062748,0.005747,-0.015714
Watershed,-0.031,0.099661,0.0066,0.072604
Watershed,-0.120393,0.017647,0.009055,-0.096765
Watershed,-0.143257,-0.009097,0.006969,-0.145135
Watershed,-0.070804,0.087081,0.006594,0.016773
Watershed,-0.010379,-0.099202,0.007502,-0.101864
Watershed,0.02007,-0.032242,0.00613,-0.006767
Watershed,-0.042034,-0.115972,0.006564,-0.147572
Watershed,-0.018928,0.06325,0.007531,0.050981
Watershed,-0.095866,-0.025297,0.007533,-0.112099
Watershed,-0.038544,0.031008,0.005953,-0.00283
Watershed,-0.009871,-0.041318,0.006811,-0.044317
Watershed,-0.105727,0.088505,0.006544,-0.020209
Watershed,-0.081851,-0.075453,0.006963,-0.145217
Watershed,-0.009871,-0.067066,0.007262,-0.069567
Watershed,0.063226,0.032222,0.005935,0.103998
Watershed,-0.047719,0.050132,0.006847,0.006868
Watershed,-0.006374,0.018693,0.006702,0.018983
Watershed,0.015547,0.012349,0.008433,0.036758
Watershed,-0.072565,0.049797,0.007169,-0.019402
Watershed,-0.081851,0.020148,0.006545,-0.057221
Watershed,-0.009871,-0.057583,0.006818,-0.060524
Watershed,-0.031025,0.097793,0.007919,0.072158
Watershed,0.063226,0.048587,0.00855,0.124416
Watershed,-0.036328,-0.017457,0.006689,-0.046817
Watershed,-0.060267,-0.037367,0.004548,-0.091269
Watershed,-0.017382,0.114438,0.00642,0.102097
Watershed,-0.0674,0.039603,0.007563,-0.023133
Watershed,-0.014334,0.107526,0.006283,0.098509
Watershed,-0.008032,-0.034179,0.006541,-0.03567
Watershed,-0.047948,0.035756,0.008632,-0.005395
Watershed,-0.093314,0.012609,0.006119,-0.076264
Watershed,-0.129735,0.109182,0.007607,-0.027375
Watershed,-0.004809,0.070233,0.006561,0.072075
Watershed,-0.015946,-0.00662,0.0079,-0.014738
Watershed,-0.029316,0.016828,0.006561,-0.006506
Watershed,-0.060267,0.052356,0.007373,-0.003775
Watershed,-0.042034,0.047101,0.005129,0.008232
Watershed,-0.008641,-0.031121,0.006341,-0.033403
Watershed,-0.093314,0.005439,0.006339,-0.082604
Watershed,-0.064839,0.014559,0.007766,-0.043856
Watershed,-0.079092,-0.140669,0.008289,-0.202075
Watershed,-0.007259,0.031505,0.006822,0.031004
Watershed,-0.079724,0.09976,0.003268,0.01539
Watershed,-0.115538,0.074477,0.007666,-0.042381
Watershed,-0.095866,0.01632,0.008462,-0.073335
Watershed,-0.165853,-0.076518,0.008235,-0.223338
Watershed,-0.009315,-0.023781,0.007063,-0.026043
Watershed,-0.031,-0.016161,0.00776,-0.039262
Watershed,-0.057828,-0.089019,0.005569,-0.13692
Watershed,-0.075761,-0.046946,0.006297,-0.113603
Watershed,-0.024405,-0.033583,0.007515,-0.050083
Watershed,-0.070804,-0.001956,0.006745,-0.066366
Watershed,-0.069572,-0.075626,0.006041,-0.134741
Watershed,-0.075761,0.003061,0.005442,-0.067886
Watershed,0.028516,0.032091,0.005764,0.06764
Watershed,-0.009871,0.020644,0.00811,0.018764
Watershed,0.026453,0.023277,0.005403,0.056021
Watershed,0.017629,-0.075404,0.007799,-0.051766
Watershed,-0.047719,0.041333,0.007266,-0.001153
Watershed,-0.116016,-0.017331,0.007741,-0.124613
Watershed,-0.031025,0.061753,0.007645,0.036677
Watershed,-0.093314,0.024816,0.008887,-0.062557
Watershed,-0.071723,0.005826,0.006187,-0.060537
Watershed,-0.042611,0.146726,0.006982,0.105528
Watershed,-0.175202,-0.051426,0.007794,-0.21152
Watershed,0.010181,-0.04764,0.006456,-0.031733
Watershed,-0.165853,-0.027881,0.005901,-0.184325
Watershed,-0.015946,-0.061354,0.0057,-0.071057
Watershed,-0.029316,0.04175,0.005199,0.016467
Watershed,0.032498,0.069586,0.00819,0.11339
Watershed,-0.106481,-0.090043,0.007589,-0.180766
Watershed,-0.126498,-0.045698,0.007686,-0.160008
Watershed,0.063226,-0.008841,0.00493,0.059021
Watershed,-0.031,0.073758,0.007856,0.048646
Watershed,-0.071723,0.162761,0.007872,0.087862
Watershed,-0.055117,-0.054012,0.006829,-0.100048
Watershed,0.026453,-0.080865,0.005094,-0.051745
Watershed,-0.075761,0.126495,0.005945,0.047341
Watershed,-0.017684,0.030562,0.006392,0.018809
Watershed,-0.060267,-0.019988,0.006924,-0.072674
Watershed,-0.098843,0.092549,0.006897,-0.008651
Watershed,-0.106481,0.05183,0.006628,-0.053941
Watershed,0.002172,-0.11301,0.007772,-0.104175
Watershed,0.053225,-0.027443,0.006755,0.031241
Watershed,-0.153889,-0.011045,0.00605,-0.158172
Watershed,-0.023222,0.010584,0.006277,-0.006688
Watershed,0.026786,0.071925,0.007932,0.109369
Watershed,-0.057171,-0.007856,0.008818,-0.05633
Watershed,-0.047948,0.035838,0.008853,-0.005097
Watershed,-0.164968,-0.067381,0.0076,-0.215315
Watershed,-0.114569,0.017092,0.007281,-0.092877
Watershed,-0.085075,-0.050371,0.00599,-0.125957
Watershed,0.002172,0.123602,0.005572,0.132316
Watershed,-0.031998,-0.164843,0.005932,-0.186771
Watershed,0.225237,-0.015056,0.007395,0.215714
Watershed,-0.060899,-0.008871,0.008447,-0.061367
Watershed,0.140078,-0.06891,0.007867,0.069866
Watershed,-0.083725,0.074672,0.00611,-0.009288
Watershed,-0.017684,0.035106,0.006378,0.023285
Watershed,-0.129735,0.016689,0.005852,-0.110034
Watershed,-0.067854,-0.008251,0.005854,-0.070133
Watershed,0.057094,0.138059,0.00611,0.210386
Watershed,0.057094,-0.04075,0.005297,0.019389
Watershed,-0.076034,0.010369,0.007437,-0.05951
Watershed,-0.02589,-0.075579,0.007012,-0.093198
Watershed,-0.085075,0.143067,0.007075,0.053219
Watershed,-0.09118,-0.056325,0.008416,-0.135151
Watershed,-0.047719,-0.094061,0.006961,-0.131286
Watershed,-0.175202,0.151883,0.007426,-0.042875
Watershed,-0.067854,0.046914,0.006937,-0.017354
Watershed,-0.092124,0.050636,0.007604,-0.038899
Watershed,-0.060899,-0.035003,0.007576,-0.086905
Watershed,-0.014334,-0.047096,0.007383,-0.05382
Watershed,-0.218058,0.05081,0.005802,-0.17356
Watershed,0.140966,0.040442,0.009172,0.197997
Watershed,-0.106481,0.138241,0.008271,0.025452
Watershed,-0.03591,-0.004348,0.007188,-0.033202
Watershed,0.031508,-0.069836,0.0088,-0.032084
Watershed,-0.161394,-0.062695,0.005687,-0.209501
Watershed,-0.083158,0.089719,0.00818,0.007273
Watershed,0.057094,-0.019126,0.006969,0.044102
Watershed,-0.004809,0.061114,0.008235,0.064707
Watershed,-0.028358,-0.003897,0.007556,-0.024832
Watershed,0.140966,0.022187,0.006316,0.173648
Watershed,-0.004809,-0.112387,0.006488,-0.110926
Watershed,-0.158462,0.03523,0.006501,-0.12315
Watershed,0.039149,-0.064681,0.006356,-0.021887
Watershed,-0.158462,-0.016116,0.006714,-0.166465
Watershed,-0.09118,-0.078318,0.008332,-0.155378
Watershed,-0.164968,-0.027146,0.00845,-0.180772
Watershed,-0.079724,-0.173432,0.005782,-0.234931
Watershed,-0.064839,0.002291,0.006241,-0.056847
Watershed,-0.218058,0.005742,0.00703,-0.208039
Watershed,-0.121063,0.039434,0.006405,-0.080552
Watershed,-0.047719,-0.00487,0.007195,-0.045538
Watershed,-0.036328,0.115241,0.005406,0.080537
Watershed,-0.099089,0.061438,0.008937,-0.035193
Watershed,-0.026889,-0.02437,0.008699,-0.042345
Watershed,-0.164968,0.017547,0.006681,-0.144639
Watershed,-0.047948,-0.037872,0.007263,-0.077351
Watershed,-0.07464,0.106211,0.007236,0.03105
Watershed,-0.036328,-0.098846,0.006123,-0.126265
Watershed,0.032498,0.076807,0.006167,0.118658
Watershed,0.232625,-0.180854,0.008202,0.017982
Watershed,-0.106481,-0.090128,0.007057,-0.181276
Watershed,-0.009871,0.071525,0.006574,0.067923
Watershed,-0.076034,-0.017561,0.005011,-0.087711
Watershed,-0.09118,0.067377,0.006828,-0.023323
Watershed,-0.093314,0.157695,0.007247,0.057272
Watershed,-0.028892,-0.101043,0.005925,-0.121843
Watershed,-0.029316,-0.065885,0.008385,-0.085667
Watershed,0.057094,-0.037668,0.008204,0.02562
Watershed,0.031508,0.083348,0.008924,0.127455
Watershed,-0.008897,-0.022698,0.005485,-0.02608
Watershed,-0.008641,0.086306,0.007675,0.085184
Watershed,-0.064839,-0.01395,0.006511,-0.071881
Watershed,-0.029316,-0.027145,0.00618,-0.04983
Watershed,-0.015471,0.06372,0.007925,0.055563
Watershed,0.002172,0.005507,0.007017,0.014761
Watershed,0.225237,0.065887,0.007172,0.315331
Watershed,-0.007259,-0.03522,0.009923,-0.032719
Watershed,0.017629,0.061566,0.007195,0.088053
Watershed,-0.060899,0.046038,0.006002,-0.011768
Watershed,-0.076253,0.003236,0.007111,-0.066673
Watershed,0.140078,-0.035191,0.007696,0.108422
Watershed,-0.105727,0.101783,0.007411,-0.007403
Watershed,-0.118483,-0.022968,0.005853,-0.13369
Watershed,-0.059367,-0.044029,0.006792,-0.094674
Watershed,-0.167915,-0.045919,0.006559,-0.200916
Watershed,-0.088655,0.080705,0.006058,-0.009139
Watershed,0.026786,-0.014906,0.008191,0.019766
Watershed,-0.0674,-0.182364,0.006247,-0.232709
Watershed,0.026453,0.167049,0.007131,0.206463
Watershed,-0.076253,-0.086323,0.007603,-0.149577
Watershed,-0.106481,0.150166,0.007099,0.03499
Watershed,-0.175202,-0.073421,0.005454,-0.231591
Watershed,-0.116016,-0.144045,0.007782,-0.237462
Watershed,-0.007259,0.045893,0.006823,0.045386
Watershed,-0.038075,-0.032998,0.007742,-0.062615
Watershed,-0.113476,-0.150345,0.004964,-0.243021
Watershed,0.232625,0.003718,0.00731,0.246251
Watershed,-0.164968,-0.015272,0.00591,-0.172862
Watershed,-0.023222,0.016101,0.007433,-0.000119
Watershed,0.02007,0.025875,0.006188,0.05294
Watershed,-0.033818,-0.015519,0.007204,-0.04196
Watershed,-0.014334,-0.00676,0.006149,-0.014977
Watershed,-0.052171,-0.126675,0.005607,-0.167596
Watershed,-0.151319,0.046411,0.006431,-0.10622
Watershed,-0.075761,-0.026043,0.008027,-0.092605
Watershed,0.232625,0.046755,0.006133,0.29817
Watershed,0.02007,-0.086683,0.006693,-0.062117
Watershed,-0.151319,-0.030105,0.006275,-0.171704
Watershed,0.032498,0.017346,0.005455,0.056137
Watershed,-0.024405,-0.082414,0.006042,-0.099399
Watershed,-0.075761,-0.03037,0.006661,-0.097861
Watershed,-0.050454,0.063521,0.008115,0.018057
Watershed,0.028516,0.037358,0.005331,0.072628
Watershed,-0.038075,0.15322,0.005465,0.115374
Watershed,-0.028892,-0.048033,0.006608,-0.069428
Watershed,-0.068279,-0.105787,0.0062,-0.161678
Watershed,0.001729,0.000961,0.006203,0.008911
Watershed,-0.026889,0.035833,0.007345,0.015384
Watershed,-0.140882,0.077741,0.007568,-0.067086
Watershed,0.109971,0.002119,0.009137,0.122486
Watershed,-0.036328,-0.014563,0.005918,-0.044742
Watershed,-0.143257,0.162768,0.005873,0.002043
Watershed,-0.031025,0.038226,0.006326,0.012379
Watershed,-0.114569,-0.002879,0.0061,-0.111732
Watershed,-0.000791,-0.071326,0.007511,-0.065091
Watershed,-0.105727,-0.083333,0.007572,-0.174043
Watershed,0.03532,-0.046278,0.006732,-0.005946
Watershed,-0.047719,-0.011319,0.00662,-0.052265
Watershed,0.032498,0.006995,0.007136,0.04714
Watershed,0.063226,0.108078,0.007681,0.187187
Watershed,-0.009315,-0.045813,0.00531,-0.049682
Watershed,-0.007259,0.087771,0.007609,0.088092
Watershed,-0.126498,-0.027983,0.007274,-0.144765
Watershed,-0.068279,0.053408,0.007142,-0.011508
Watershed,-0.200777,0.011629,0.005762,-0.186825
Watershed,-0.033818,0.080669,0.005526,0.049893
Watershed,-0.060267,-0.033721,0.00738,-0.085255
Watershed,-0.060899,0.128796,0.006793,0.067255
Watershed,-0.085075,0.040832,0.007317,-0.040749
Watershed,-0.09118,0.139418,0.007442,0.043232
Watershed,-0.009688,0.177644,0.006117,0.173368
Watershed,-0.093314,0.004372,0.006426,-0.083499
Watershed,-0.057828,-0.033695,0.007302,-0.082927
Watershed,-0.161394,0.064807,0.006123,-0.101579
Watershed,0.02352,0.057042,0.008099,0.090665
Watershed,-0.018928,0.033073,0.006848,0.02046
Watershed,-0.069572,-0.062579,0.006884,-0.121793
Watershed,-0.098843,0.008336,0.007867,-0.084182
Watershed,-0.113476,-0.008436,0.008202,-0.113744
Watershed,-0.129735,-0.04082,0.007844,-0.158712
Watershed,-0.126498,-0.06174,0.006344,-0.175229
Watershed,-0.042034,-0.046721,0.007218,-0.080199
Watershed,-0.118483,-0.003231,0.007356,-0.114868
Watershed,-0.02758,-0.091331,0.007793,-0.109506
Watershed,-0.083158,0.100387,0.007298,0.016245
Watershed,-0.028892,-0.086306,0.006075,-0.107314
Watershed,0.019594,0.116605,0.004112,0.143165
Watershed,-0.079121,0.082102,0.007624,0.004083
Watershed,0.017629,-0.017128,0.005931,0.006131
Watershed,-0.07464,-0.023668,0.005996,-0.091125
Watershed,0.026453,0.135056,0.007874,0.174256
Watershed,-0.042034,-0.044077,0.009238,-0.075799
Watershed,-0.017684,-0.135776,0.006758,-0.145322
Watershed,-0.166975,0.003952,0.008214,-0.156813
Watershed,-0.036328,-0.001564,0.004579,-0.03343
Watershed,-0.031025,-0.038341,0.006798,-0.061842
Watershed,-0.007259,-0.047327,0.007117,-0.047511
Watershed,0.03532,-0.040224,0.006568,0.000201
Watershed,-0.026889,-0.007725,0.006275,-0.028347
Watershed,0.015547,0.065932,0.005917,0.08891
Watershed,-0.083158,-0.012611,0.006157,-0.089147
Watershed,-0.060899,-0.067109,0.006161,-0.118523
Watershed,-0.02758,0.013082,0.005821,-0.009124
Watershed,-0.057828,0.006435,0.007078,-0.045053
Watershed,0.225237,-0.057383,0.008107,0.164292
Watershed,0.02007,-0.050104,0.005363,-0.025843
Watershed,-0.025272,0.141763,0.007534,0.121293
Watershed,-0.083158,0.086392,0.005129,0.001158
Watershed,-0.121063,0.068082,0.008013,-0.053701
Watershed,0.001729,0.040998,0.007425,0.050541
Watershed,-0.031025,-0.077488,0.004513,-0.102075
Watershed,-0.017382,0.154414,0.007017,0.142307
Watershed,-0.105727,0.076888,0.00806,-0.029206
Watershed,0.039149,0.075804,0.007579,0.126393
Watershed,-0.018928,-0.043425,0.006738,-0.055208
Watershed,-0.106481,0.028712,0.006046,-0.07527
Watershed,-0.030976,0.056414,0.005616,0.029439
Watershed,-0.09118,-0.013199,0.009206,-0.094919
Watershed,0.109971,-0.013055,0.007626,0.103834
Watershed,-0.03262,-0.128796,0.006579,-0.15167
Watershed,-0.03262,0.034837,0.00813,0.00922
Watershed,-0.118483,-0.100286,0.007611,-0.20085
Watershed,-0.167915,-0.062481,0.005674,-0.215478
Watershed,-0.114569,0.032458,0.008235,-0.078301
Watershed,-0.033818,0.10175,0.007,0.071943
Watershed,-0.030976,-0.052656,0.0072,-0.075391
Watershed,-0.067854,0.013208,0.005561,-0.050291
Watershed,-0.000791,0.020681,0.00753,0.027554
Watershed,-0.143257,0.101034,0.008452,-0.048723
Watershed,-0.085075,-0.004355,0.006857,-0.082814
Watershed,-0.092124,-0.118367,0.006888,-0.194073
Watershed,0.140966,0.087217,0.006341,0.248344
Watershed,-0.165677,-0.148466,0.005342,-0.285751
Watershed,-0.060267,-0.005651,0.005064,-0.060846
Watershed,-0.015946,0.121267,0.006367,0.110412
Watershed,-0.017382,0.054209,0.006055,0.042156
Watershed,-0.079121,-0.066838,0.005594,-0.135863
Watershed,-0.03591,0.067811,0.006209,0.035858
Watershed,-0.151319,0.149284,0.007785,-0.017031
Watershed,-0.031,0.117467,0.005604,0.088893
Watershed,0.035194,-0.085673,0.007308,-0.046577
Watershed,0.02352,0.053872,0.00814,0.087438
Watershed,-0.010379,-0.084545,0.007173,-0.087549
Watershed,0.026453,-0.106197,0.005481,-0.077524
Watershed,-0.070804,-0.051796,0.005882,-0.113749
Watershed,-0.079724,-0.163738,0.007893,-0.224333
Watershed,-0.008641,0.015382,0.007518,0.014176
Watershed,-0.024405,-0.013184,0.007533,-0.030014
Watershed,-0.079121,-0.167145,0.007707,-0.22713
Watershed,-0.026889,-0.023432,0.006296,-0.043708
Watershed,-0.099089,0.068146,0.006731,-0.031218
Watershed,-0.083725,-0.049223,0.005655,-0.1239
Watershed,-0.121063,-0.060915,0.007079,-0.168761
Watershed,-0.140882,0.116418,0.006588,-0.034546
Watershed,0.063226,0.05809,0.007661,0.133607
Watershed,-0.075761,0.020765,0.006757,-0.050195
Watershed,-0.007259,-0.014765,0.007383,-0.014695
Watershed,-0.047719,0.114766,0.005436,0.067341
Watershed,-0.042034,0.091775,0.005617,0.051758
Watershed,0.053225,0.058552,0.006396,0.122025
Watershed,-0.076253,-0.104166,0.004666,-0.168615
Watershed,-0.098843,0.050077,0.00667,-0.047405
Watershed,-0.096633,-0.14258,0.004219,-0.222167
Watershed,0.032498,0.110128,0.006969,0.154192
Watershed,-0.083725,-0.100368,0.007006,-0.169914
Watershed,-0.055723,0.061549,0.008002,0.010417
Watershed,-0.068279,0.01689,0.007051,-0.045862
Watershed,0.140078,-0.173612,0.007028,-0.051231
Watershed,-0.118483,0.000727,0.007271,-0.111428
Watershed,-0.165677,0.026977,0.005458,-0.138494
Watershed,-0.042611,0.108399,0.006651,0.068228
Watershed,-0.000791,-0.129703,0.007103,-0.124214
Watershed,-0.166975,-0.023658,0.004956,-0.182652
Watershed,-0.004809,0.098342,0.006438,0.100097
Watershed,-0.151319,0.039955,0.005767,-0.11232
Watershed,-0.175202,-0.103678,0.008392,-0.254511
Watershed,0.025504,0.047434,0.006177,0.080784
Watershed,-0.085075,0.085924,0.005685,-0.000813
Watershed,-0.064839,0.057269,0.006821,-0.00454
Watershed,-0.009315,-0.091893,0.006599,-0.094415
Watershed,-0.050454,0.026917,0.006354,-0.0187
Watershed,-0.072565,0.088619,0.005902,0.015583
Watershed,0.071834,0.073383,0.006028,0.157423
Watershed,-0.031025,-0.008031,0.00702,-0.03206
Watershed,-0.015946,0.024207,0.006834,0.014762
Watershed,-0.042611,-0.055865,0.006298,-0.090403
Watershed,-0.007259,-0.112975,0.007946,-0.112417
Watershed,-0.042611,-0.016955,0.008039,-0.051277
Watershed,-0.055723,0.014504,0.008222,-0.03415
Watershed,-0.006374,0.201771,0.006911,0.202362
Watershed,-0.03591,-0.065002,0.006738,-0.092505
Watershed,-0.008032,-0.001097,0.005821,-0.003353
Watershed,-0.056334,-0.026491,0.008457,-0.073563
Watershed,-0.092124,-0.031266,0.007594,-0.113831
Watershed,-0.018928,-0.082031,0.006013,-0.093992
Watershed,-0.042611,0.061218,0.006453,0.022554
Watershed,0.02352,0.05737,0.00726,0.090096
Watershed,-0.006374,-0.060555,0.007891,-0.059177
Watershed,-0.081851,-0.056765,0.008437,-0.126662
Watershed,0.140078,0.069849,0.007405,0.228744
Watershed,-0.009688,0.019688,0.005996,0.015864
Watershed,-0.165853,-0.023494,0.006037,-0.180533
Watershed,0.232625,-0.11959,0.006282,0.092033
Watershed,-0.043688,-0.092992,0.008165,-0.125535
Watershed,-0.165853,-0.042907,0.00676,-0.196247
Watershed,-0.09118,-0.01785,0.00668,-0.10144
Watershed,-0.03591,-0.027467,0.005656,-0.057088
Watershed,-0.056334,-0.083929,0.008339,-0.128327
Watershed,-0.009315,0.106501,0.006299,0.103098
Watershed,0.026453,-0.106387,0.005806,-0.077423
Watershed,-0.068279,0.11328,0.005169,0.042628
Watershed,0.232625,-0.092608,0.005879,0.12505
Watershed,-0.151319,0.055032,0.006541,-0.098758
Watershed,-0.116016,0.124896,0.008364,0.002706
Watershed,-0.068279,0.05871,0.006864,-0.006807
Watershed,-0.055117,0.054868,0.00663,0.003336
Watershed,-0.02589,-0.061676,0.009547,-0.077243
Watershed,-0.036328,-0.066662,0.00714,-0.094147
Watershed,-0.076253,-0.004422,0.007964,-0.073014
Watershed,-0.092124,0.061784,0.007227,-0.029065
Watershed,-0.165677,-0.015996,0.007016,-0.173263
Watershed,0.071834,0.027517,0.004739,0.106546
Watershed,-0.076034,-0.064321,0.004759,-0.13135
Watershed,-0.010379,0.02821,0.006326,0.023974
Watershed,-0.0674,0.100832,0.007206,0.034033
Watershed,-0.027171,0.043033,0.007874,0.022682
Watershed,-0.017684,-0.030593,0.006489,-0.041557
Watershed,-0.023222,0.034855,0.006955,0.017853
Watershed,-0.024405,0.025822,0.006213,0.007005
Watershed,-0.008897,-0.093812,0.006269,-0.096245
Watershed,-0.164968,-0.040434,0.008035,-0.192294
Watershed,-0.056334,0.058737,0.007221,0.006309
Watershed,-0.010379,-0.064735,0.006766,-0.068181
Watershed,-0.055723,0.124081,0.006006,0.067818
Watershed,-0.017684,-0.012938,0.006961,-0.023645
Watershed,-0.0674,-0.107866,0.009056,-0.160461
Watershed,0.071834,-0.050275,0.004799,0.022833
Watershed,0.071834,-0.044022,0.006322,0.031127
Watershed,-0.018928,0.07957,0.006556,0.06608
Watershed,-0.088655,-0.001413,0.007048,-0.083529
Watershed,-0.056848,-0.150069,0.00761,-0.192285
Watershed,-0.056848,0.033497,0.008505,-0.016965
Watershed,-0.050454,0.057818,0.008475,0.012959
Watershed,-0.121063,-0.018545,0.006147,-0.132061
Watershed,-0.064839,-0.091234,0.005747,-0.145274
Watershed,-0.042611,-0.088418,0.00848,-0.119861
Watershed,0.02007,0.09354,0.005293,0.121392
Watershed,-0.02758,-0.08528,0.006726,-0.104526
Watershed,-0.166975,-0.100375,0.008025,-0.244575
Watershed,-0.166975,-0.063923,0.006478,-0.215173
Watershed,-0.099089,-0.023413,0.008124,-0.113034
Watershed,-0.153889,-0.016956,0.006938,-0.162464
Watershed,-0.008641,-0.033244,0.0068,-0.03508
Watershed,-0.008897,-0.018897,0.004744,-0.023013
Watershed,-0.014334,-0.014185,0.006934,-0.021579
Watershed,-0.158462,-0.066144,0.005371,-0.209903
Watershed,0.02352,-0.018669,0.005832,0.010269
Watershed,0.028516,0.042061,0.007046,0.079329
Watershed,-0.116016,0.06566,0.006214,-0.052121
Watershed,0.063226,0.016057,0.006314,0.087118
Watershed,-0.07464,-0.137908,0.005999,-0.197469
Watershed,0.028516,0.065466,0.006332,0.102788
Watershed,-0.02589,-0.024994,0.005298,-0.045205
Watershed,-0.038075,-0.040038,0.006857,-0.070256
Watershed,-0.072565,-0.161728,0.007988,-0.216347
Watershed,-0.017382,-0.068053,0.008112,-0.076824
Watershed,-0.029316,-0.026595,0.007491,-0.048054
Watershed,-0.088655,0.055702,0.007589,-0.03059
Watershed,-0.121063,-0.130236,0.008032,-0.229392
Watershed,-0.114569,-0.03054,0.007677,-0.13502
Watershed,-0.069572,-0.070172,0.007844,-0.128076
Watershed,-0.033818,0.147487,0.007882,0.11742
Watershed,-0.143257,0.041504,0.00661,-0.101801
Watershed,-0.200777,-0.065811,0.006761,-0.248327
Watershed,-0.010379,-0.017656,0.007684,-0.020382
Watershed,-0.047948,-0.025681,0.007879,-0.065089
Watershed,-0.055723,0.082104,0.008473,0.030463
Watershed,-0.070804,-0.050469,0.007658,-0.110942
Watershed,0.035194,0.068168,0.005387,0.111718
Watershed,-0.200777,-0.027976,0.007553,-0.217269
Watershed,-0.114569,-0.011677,0.005938,-0.119712
Watershed,-0.079724,-0.052283,0.007427,-0.121362
Watershed,0.025504,-0.025095,0.007433,0.007201
Watershed,0.019594,0.059843,0.007096,0.088277
Watershed,-0.143257,0.089555,0.006908,-0.060084
Watershed,-0.067854,-0.131673,0.006591,-0.185258
Watershed,-0.129735,-0.170523,0.007571,-0.27267
Watershed,-0.093314,0.031217,0.005084,-0.060256
Watershed,-0.126498,-0.029944,0.008086,-0.145803
Watershed,-0.017684,0.035144,0.005637,0.02257
Watershed,-0.175202,0.049678,0.006319,-0.128757
Watershed,-0.09118,-0.048611,0.005953,-0.130211
Watershed,-0.099089,-0.076446,0.007288,-0.161896
Watershed,-0.081851,-0.045196,0.006062,-0.118033
Watershed,-0.031025,0.026007,0.005415,-0.000442
Watershed,0.071834,0.127796,0.007877,0.218331
Watershed,-0.116016,0.013068,0.005731,-0.099332
Watershed,0.004937,-0.120981,0.005499,-0.111784
Watershed,-0.052171,0.022586,0.005422,-0.025509
Watershed,-0.038075,0.049786,0.005667,0.015538
Watershed,-0.019342,0.035371,0.006349,0.021791
Watershed,0.063226,0.079931,0.007589,0.156924
Watershed,-0.043688,0.05129,0.00839,0.013797
Watershed,-0.03262,-0.014581,0.00684,-0.040205
Watershed,-0.088655,-0.011922,0.00766,-0.092622
Watershed,-0.007259,0.090896,0.006429,0.08994
Watershed,-0.008641,-0.051453,0.006935,-0.053128
Watershed,0.03532,0.00765,0.006784,0.050318
Watershed,-0.164968,-0.014336,0.008065,-0.170301
Watershed,0.017629,-0.007912,0.008404,0.018063
Watershed,-0.126504,0.00533,0.00839,-0.11448
Watershed,-0.115538,0.034088,0.005718,-0.080159
Watershed,-0.096633,0.004203,0.007885,-0.085684
Watershed,-0.000791,-0.031677,0.005938,-0.026699
Watershed,-0.079121,-0.069937,0.006494,-0.137961
Watershed,-0.047719,-0.110749,0.007682,-0.146678
Watershed,0.02352,-0.000926,0.006359,0.029074
Watershed,-0.027171,0.059817,0.007367,0.038616
Watershed,-0.096633,-0.054619,0.008386,-0.138813
Watershed,0.057094,0.006743,0.005473,0.070047
Watershed,-0.014334,-0.064386,0.008156,-0.070275
Watershed,0.002172,0.002582,0.007373,0.012167
Watershed,-0.057828,0.137779,0.008401,0.08099
Watershed,-0.031,0.007977,0.006161,-0.017253
Watershed,0.225237,-0.027547,0.008113,0.201152
Watershed,-0.126498,-0.038157,0.006225,-0.154598
Watershed,-0.164968,0.089965,0.007861,-0.08269
Watershed,-0.143257,-0.011194,0.007318,-0.146648
Watershed,-0.120393,-0.037225,0.006414,-0.147704
Watershed,-0.099089,-0.021299,0.007432,-0.111724
Watershed,0.063226,0.04176,0.006592,0.114927
Watershed,-0.000791,0.150981,0.007201,0.158352
Watershed,-0.03591,-0.005398,0.008778,-0.032697
Watershed,-0.0674,-0.000323,0.005844,-0.062253
Watershed,-0.140882,-0.085943,0.00694,-0.209268
Watershed,-0.064839,0.006033,0.006664,-0.052927
Watershed,-0.036328,0.027542,0.006668,-0.003184
Watershed,-0.031,-0.066682,0.006122,-0.090079
Watershed,-0.115538,-0.068078,0.00809,-0.169082
Watershed,-0.072565,-0.021031,0.006393,-0.086266
Watershed,-0.031,-0.071628,0.005698,-0.095282
Watershed,-0.068279,0.061858,0.006808,-0.003909
Watershed,-0.083725,-0.078864,0.008435,-0.148866
Watershed,0.039149,-0.062825,0.006636,-0.019673
Watershed,0.002172,-0.009222,0.005894,-0.001217
Watershed,-0.115538,-0.030431,0.005069,-0.138106
Watershed,-0.038075,0.030723,0.007452,-0.001133
Watershed,-0.014334,0.011553,0.006759,0.003792
Watershed,-0.050454,-0.020168,0.007895,-0.06226
Watershed,-0.070804,-0.134919,0.005954,-0.191383
Watershed,0.028516,-0.017709,0.006552,0.016921
Watershed,-0.009315,0.167274,0.006539,0.163962
Watershed,-0.036328,-0.041274,0.005551,-0.070973
Watershed,-0.085075,0.080355,0.005606,-0.006016
Watershed,0.032498,-0.035073,0.006795,0.003055
Watershed,-0.140882,0.066349,0.007802,-0.076733
Watershed,-0.140882,0.022681,0.006712,-0.115499
Watershed,-0.050454,0.00749,0.008338,-0.035366
Watershed,-0.009871,-0.054615,0.00707,-0.05733
Watershed,0.02352,0.055236,0.005869,0.086394
Watershed,-0.158462,0.001843,0.008549,-0.149703
Watershed,0.035194,0.167363,0.007141,0.217077
Watershed,-0.060267,0.098312,0.00706,0.039407
Watershed,-0.175202,-0.041507,0.006155,-0.204571
Watershed,0.001729,-0.032424,0.005082,-0.025825
Watershed,-0.004809,-0.012979,0.008104,-0.009766
Watershed,-0.072565,-0.089764,0.00744,-0.149534
Watershed,0.017629,-0.083834,0.007421,-0.060765
Watershed,0.063226,-0.047082,0.008148,0.021421
Watershed,-0.027171,0.094512,0.009305,0.07468
Watershed,-0.030976,-0.004794,0.007816,-0.028083
Watershed,-0.072565,0.036586,0.007205,-0.031707
Watershed,0.057094,-0.116301,0.009194,-0.057259
Watershed,-0.072565,-0.004353,0.006356,-0.070734
Watershed,-0.151319,-0.106996,0.006415,-0.237263
Watershed,-0.108356,0.004889,0.006346,-0.098311
Watershed,-0.055117,0.247391,0.005856,0.18554
Watershed,-0.014334,0.000945,0.00622,-0.007265
Watershed,-0.098843,0.0641,0.005368,-0.035931
Watershed,-0.093314,-0.121611,0.007644,-0.19749
Watershed,-0.070804,0.063879,0.007902,-0.003636
Watershed,-0.140882,0.085047,0.006342,-0.061905
Watershed,-0.008032,0.009241,0.007163,0.008306
Watershed,-0.093314,-0.085874,0.007817,-0.164696
Watershed,-0.140882,-0.008579,0.007632,-0.141752
Watershed,-0.068279,-0.093313,0.005585,-0.150502
Watershed,-0.060899,0.186066,0.007602,0.122303
Watershed,-0.064839,0.081247,0.006319,0.017529
Watershed,-0.165677,-0.027149,0.006842,-0.182775
Watershed,-0.008641,-0.116991,0.006449,-0.118976
Watershed,0.015547,-0.003108,0.008117,0.020609
Watershed,0.031508,-0.075691,0.005484,-0.041339
Watershed,-0.158462,-0.022113,0.007234,-0.171118
Watershed,-0.03262,-0.048702,0.009208,-0.071259
Watershed,0.002172,-0.042754,0.007687,-0.0333
Watershed,-0.015946,-0.049618,0.007569,-0.057695
Watershed,-0.030976,-0.018236,0.007712,-0.04131
Watershed,-0.014334,0.007818,0.006835,0.000162
Watershed,-0.008897,0.033254,0.008049,0.032305
Watershed,-0.059367,-0.046648,0.007792,-0.096258
Watershed,0.225237,-0.093102,0.006283,0.118147
Watershed,-0.079121,-0.035182,0.00528,-0.106828
Watershed,-0.096633,-0.04114,0.006936,-0.12779
Watershed,-0.088655,0.035015,0.005869,-0.051208
Watershed,0.225237,-0.010254,0.007207,0.221412
Watershed,-0.164968,-0.0641,0.007195,-0.212871
Watershed,-0.023222,-0.041121,0.008817,-0.05513
Watershed,-0.017382,-0.028228,0.006143,-0.039253
Watershed,-0.098843,-0.042658,0.006142,-0.131987
Watershed,-0.165677,-0.085755,0.006509,-0.23226
Watershed,0.031508,-0.092123,0.005414,-0.058448
Watershed,0.057094,0.059803,0.006576,0.127678
Watershed,-0.165677,0.14845,0.005727,-0.036334
Watershed,-0.069572,0.029091,0.007808,-0.035029
Watershed,-0.02758,-0.05248,0.005547,-0.073502
Watershed,-0.083725,0.003435,0.007007,-0.074135
Watershed,-0.166975,-0.031878,0.008074,-0.187018
Watershed,-0.025272,0.006462,0.006368,-0.012726
Watershed,-0.008897,0.040949,0.006801,0.038704
Watershed,0.028516,0.030897,0.007151,0.067876
Watershed,-0.008641,0.090134,0.007003,0.088283
Watershed,-0.031998,-0.10091,0.008257,-0.122493
Watershed,-0.017382,-0.042975,0.007889,-0.052191
Watershed,-0.070804,-0.013425,0.006945,-0.076911
Watershed,0.026453,-0.057435,0.005883,-0.026809
Watershed,-0.018928,0.149068,0.005408,0.133415
Watershed,-0.024405,0.019034,0.006589,0.000714
Watershed,-0.024405,-0.062846,0.006169,-0.080076
Watershed,-0.098843,-0.12836,0.006911,-0.209087
Watershed,0.031508,-0.012455,0.006792,0.02558
Watershed,-0.116016,-0.063028,0.007343,-0.16565
Watershed,0.225237,-0.087494,0.00728,0.126175
Watershed,-0.028358,-0.01845,0.00698,-0.039628
Watershed,-0.027171,0.004944,0.007156,-0.015366
Watershed,0.057094,-0.000925,0.006083,0.062541
Watershed,-0.028358,-0.088151,0.006049,-0.10865
Watershed,-0.118483,-0.027072,0.006266,-0.136974
Watershed,-0.0674,-0.054991,0.005132,-0.114162
Watershed,-0.092124,-0.027482,0.006179,-0.111618
Watershed,-0.076253,0.041816,0.006814,-0.031068
Watershed,-0.161394,-0.029161,0.006865,-0.180259
Watershed,-0.072565,-0.011018,0.007503,-0.075902
Watershed,-0.064839,0.016275,0.008517,-0.041525
Watershed,-0.129735,-0.033962,0.00908,-0.151658
Watershed,-0.047719,0.002576,0.007069,-0.038517
Watershed,-0.056848,0.16205,0.007386,0.104086
Watershed,0.225237,0.0369,0.006802,0.27909
Watershed,-0.116016,-0.106805,0.005882,-0.205786
Watershed,0.025504,0.058818,0.006247,0.092605
Watershed,-0.0674,0.017187,0.007397,-0.044354
Watershed,-0.158462,-0.011901,0.006456,-0.163108
Watershed,-0.006374,0.115698,0.00697,0.116314
Watershed,-0.07464,-0.106008,0.005205,-0.16843
Watershed,-0.072565,0.092036,0.004941,0.017797
Watershed,-0.158462,0.065923,0.008002,-0.095806
Watershed,-0.015471,0.069858,0.005661,0.059269
Watershed,-0.010379,0.047693,0.006125,0.043169
Watershed,-0.151319,0.049716,0.007619,-0.102339
Watershed,0.035194,0.003807,0.008169,0.047623
Watershed,0.019594,-0.050267,0.007579,-0.024319
Watershed,0.02352,0.069891,0.00755,0.103323
Watershed,0.053225,-0.028047,0.00801,0.031885
Watershed,-0.055117,0.023642,0.006977,-0.026029
Watershed,0.002172,0.051098,0.007562,0.061346
Watershed,-0.068279,-0.003141,0.007407,-0.064326
Watershed,-0.015471,0.096571,0.007133,0.087307
Watershed,-0.083725,0.052862,0.008554,-0.027036
Watershed,-0.0674,-0.059921,0.005916,-0.118096
Watershed,-0.024405,0.014199,0.006357,-0.004263
Watershed,-0.126504,-0.128929,0.008252,-0.232844
Watershed,-0.069572,-0.047924,0.005941,-0.108899
Watershed,-0.047719,0.014754,0.007011,-0.026894
Watershed,-0.055723,-0.014463,0.00768,-0.062233
Watershed,-0.167915,-0.119341,0.006534,-0.262429
Watershed,-0.098843,-0.112778,0.00809,-0.194005
Watershed,0.02007,-0.067419,0.007321,-0.041737
Watershed,-0.014334,0.044796,0.006763,0.036785
Watershed,0.010181,0.063211,0.006632,0.081158
Watershed,-0.042034,0.105504,0.008478,0.068014
Watershed,-0.007259,-0.030607,0.006442,-0.031443
Watershed,-0.070804,0.08747,0.006165,0.016702
Watershed,-0.042034,0.045626,0.006482,0.008167
Watershed,-0.106481,-0.041382,0.005579,-0.138678
Watershed,-0.083725,0.023675,0.007005,-0.055462
Watershed,-0.070804,0.058776,0.005074,-0.011198
Watershed,-0.175202,-0.006124,0.004382,-0.176661
Watershed,0.001729,0.000638,0.00568,0.008062
Watershed,-0.008641,-0.011703,0.007956,-0.012448
Watershed,-0.000791,0.123527,0.005832,0.129184
Watershed,-0.027171,0.023898,0.006981,0.003031
Watershed,-0.143257,0.054985,0.007348,-0.089508
Watershed,-0.115538,-0.021007,0.006827,-0.128207
Watershed,-0.060899,0.059088,0.006793,0.001347
Watershed,-0.008641,-0.043092,0.004892,-0.04672
Watershed,-0.126504,0.004706,0.007042,-0.116213
Watershed,-0.121063,0.107726,0.006432,-0.020117
Watershed,-0.009315,-0.082508,0.00617,-0.085446
Watershed,-0.057171,-0.13911,0.007281,-0.182418
Watershed,-0.121063,-0.056273,0.005901,-0.165629
Watershed,-0.047948,0.0771,0.006573,0.032196
Watershed,-0.027171,0.177319,0.007395,0.153799
Watershed,-0.055117,0.006824,0.006684,-0.042311
Watershed,-0.031025,-0.023785,0.005343,-0.049019
Watershed,0.109971,-0.019367,0.006855,0.095935
Watershed,0.039149,0.024773,0.007244,0.072605
Watershed,-0.02589,-0.104065,0.006476,-0.121609
Watershed,-0.113476,-0.00145,0.007841,-0.10782
Watershed,-0.098843,-0.061022,0.008115,-0.146967
Watershed,-0.050454,-0.163443,0.008567,-0.198846
Watershed,0.063226,-0.021847,0.008072,0.048393
Watershed,-0.076034,-0.052699,0.007521,-0.118143
Watershed,-0.007259,0.024904,0.005064,0.022616
Watershed,-0.076034,-0.020465,0.008132,-0.087583
Watershed,0.026453,-0.108041,0.0048,-0.080051
Watershed,0.02352,-0.0011,0.007158,0.029713
Watershed,-0.014334,-0.020297,0.00672,-0.027851
Watershed,-0.114569,-0.017147,0.007129,-0.123547
Watershed,0.140966,-0.012879,0.007221,0.134405
Watershed,-0.075761,-0.062968,0.006573,-0.128265
Watershed,-0.069572,0.051532,0.006317,-0.015445
Watershed,-0.03262,0.06702,0.008358,0.040842
Watershed,-0.167915,-0.126924,0.005883,-0.269253
Watershed,-0.075761,0.095627,0.006367,0.019069
Watershed,-0.007259,0.060533,0.007194,0.060409
Watershed,-0.105727,0.06967,0.007715,-0.036042
Watershed,0.015547,0.122078,0.00766,0.148252
Watershed,-0.02589,0.005402,0.007359,-0.013421
Watershed,-0.009871,-0.07985,0.006652,-0.082872
Watershed,-0.008641,0.164722,0.00772,0.163572
Watershed,0.225237,-0.080335,0.007486,0.135242
Watershed,0.02352,-0.080671,0.007379,-0.052105
Watershed,0.035194,-0.035895,0.006875,0.004896
Watershed,-0.079121,-0.032468,0.007391,-0.102434
Watershed,-0.017382,-0.025342,0.006039,-0.036501
Watershed,-0.014334,0.042322,0.004982,0.0325
Watershed,-0.009315,-0.030381,0.006302,-0.03336
Watershed,-0.057171,0.042868,0.006766,-0.010101
Watershed,-0.033818,-0.067934,0.007741,-0.092484
Watershed,-0.010379,0.198739,0.006195,0.193646
Watershed,-0.098843,0.008797,0.008523,-0.083168
Watershed,-0.060899,-0.048415,0.007496,-0.099667
Watershed,0.035194,-0.046882,0.004959,-0.008446
Watershed,-0.006374,0.012848,0.007388,0.013827
Watershed,-0.076034,-0.083107,0.008898,-0.145284
Watershed,-0.038075,-0.087433,0.0071,-0.115946
Watershed,0.140078,0.012218,0.006325,0.161307
Watershed,-0.200777,0.171779,0.006578,-0.057327
Watershed,-0.083158,-0.023811,0.007195,-0.098549
Watershed,0.015547,-0.032227,0.006186,-0.011101
Watershed,-0.009315,-0.007373,0.007766,-0.008982
Watershed,-0.057171,0.067066,0.006525,0.012625
Watershed,-0.067854,0.009207,0.006668,-0.052999
Watershed,-0.009871,0.060561,0.005914,0.056302
Watershed,-0.167915,0.036024,0.007359,-0.131596
Watershed,0.017629,0.012695,0.009255,0.040086
Watershed,-0.064839,0.043228,0.008364,-0.016254
Watershed,-0.059367,-0.076049,0.007091,-0.124739
Watershed,-0.02589,0.062699,0.006763,0.042186
Watershed,-0.07464,0.048908,0.007189,-0.022405
Watershed,0.039149,0.003397,0.005545,0.048461
Watershed,-0.09118,0.064474,0.005598,-0.02717
Watershed,0.232625,0.128303,0.007452,0.401139
Watershed,0.010181,0.071902,0.007061,0.090461
Watershed,-0.060267,-0.023116,0.006388,-0.076126
Watershed,-0.047719,-0.153924,0.007811,-0.188004
Watershed,-0.018928,-0.099239,0.006538,-0.11051
Watershed,-0.043688,-0.052497,0.004895,-0.089455
Watershed,-0.083158,0.012943,0.00697,-0.064818
Watershed,0.025504,-0.082952,0.00573,-0.054174
Watershed,0.026453,-0.009019,0.006168,0.023469
Watershed,-0.036328,-0.013876,0.009233,-0.040925
Watershed,-0.0674,-0.048283,0.006468,-0.106688
Watershed,-0.015471,0.125382,0.004495,0.112952
Watershed,0.032498,-0.003187,0.006877,0.036285
Watershed,-0.007259,0.023028,0.007263,0.022978
Watershed,-0.014334,-0.031701,0.00706,-0.038842
Watershed,-0.167915,0.003294,0.006339,-0.159882
Watershed,-0.017684,0.011266,0.005815,-0.000841
Watershed,0.035194,0.01925,0.008319,0.063898
Watershed,-0.038544,-0.100464,0.0065,-0.129514
Watershed,-0.079121,0.073586,0.007148,-0.00429
Watershed,-0.055117,0.05275,0.006655,0.001345
Watershed,-0.03591,0.009087,0.007248,-0.020098
Watershed,-0.057828,-0.002729,0.006772,-0.054036
Watershed,0.057094,0.058734,0.005235,0.125039
Watershed,-0.167915,-0.017562,0.007002,-0.176803
Watershed,-0.083158,-0.035355,0.006924,-0.109449
Watershed,-0.099089,0.012046,0.006914,-0.081933
Watershed,-0.028358,-0.160316,0.007686,-0.177857
Watershed,-0.116016,0.028298,0.006952,-0.084683
Watershed,-0.079724,-0.021286,0.005798,-0.094091
Watershed,-0.060267,-0.017855,0.008969,-0.068768
Watershed,-0.09118,-0.050339,0.008206,-0.129847
Watershed,0.140078,0.067621,0.005683,0.224089
Watershed,-0.057828,-0.154961,0.007232,-0.19807
Watershed,-0.083725,0.151794,0.006648,0.062376
Watershed,-0.129735,0.052338,0.007924,-0.07693
Watershed,-0.115538,0.135133,0.005507,0.009511
Watershed,-0.056334,0.082993,0.007635,0.029786
Watershed,0.035194,-0.070862,0.00665,-0.031767
Watershed,-0.09118,-0.038355,0.008322,-0.118764
Watershed,-0.158462,-0.070605,0.007004,-0.2124
Watershed,-0.167915,0.012029,0.006872,-0.152119
Watershed,-0.017684,-0.039037,0.007136,-0.049294
Watershed,-0.033818,-0.079013,0.00833,-0.102747
Watershed,-0.042034,-0.025877,0.00755,-0.059778
Watershed,-0.071723,-0.103328,0.006464,-0.16226
Watershed,0.015547,-0.042691,0.006606,-0.021386
Watershed,-0.047719,0.017841,0.005119,-0.025768
Watershed,-0.043688,-0.101797,0.007384,-0.134695
Watershed,-0.113476,0.055232,0.005086,-0.059754
Watershed,-0.09118,0.016179,0.007935,-0.069148
Watershed,-0.175202,-0.048463,0.006672,-0.209938
Watershed,-0.038075,0.005901,0.007162,-0.025469
Watershed,-0.093314,0.01583,0.005218,-0.074155
Watershed,0.232625,0.015315,0.007814,0.261283
Watershed,0.015547,-0.008228,0.008568,0.015821
Watershed,0.232625,-0.00892,0.006572,0.22966
Watershed,-0.057171,0.032224,0.007809,-0.01919
Watershed,-0.079121,0.000467,0.006586,-0.072623
Watershed,-0.02758,-0.11106,0.00455,-0.131645
Watershed,0.057094,-0.171866,0.006891,-0.118552
Watershed,-0.218058,-0.018041,0.007281,-0.226574
Watershed,-0.028358,0.113382,0.007254,0.089655
Watershed,-0.031998,-0.015777,0.007097,-0.040508
Watershed,-0.079092,-0.036851,0.007002,-0.106818
Watershed,-0.118483,0.040724,0.008012,-0.075234
Watershed,-0.113476,-0.039719,0.006492,-0.143161
Watershed,-0.006374,-0.020244,0.00691,-0.019763
Watershed,-0.055117,0.109332,0.007359,0.055902
Watershed,-0.025272,0.042966,0.007606,0.02434
Watershed,-0.006374,0.016204,0.006484,0.016274
Watershed,0.028516,-0.068855,0.00688,-0.035713
Watershed,-0.075761,0.030209,0.009172,-0.039107
Watershed,-0.079121,-0.155013,0.007976,-0.215663
Watershed,-0.083725,-0.080699,0.006478,-0.152211
Watershed,0.071834,0.028539,0.006587,0.109684
Watershed,-0.056334,-0.031751,0.007804,-0.079166
Watershed,-0.079724,-0.027414,0.007174,-0.098531
Watershed,-0.055723,0.01025,0.007148,-0.039225
Watershed,-0.164968,0.058418,0.006255,-0.11066
Watershed,0.025504,-0.078844,0.00724,-0.048511
Watershed,-0.120393,-0.035465,0.00753,-0.1452
Watershed,-0.0674,0.034738,0.007892,-0.027387
Watershed,-0.085075,-0.011877,0.006924,-0.089682
Watershed,-0.059367,0.051893,0.006137,-0.004482
Watershed,-0.161394,-0.018863,0.006717,-0.171686
Watershed,-0.070804,-0.041409,0.007508,-0.102594
Watershed,-0.083158,-0.055701,0.005207,-0.129719
Watershed,-0.096633,-0.09337,0.008379,-0.174119
Watershed,0.001729,0.037103,0.008014,0.047222
Watershed,-0.072565,-0.061196,0.006725,-0.123465
Watershed,0.025504,-0.011894,0.007603,0.021011
Watershed,-0.030976,-0.064369,0.007522,-0.086531
Watershed,-0.09118,-0.040606,0.008282,-0.120862
Watershed,0.232625,0.010929,0.006015,0.253592
Watershed,0.019594,-0.024907,0.009127,0.003273
Watershed,-0.069572,-0.007499,0.007994,-0.069167
Watershed,-0.010379,-0.078918,0.007216,-0.081901
Watershed,-0.116016,0.119835,0.007477,-0.002683
Watershed,-0.008641,-0.071866,0.007902,-0.072615
Watershed,0.031508,0.125192,0.00718,0.168979
Watershed,-0.092124,-0.118078,0.005804,-0.194677
Watershed,0.057094,-0.127715,0.006099,-0.072289
Watershed,-0.028358,0.037803,0.009545,0.017998
Watershed,-0.057171,-0.014224,0.006793,-0.064269
Watershed,-0.025272,0.02171,0.006343,0.002205
Watershed,0.109971,0.069959,0.006837,0.195743
Watershed,0.109971,0.026772,0.007207,0.147901
Watershed,0.032498,-0.075515,0.007774,-0.038051
Watershed,-0.083725,0.108041,0.007352,0.022735
Watershed,-0.075761,0.050983,0.006152,-0.022664
Watershed,-0.060899,0.087301,0.00795,0.029204
Watershed,-0.03262,0.051067,0.008115,0.025032
Watershed,-0.126498,-0.048294,0.007005,-0.162859
Watershed,-0.029316,-0.055248,0.005037,-0.078326
Watershed,-0.029316,-0.123172,0.007851,-0.142195
Watershed,-0.07464,-0.001991,0.007113,-0.069914
Watershed,0.026786,0.173582,0.006984,0.213433
Watershed,0.026453,0.002103,0.007465,0.03629
Watershed,0.028516,-0.073272,0.007076,-0.0401
Watershed,0.039149,-0.028121,0.006601,0.016593
Watershed,0.140078,0.013972,0.007647,0.164847
Watershed,0.063226,0.134694,0.007792,0.215837
Watershed,0.053225,0.062877,0.007797,0.128177
Watershed,-0.057171,-0.017115,0.004804,-0.068856
Watershed,-0.031,0.007922,0.005512,-0.017939
Watershed,-0.126498,0.135548,0.008331,0.000167
Watershed,-0.055117,-0.072637,0.007026,-0.117594
Watershed,-0.009688,0.008471,0.005938,0.004631
Watershed,0.026453,-0.024254,0.005719,0.007285
Watershed,0.004937,-0.009463,0.005139,0.000543
Watershed,0.028516,0.012294,0.007323,0.048785
Watershed,0.002172,0.007553,0.005958,0.015757
Watershed,-0.02758,0.014597,0.006978,-0.006501
Watershed,-0.126498,-0.057607,0.006664,-0.171332
Watershed,0.032498,0.030069,0.007912,0.071959
Watershed,-0.164968,0.022217,0.007545,-0.139976
Watershed,-0.200777,-0.026029,0.006117,-0.216819
Watershed,0.019594,-0.019532,0.00794,0.007616
Watershed,0.026453,0.040331,0.008402,0.076824
Watershed,-0.161394,0.128559,0.007359,-0.046619
Watershed,0.026453,-0.08794,0.00734,-0.056942
Watershed,0.057094,0.009796,0.006709,0.074611
Watershed,-0.057171,0.014503,0.006452,-0.037326
Watershed,-0.151319,-0.087698,0.006867,-0.220431
Watershed,-0.079121,-0.054376,0.00646,-0.123569
Watershed,-0.121063,0.069861,0.007416,-0.052686
Watershed,0.015547,-0.034433,0.006478,-0.013069
Watershed,-0.067854,0.149819,0.008667,0.081088
Watershed,-0.118483,-0.019415,0.007444,-0.129164
Watershed,-0.028892,0.065033,0.007948,0.042482
Watershed,0.063226,0.009271,0.005498,0.078983
Watershed,-0.079724,0.064355,0.007702,-0.012956
Watershed,-0.029316,0.021677,0.005968,-0.002356
Watershed,-0.129735,0.023372,0.007794,-0.102454
Watershed,-0.165853,0.053525,0.007169,-0.114906
Watershed,-0.057828,0.226263,0.005496,0.161701
Watershed,-0.057171,0.076185,0.006071,0.020818
Watershed,-0.126504,-0.031987,0.005736,-0.149595
Watershed,-0.106481,-0.071307,0.007513,-0.163961
Watershed,-0.010379,0.069999,0.006662,0.065947
Watershed,-0.018928,0.192257,0.006538,0.177338
Watershed,-0.067854,-0.032868,0.008191,-0.091108
Watershed,-0.009315,-0.092296,0.007197,-0.094279
Watershed,-0.052171,-0.078193,0.006975,-0.120191
Watershed,-0.076253,-0.084442,0.00801,-0.147482
Watershed,-0.019342,-0.153272,0.007598,-0.16334
Watershed,-0.000791,-0.001271,0.006492,0.004417
Watershed,0.053225,0.067932,0.008262,0.134066
Watershed,0.225237,-0.08366,0.008079,0.131804
Watershed,0.039149,0.025889,0.006886,0.073393
Watershed,-0.043688,0.139481,0.005648,0.095854
Watershed,-0.038544,0.051446,0.004434,0.015401
Watershed,-0.165853,0.034489,0.006697,-0.131305
Watershed,0.03532,-0.0229,0.007643,0.019343
Watershed,-0.028892,0.119759,0.006291,0.094249
Watershed,-0.067854,0.104543,0.00579,0.035556
Watershed,-0.031,0.189907,0.006929,0.161009
Watershed,-0.143257,0.078956,0.00751,-0.06867
Watershed,0.03532,-0.009446,0.007599,0.033333
Watershed,0.002172,-0.008173,0.006945,0.000884
Watershed,-0.028358,0.038265,0.006875,0.015757
Watershed,-0.175202,-0.039534,0.008043,-0.201438
Watershed,-0.093314,-0.023595,0.005337,-0.109982
Watershed,0.025504,0.027915,0.008513,0.063105
Watershed,-0.008897,-0.013607,0.0049,-0.017593
Watershed,-0.096633,0.046499,0.006401,-0.048577
Watershed,0.004937,-0.034375,0.007363,-0.022463
Watershed,-0.083158,-0.057058,0.008156,-0.128419
Watershed,0.225237,0.054936,0.006808,0.301346
Watershed,-0.000791,-0.039295,0.007075,-0.033264
Watershed,-0.017382,0.091794,0.006091,0.07935
Watershed,-0.056848,-0.02397,0.005463,-0.074426
Watershed,0.063226,0.037205,0.007252,0.110781
Watershed,-0.024405,-0.026771,0.006011,-0.044815
Watershed,-0.031998,-0.052863,0.007924,-0.075904
