experiment,image,backend,scale_px_per_mm,status,n_gt_px,n_auto_px,under_px,over_px,under_cov_frac,over_cov_frac,patch_area_err_pct,dice,iou,area_gt_mm2,area_auto_mm2,area_rel_err,cri_lambda3,under_cov_mm2,over_cov_mm2,hausdorff_mm,avg_surf_dist_mm,perimeter_gt_mm,perimeter_auto_mm,compactness_gt,compactness_auto,bbox_gt_major_mm,bbox_gt_minor_mm,bbox_auto_major_mm,bbox_auto_minor_mm,aspect_ratio_gt,aspect_ratio_auto,bbox_auto_x_mm,bbox_auto_y_mm,signed_area_err_pct,under_pct,over_pct,is_outlier
A,case_001,SAM,,ok,52615.0,51046.0,1738.0,169.0,0.033032,0.003212,2.98,0.9816,0.9639,52615.0,51046.0,0.0298,0.1023,,,8.311,2.444,828.77,810.64,0.9626,0.9761,291.78,241.63,282.18,236.41,0.8281,0.8378,282.18,236.41,-2.982039342392854,3.3032,0.3212,False
A,case_001,GrabCut,,ok,52615.0,48647.0,4262.0,294.0,0.081004,0.005588,7.54,0.955,0.9139,52615.0,48647.0,0.0754,0.2486,,,29.212,5.728,828.77,830.21,0.9626,0.8869,291.78,241.63,289.73,235.57,0.8281,0.8131,289.73,235.57,-7.541575596312838,8.1004,0.5588,False
A,case_001,Watershed,,ok,52615.0,45959.0,6827.0,171.0,0.129754,0.00325,12.65,0.929,0.8674,52615.0,45959.0,0.1265,0.3925,,,31.926,8.424,828.77,851.31,0.9626,0.7969,291.78,241.63,291.71,237.96,0.8281,0.8158,291.71,237.96,-12.650384871234438,12.9754,0.325,False
A,case_002,SAM,,ok,120524.0,96705.0,23819.0,0.0,0.197629,0.0,19.76,0.8904,0.8024,120524.0,96705.0,0.1976,0.5929,,,23.709,15.104,1617.27,1532.73,0.5791,0.5173,727.91,201.11,705.42,176.36,0.2763,0.25,705.42,176.36,-19.76286880621287,19.7629,0.0,False
A,case_002,GrabCut,,ok,120524.0,115860.0,9495.0,4831.0,0.078781,0.040083,3.87,0.9394,0.8857,120524.0,115860.0,0.0387,0.2764,,,30.758,8.889,1617.27,1675.15,0.5791,0.5188,727.91,201.11,744.77,211.77,0.2763,0.2843,744.77,211.77,-3.869768676778069,7.878100000000001,4.0083,False
A,case_002,Watershed,,ok,120524.0,105278.0,17932.0,2686.0,0.148784,0.022286,12.65,0.9087,0.8327,120524.0,105278.0,0.1265,0.4686,,,31.766,13.101,1617.27,1553.42,0.5791,0.5482,727.91,201.11,693.3,229.89,0.2763,0.3316,693.3,229.89,-12.649762702864159,14.8784,2.2286,False
A,case_003,SAM,,ok,11095.0,11170.0,277.0,352.0,0.024966,0.031726,0.68,0.9717,0.9451,11095.0,11170.0,0.0068,0.1066,,,6.327,1.7,394.82,397.68,0.8944,0.8876,153.69,98.23,155.22,97.51,0.6391,0.6282,155.22,97.51,0.67598017124831,2.4966,3.1725999999999996,False
A,case_003,GrabCut,,ok,11095.0,13167.0,150.0,2222.0,0.01352,0.20027,18.68,0.9022,0.8219,11095.0,13167.0,0.1868,0.2408,,,27.323,5.417,394.82,458.59,0.8944,0.7868,153.69,98.23,180.0,119.48,0.6391,0.6638,180.0,119.48,18.67507886435331,1.352,20.027,False
A,case_003,Watershed,,ok,11095.0,13594.0,274.0,2773.0,0.024696,0.249932,22.52,0.8766,0.7803,11095.0,13594.0,0.2252,0.324,,,34.668,7.14,394.82,484.57,0.8944,0.7275,153.69,98.23,182.24,124.77,0.6391,0.6847,182.24,124.77,22.52365930599369,2.4696,24.993199999999998,False
A,case_004,SAM,,ok,24938.0,23526.0,1575.0,163.0,0.063157,0.006536,5.66,0.9641,0.9308,24938.0,23526.0,0.0566,0.196,,,22.405,3.185,725.97,664.45,0.5946,0.6696,249.13,224.09,238.57,198.66,0.8995,0.8327,238.57,198.66,-5.662041863822279,6.3157000000000005,0.6536,False
A,case_005,SAM,,ok,51654.0,55046.0,656.0,4048.0,0.0127,0.078368,6.57,0.9559,0.9156,51654.0,55046.0,0.0657,0.1165,,,18.7,4.297,1165.61,1181.78,0.4778,0.4953,488.71,233.5,499.21,232.47,0.4778,0.4657,232.47,499.21,6.566771208425291,1.27,7.836799999999999,False
A,case_005,GrabCut,,ok,51654.0,50980.0,3349.0,2675.0,0.064835,0.051787,1.3,0.9413,0.8891,51654.0,50980.0,0.013,0.2463,,,39.391,5.171,1165.61,1265.11,0.4778,0.4003,488.71,233.5,526.2,231.29,0.4778,0.4395,231.29,526.2,-1.3048360243156387,6.4835,5.1787,False
A,case_006,SAM,,ok,10754.0,11034.0,284.0,564.0,0.026409,0.052446,2.6,0.9611,0.9251,10754.0,11034.0,0.026,0.1317,,,10.68,2.474,385.6,392.83,0.9089,0.8985,138.25,110.42,139.3,112.96,0.7987,0.8109,139.3,112.96,2.603682350753208,2.6409,5.2446,False
A,case_006,GrabCut,,ok,10754.0,12028.0,223.0,1497.0,0.020736,0.139204,11.85,0.9245,0.8596,10754.0,12028.0,0.1185,0.2014,,,27.631,4.432,385.6,424.39,0.9089,0.8392,138.25,110.42,161.39,117.86,0.7987,0.7303,161.39,117.86,11.846754695927098,2.0736,13.920399999999999,False
A,case_007,SAM,,ok,12710.0,12329.0,438.0,57.0,0.034461,0.004485,3.0,0.9802,0.9612,12710.0,12329.0,0.03,0.1079,,,2.191,1.208,397.52,391.28,1.0108,1.012,128.43,124.98,127.29,122.48,0.9731,0.9622,122.48,127.29,-2.997639653815893,3.4461,0.4485,False
A,case_008,SAM,,ok,38678.0,37048.0,1654.0,24.0,0.042763,0.000621,4.21,0.9778,0.9566,38678.0,37048.0,0.0421,0.1289,,,7.058,2.599,713.0,692.59,0.9561,0.9706,239.86,214.9,235.22,207.33,0.896,0.8815,207.33,235.22,-4.214282020787011,4.2763,0.0621,False
A,case_008,Watershed,,ok,38678.0,37994.0,1184.0,500.0,0.030612,0.012927,1.77,0.978,0.957,38678.0,37994.0,0.0177,0.1048,,,16.381,2.522,713.0,717.08,0.9561,0.9285,239.86,214.9,240.87,213.42,0.896,0.8861,213.42,240.87,-1.76844717927504,3.0612,1.2927,False
A,case_009,SAM,,ok,16148.0,15706.0,682.0,240.0,0.042234,0.014863,2.74,0.9711,0.9437,16148.0,15706.0,0.0274,0.1416,,,5.087,2.029,501.67,478.11,0.8063,0.8634,157.12,132.5,152.93,126.76,0.8433,0.8289,152.93,126.76,-2.7371810750557346,4.2234,1.4863,False
A,case_009,GrabCut,,ok,16148.0,15910.0,537.0,299.0,0.033255,0.018516,1.47,0.9739,0.9492,16148.0,15910.0,0.0147,0.1183,,,5.118,1.643,501.67,485.08,0.8063,0.8497,157.12,132.5,157.28,127.88,0.8433,0.8131,157.28,127.88,-1.4738667327223185,3.3255,1.8516000000000001,False
A,case_010,SAM,,ok,49006.0,44224.0,4782.0,0.0,0.09758,0.0,9.76,0.9487,0.9024,49006.0,44224.0,0.0976,0.2927,,,17.888,6.003,838.74,782.09,0.8754,0.9086,273.21,264.09,255.07,247.94,0.9666,0.9721,247.94,255.07,-9.757988817695793,9.758,0.0,False
A,case_010,GrabCut,,ok,49006.0,48707.0,1844.0,1545.0,0.037628,0.031527,0.61,0.9653,0.933,49006.0,48707.0,0.0061,0.1444,,,20.193,4.067,838.74,854.37,0.8754,0.8385,273.21,264.09,293.6,258.08,0.9666,0.879,258.08,293.6,-0.6101293719136432,3.7628000000000004,3.1527,False
A,case_010,Watershed,,ok,49006.0,47488.0,2102.0,584.0,0.042893,0.011917,3.1,0.9722,0.9458,49006.0,47488.0,0.031,0.1406,,,15.471,3.253,838.74,829.64,0.8754,0.867,273.21,264.09,272.12,267.19,0.9666,0.9819,267.19,272.12,-3.097579888176958,4.2893,1.1917,False
A,case_011,SAM,,ok,43266.0,36377.0,6943.0,54.0,0.160472,0.001248,15.92,0.9121,0.8385,43266.0,36377.0,0.1592,0.4827,,,31.49,9.446,822.81,728.81,0.8031,0.8606,295.45,231.32,252.88,214.33,0.7829,0.8476,214.33,252.88,-15.92243331946563,16.0472,0.1248,False
A,case_011,GrabCut,,ok,43266.0,42238.0,2830.0,1802.0,0.065409,0.041649,2.38,0.9458,0.8972,43266.0,42238.0,0.0238,0.2379,,,22.716,5.785,822.81,816.87,0.8031,0.7954,295.45,231.32,294.23,219.32,0.7829,0.7454,219.32,294.23,-2.37599963019461,6.5409,4.1649,False
A,case_011,Watershed,,ok,43266.0,36001.0,7315.0,50.0,0.16907,0.001156,16.79,0.9071,0.83,43266.0,36001.0,0.1679,0.5084,,,31.963,9.789,822.81,731.5,0.8031,0.8455,295.45,231.32,252.75,218.72,0.7829,0.8654,218.72,252.75,-16.791475985762492,16.907,0.1156,False
A,case_012,SAM,,ok,12722.0,12295.0,465.0,38.0,0.036551,0.002987,3.36,0.9799,0.9606,12722.0,12295.0,0.0336,0.1126,,,2.6,1.293,402.08,394.49,0.9889,0.9928,130.56,128.88,128.42,125.39,0.9871,0.9764,128.42,125.39,-3.356390504637636,3.6551,0.2987,False
A,case_012,GrabCut,,ok,12722.0,13115.0,146.0,539.0,0.011476,0.042368,3.09,0.9735,0.9483,12722.0,13115.0,0.0309,0.0768,,,3.132,1.498,402.08,409.07,0.9889,0.9849,130.56,128.88,132.56,131.2,0.9871,0.9897,132.56,131.2,3.08913692815595,1.1476,4.236800000000001,False
A,case_012,Watershed,,ok,12722.0,11550.0,1221.0,49.0,0.095975,0.003852,9.21,0.9477,0.9006,12722.0,11550.0,0.0921,0.2918,,,16.301,3.281,402.08,386.92,0.9889,0.9695,130.56,128.88,125.52,119.23,0.9871,0.9499,119.23,125.52,-9.212387989309857,9.5975,0.3852,False
A,case_013,SAM,,ok,176725.0,154921.0,22023.0,219.0,0.124617,0.001239,12.34,0.9329,0.8743,176725.0,154921.0,0.1234,0.3751,,,27.097,11.025,2121.32,2027.71,0.4935,0.4735,935.03,278.51,912.07,246.16,0.2979,0.2699,912.07,246.16,-12.337812986278115,12.4617,0.12390000000000001,False
A,case_013,GrabCut,,ok,176725.0,160924.0,18056.0,2255.0,0.10217,0.01276,8.94,0.9398,0.8865,176725.0,160924.0,0.0894,0.3193,,,28.502,10.027,2121.32,2086.18,0.4935,0.4647,935.03,278.51,900.61,274.29,0.2979,0.3046,900.61,274.29,-8.941010043853446,10.217,1.276,False
A,case_013,Watershed,,ok,176725.0,149529.0,27431.0,235.0,0.155219,0.00133,15.39,0.9152,0.8437,176725.0,149529.0,0.1539,0.467,,,28.069,13.166,2121.32,2125.44,0.4935,0.4159,935.03,278.51,914.12,253.54,0.2979,0.2774,914.12,253.54,-15.388881029848637,15.521899999999999,0.133,False
A,case_014,SAM,,ok,35734.0,33401.0,2366.0,33.0,0.066211,0.000923,6.53,0.9653,0.9329,35734.0,33401.0,0.0653,0.1996,,,9.211,3.454,740.56,708.69,0.8188,0.8357,277.9,194.4,263.99,191.75,0.6995,0.7263,263.99,191.75,-6.528796104550288,6.6211,0.0923,False
A,case_014,GrabCut,,ok,35734.0,34780.0,1461.0,507.0,0.040885,0.014188,2.67,0.9721,0.9457,35734.0,34780.0,0.0267,0.1368,,,12.586,3.045,740.56,747.41,0.8188,0.7824,277.9,194.4,284.7,193.36,0.6995,0.6792,284.7,193.36,-2.669726311076286,4.0885,1.4187999999999998,False
A,case_014,Watershed,,ok,35734.0,31640.0,4134.0,40.0,0.115688,0.001119,11.46,0.938,0.8833,35734.0,31640.0,0.1146,0.3482,,,20.953,5.845,740.56,694.85,0.8188,0.8235,277.9,194.4,251.93,191.88,0.6995,0.7617,251.93,191.88,-11.456875804555885,11.5688,0.1119,False
A,case_015,GrabCut,,ok,137925.0,129688.0,10488.0,2251.0,0.076041,0.01632,5.97,0.9524,0.9091,137925.0,129688.0,0.0597,0.2444,,,36.904,9.716,1321.08,1297.6,0.9931,0.9679,446.57,394.82,435.93,398.58,0.8841,0.9143,435.93,398.58,-5.972086278774697,7.6041,1.6320000000000001,False
A,case_015,Watershed,,ok,137925.0,130323.0,10398.0,2796.0,0.075389,0.020272,5.51,0.9508,0.9062,137925.0,130323.0,0.0551,0.2464,,,36.368,10.122,1321.08,1382.98,0.9931,0.8562,446.57,394.82,434.41,412.59,0.8841,0.9498,434.41,412.59,-5.511691136487221,7.5389,2.0271999999999997,False
A,case_016,SAM,,ok,37666.0,36003.0,1954.0,291.0,0.051877,0.007726,4.42,0.9695,0.9409,37666.0,36003.0,0.0442,0.1634,,,8.608,3.165,686.38,672.15,1.0047,1.0014,227.48,212.26,223.84,209.7,0.9331,0.9368,209.7,223.84,-4.4151223915467535,5.1876999999999995,0.7726000000000001,False
A,case_017,SAM,,ok,27349.0,26045.0,1320.0,16.0,0.048265,0.000585,4.77,0.975,0.9512,27349.0,26045.0,0.0477,0.1454,,,4.16,2.332,585.59,571.51,1.0022,1.002,199.23,175.13,194.69,169.27,0.879,0.8695,194.69,169.27,-4.7679988299389375,4.8265,0.0585,False
A,case_017,Watershed,,ok,27349.0,31180.0,404.0,4235.0,0.014772,0.15485,14.01,0.9207,0.8531,27349.0,31180.0,0.1401,0.1992,,,18.665,7.834,585.59,642.57,1.0022,0.949,199.23,175.13,230.36,182.35,0.879,0.7916,230.36,182.35,14.007824783355883,1.4772,15.485,False
A,case_018,SAM,,ok,22835.0,22489.0,527.0,181.0,0.023079,0.007926,1.52,0.9844,0.9692,22835.0,22489.0,0.0152,0.0772,,,5.45,1.436,545.28,537.9,0.9651,0.9767,189.19,156.2,187.46,156.83,0.8256,0.8366,187.46,156.83,-1.5152178673089556,2.3079,0.7926000000000001,False
A,case_018,Watershed,,ok,22835.0,28147.0,255.0,5567.0,0.011167,0.243792,23.26,0.8858,0.795,22835.0,28147.0,0.2326,0.2773,,,39.955,9.943,545.28,629.82,0.9651,0.8917,189.19,156.2,197.69,190.6,0.8256,0.9642,197.69,190.6,23.262535581344427,1.1167,24.3792,False
A,case_019,SAM,,ok,37692.0,36650.0,1096.0,54.0,0.029078,0.001433,2.76,0.9845,0.9695,37692.0,36650.0,0.0276,0.0887,,,3.573,1.784,697.77,688.73,0.9728,0.9709,248.09,195.2,246.38,191.54,0.7868,0.7774,246.38,191.54,-2.7645123633662316,2.9078,0.1433,False
A,case_019,GrabCut,,ok,37692.0,38982.0,373.0,1663.0,0.009896,0.044121,3.42,0.9734,0.9483,37692.0,38982.0,0.0342,0.0738,,,9.924,2.922,697.77,706.96,0.9728,0.9801,248.09,195.2,247.81,196.64,0.7868,0.7935,247.81,196.64,3.4224769181789236,0.9896,4.4121,False
A,case_019,Watershed,,ok,37692.0,38278.0,695.0,1281.0,0.018439,0.033986,1.55,0.974,0.9493,37692.0,38278.0,0.0155,0.0893,,,8.237,2.804,697.77,705.16,0.9728,0.9674,248.09,195.2,248.21,197.0,0.7868,0.7937,248.21,197.0,1.5547065690332165,1.8439,3.3986,False
A,case_020,SAM,,ok,56813.0,56666.0,853.0,706.0,0.015014,0.012427,0.26,0.9863,0.9729,56813.0,56666.0,0.0026,0.0575,,,6.061,1.825,848.39,849.75,0.9919,0.9862,290.0,255.35,289.9,258.1,0.8805,0.8903,289.9,258.1,-0.2587435974160843,1.5013999999999998,1.2427000000000001,False
A,case_020,GrabCut,,ok,56813.0,59714.0,855.0,3756.0,0.015049,0.066112,5.11,0.9604,0.9239,56813.0,59714.0,0.0511,0.1113,,,16.789,4.864,848.39,878.88,0.9919,0.9715,290.0,255.35,293.32,264.38,0.8805,0.9013,293.32,264.38,5.106225687782725,1.5049,6.6112,False
A,case_020,Watershed,,ok,56813.0,53849.0,3338.0,374.0,0.058754,0.006583,5.22,0.9665,0.9351,56813.0,53849.0,0.0522,0.1828,,,14.398,4.672,848.39,851.77,0.9919,0.9327,290.0,255.35,281.36,244.86,0.8805,0.8703,281.36,244.86,-5.217115800961047,5.8754,0.6583,False
A,case_021,SAM,,ok,24778.0,23675.0,1129.0,26.0,0.045565,0.001049,4.45,0.9762,0.9534,24778.0,23675.0,0.0445,0.1377,,,4.427,2.175,560.17,546.37,0.9923,0.9966,182.35,174.51,179.08,170.0,0.957,0.9493,170.0,179.08,-4.4515295826943255,4.5565,0.10490000000000001,False
A,case_021,GrabCut,,ok,24778.0,24349.0,735.0,306.0,0.029663,0.01235,1.73,0.9788,0.9585,24778.0,24349.0,0.0173,0.1013,,,3.643,1.611,560.17,555.27,0.9923,0.9924,182.35,174.51,180.58,171.3,0.957,0.9486,171.3,180.58,-1.7313746065057714,2.9663,1.2349999999999999,False
A,case_021,Watershed,,ok,24778.0,22670.0,2129.0,21.0,0.085923,0.000848,8.51,0.9547,0.9133,24778.0,22670.0,0.0851,0.2586,,,24.732,3.996,560.17,550.28,0.9923,0.9408,182.35,174.51,179.29,166.96,0.957,0.9312,166.96,179.29,-8.507547017515538,8.5923,0.0848,False
A,case_022,GrabCut,,ok,25609.0,25788.0,2109.0,2288.0,0.082354,0.089344,0.7,0.9145,0.8424,25609.0,25788.0,0.007,0.3364,,,16.091,7.433,577.08,598.65,0.9663,0.9042,195.64,176.94,188.05,187.09,0.9044,0.9949,187.09,188.05,0.698973017298606,8.2354,8.9344,False
A,case_023,SAM,,ok,2442.0,2194.0,248.0,0.0,0.101556,0.0,10.16,0.9465,0.8984,2442.0,2194.0,0.1016,0.3047,,,1.879,1.373,167.57,158.98,1.0928,1.0908,56.59,50.05,53.8,47.39,0.8844,0.8807,53.8,47.39,-10.155610155610155,10.1556,0.0,False
A,case_023,GrabCut,,ok,2442.0,2103.0,344.0,5.0,0.140868,0.002048,13.88,0.9232,0.8574,2442.0,2103.0,0.1388,0.4247,,,6.214,1.806,167.57,160.73,1.0928,1.0229,56.59,50.05,54.92,48.13,0.8844,0.8764,54.92,48.13,-13.882063882063884,14.0868,0.20479999999999998,False
A,case_023,Watershed,,ok,2442.0,2148.0,304.0,10.0,0.124488,0.004095,12.04,0.9316,0.8719,2442.0,2148.0,0.1204,0.3776,,,3.847,1.497,167.57,161.96,1.0928,1.029,56.59,50.05,53.97,49.3,0.8844,0.9135,53.97,49.3,-12.039312039312039,12.4488,0.4095,False
A,case_024,SAM,,ok,16298.0,16173.0,298.0,173.0,0.018284,0.010615,0.77,0.9855,0.9714,16298.0,16173.0,0.0077,0.0655,,,1.442,0.805,452.06,450.22,1.0022,1.0027,152.6,137.62,152.04,137.2,0.9019,0.9024,152.04,137.2,-0.7669652718124923,1.8284000000000002,1.0614999999999999,False
A,case_024,GrabCut,,ok,16298.0,16713.0,310.0,725.0,0.019021,0.044484,2.55,0.9686,0.9392,16298.0,16713.0,0.0255,0.1015,,,6.568,1.844,452.06,457.53,1.0022,1.0033,152.6,137.62,155.18,138.07,0.9019,0.8898,155.18,138.07,2.5463247024174747,1.9021,4.4484,False
A,case_024,Watershed,,ok,16298.0,15572.0,865.0,139.0,0.053074,0.008529,4.45,0.9685,0.9389,16298.0,15572.0,0.0445,0.1678,,,5.398,2.193,452.06,445.56,1.0022,0.9857,152.6,137.62,152.43,132.77,0.9019,0.871,152.43,132.77,-4.454534298686955,5.3074,0.8529,False
A,case_025,SAM,,ok,252628.0,212547.0,40391.0,310.0,0.159883,0.001227,15.87,0.9125,0.8391,252628.0,212547.0,0.1587,0.4809,,,64.827,16.975,2449.89,2429.43,0.5289,0.4525,1038.72,373.42,1020.31,333.72,0.3595,0.3271,1020.31,333.72,-15.86562059629178,15.988299999999999,0.1227,False
A,case_025,GrabCut,,ok,252628.0,222660.0,31022.0,1054.0,0.122797,0.004172,11.86,0.9325,0.8736,252628.0,222660.0,0.1186,0.3726,,,46.816,13.79,2449.89,2393.07,0.5289,0.4886,1038.72,373.42,1005.73,366.76,0.3595,0.3647,1005.73,366.76,-11.862501385436294,12.2797,0.4172,False
A,case_025,Watershed,,ok,252628.0,234296.0,22388.0,4056.0,0.08862,0.016055,7.26,0.9457,0.897,252628.0,234296.0,0.0726,0.2819,,,35.537,10.739,2449.89,2651.81,0.5289,0.4187,1038.72,373.42,1054.23,397.33,0.3595,0.3769,1054.23,397.33,-7.256519467359121,8.862,1.6055,False
A,case_026,SAM,,ok,242484.0,207453.0,35759.0,728.0,0.14747,0.003002,14.45,0.9189,0.85,242484.0,207453.0,0.1445,0.4454,,,60.862,15.329,2552.44,2379.0,0.4677,0.4606,1078.46,344.91,1023.96,317.2,0.3198,0.3098,1023.96,317.2,-14.446726381946851,14.747,0.30019999999999997,False
A,case_026,GrabCut,,ok,242484.0,219077.0,29615.0,6208.0,0.122132,0.025602,9.65,0.9224,0.856,242484.0,219077.0,0.0965,0.392,,,34.896,14.584,2552.44,2495.7,0.4677,0.442,1078.46,344.91,1048.54,316.22,0.3198,0.3016,1048.54,316.22,-9.653008033519738,12.2132,2.5602,False
A,case_026,Watershed,,ok,242484.0,214968.0,30488.0,2972.0,0.125732,0.012256,11.35,0.9269,0.8637,242484.0,214968.0,0.1135,0.3895,,,31.766,13.215,2552.44,2658.78,0.4677,0.3821,1078.46,344.91,1068.48,350.14,0.3198,0.3277,1068.48,350.14,-11.347552828227842,12.573200000000002,1.2256,False
A,case_027,SAM,,ok,34271.0,36230.0,974.0,2933.0,0.028421,0.085583,5.72,0.9446,0.895,34271.0,36230.0,0.0572,0.1708,,,14.193,5.441,662.24,681.19,0.982,0.9812,223.65,206.56,238.13,201.46,0.9236,0.846,238.13,201.46,5.716203203874996,2.8421,8.558300000000001,False
A,case_027,Watershed,,ok,34271.0,30295.0,5453.0,1477.0,0.159114,0.043098,11.6,0.8927,0.8061,34271.0,30295.0,0.116,0.5204,,,30.094,10.372,662.24,651.2,0.982,0.8978,223.65,206.56,220.24,191.94,0.9236,0.8715,220.24,191.94,-11.601645706282278,15.9114,4.3098,False
A,case_028,SAM,,ok,30686.0,31047.0,2094.0,2455.0,0.06824,0.080004,1.18,0.9263,0.8627,30686.0,31047.0,0.0118,0.2847,,,18.199,6.707,638.45,640.17,0.946,0.952,221.98,177.79,226.25,186.0,0.8009,0.8221,186.0,226.25,1.1764322492341783,6.824,8.0004,False
A,case_029,SAM,,ok,13689.0,13236.0,529.0,76.0,0.038644,0.005552,3.31,0.9775,0.956,13689.0,13236.0,0.0331,0.1215,,,3.742,1.634,422.96,412.26,0.9616,0.9786,145.44,129.23,142.62,124.93,0.8886,0.876,124.93,142.62,-3.309226386149463,3.8644,0.5551999999999999,False
A,case_029,Watershed,,ok,13689.0,12864.0,894.0,69.0,0.065308,0.005041,6.03,0.9637,0.93,13689.0,12864.0,0.0603,0.201,,,9.973,2.2,422.96,413.71,0.9616,0.9445,145.44,129.23,143.12,123.63,0.8886,0.8638,123.63,143.12,-6.026736795967565,6.5308,0.5041,False
A,case_030,SAM,,ok,11269.0,11022.0,267.0,20.0,0.023693,0.001775,2.19,0.9871,0.9746,11269.0,11022.0,0.0219,0.0729,,,1.504,0.815,373.86,369.79,1.0132,1.0129,122.17,115.99,121.29,114.32,0.9494,0.9425,121.29,114.32,-2.1918537580974355,2.3693,0.17750000000000002,False
A,case_030,GrabCut,,ok,11269.0,10706.0,575.0,12.0,0.051025,0.001065,5.0,0.9733,0.948,11269.0,10706.0,0.05,0.1541,,,7.029,1.908,373.86,365.66,1.0132,1.0062,122.17,115.99,120.76,111.2,0.9494,0.9208,120.76,111.2,-4.996006744165409,5.1025,0.1065,False
A,case_030,Watershed,,ok,11269.0,9400.0,1870.0,1.0,0.165942,8.9e-05,16.59,0.9095,0.834,11269.0,9400.0,0.1659,0.4979,,,27.528,5.474,373.86,362.19,1.0132,0.9004,122.17,115.99,115.24,110.21,0.9494,0.9564,110.21,115.24,-16.585322566332415,16.5942,0.0089,False
A,case_031,SAM,,ok,36425.0,30110.0,6315.0,0.0,0.17337,0.0,17.34,0.9051,0.8266,36425.0,30110.0,0.1734,0.5201,,,16.401,9.604,682.98,624.12,0.9813,0.9714,231.65,199.05,220.49,169.27,0.8593,0.7677,169.27,220.49,-17.336993822923816,17.337,0.0,False
A,case_031,GrabCut,,ok,36425.0,39679.0,2319.0,5573.0,0.063665,0.152999,8.93,0.8963,0.8121,36425.0,39679.0,0.0893,0.344,,,26.26,10.828,682.98,755.74,0.9813,0.873,231.65,199.05,247.67,213.19,0.8593,0.8608,213.19,247.67,8.933424845573096,6.3665,15.2999,False
A,case_031,Watershed,,ok,36425.0,37851.0,3727.0,5153.0,0.10232,0.141469,3.91,0.8804,0.7864,36425.0,37851.0,0.0391,0.4484,,,44.735,12.698,682.98,731.45,0.9813,0.889,231.65,199.05,239.32,200.78,0.8593,0.839,200.78,239.32,3.9148936170212765,10.232,14.1469,False
A,case_032,SAM,,ok,2514.0,2422.0,190.0,98.0,0.075577,0.038982,3.66,0.9417,0.8897,2514.0,2422.0,0.0366,0.2657,,,4.255,1.461,177.4,172.19,1.0039,1.0266,59.05,53.57,57.79,51.8,0.9072,0.8964,51.8,57.79,-3.659506762132061,7.5577000000000005,3.8982,False
A,case_032,Watershed,,ok,2514.0,2336.0,326.0,148.0,0.129674,0.05887,7.08,0.9023,0.8219,2514.0,2336.0,0.0708,0.4479,,,5.336,1.862,177.4,176.76,1.0039,0.9395,59.05,53.57,52.64,52.39,0.9072,0.9952,52.39,52.64,-7.080350039777247,12.967400000000001,5.887,False
A,case_033,SAM,,ok,5167.0,4781.0,414.0,28.0,0.080124,0.005419,7.47,0.9556,0.9149,5167.0,4781.0,0.0747,0.2458,,,3.7,1.492,270.96,263.61,0.8843,0.8646,97.88,77.48,94.34,76.04,0.7916,0.806,94.34,76.04,-7.470485775111284,8.0124,0.5419,False
A,case_033,GrabCut,,ok,5167.0,5234.0,294.0,361.0,0.0569,0.069866,1.3,0.937,0.8815,5167.0,5234.0,0.013,0.2406,,,5.881,1.916,270.96,274.95,0.8843,0.87,97.88,77.48,98.48,79.84,0.7916,0.8108,98.48,79.84,1.2966905360944456,5.6899999999999995,6.9866,False
A,case_033,Watershed,,ok,5167.0,4773.0,468.0,74.0,0.090575,0.014322,7.63,0.9455,0.8966,5167.0,4773.0,0.0763,0.286,,,4.218,1.769,270.96,267.97,0.8843,0.8353,97.88,77.48,97.29,73.03,0.7916,0.7506,97.29,73.03,-7.625314495838978,9.057500000000001,1.4322,False
A,case_034,SAM,,ok,5103.0,4279.0,1014.0,190.0,0.198707,0.037233,16.15,0.8717,0.7725,5103.0,4279.0,0.1615,0.6334,,,16.028,5.03,254.53,240.95,0.9898,0.9262,89.92,71.16,87.86,66.35,0.7914,0.7551,87.86,66.35,-16.147364295512443,19.8707,3.7233,False
A,case_034,GrabCut,,ok,5103.0,5030.0,304.0,231.0,0.059573,0.045267,1.43,0.9472,0.8997,5103.0,5030.0,0.0143,0.224,,,4.323,2.023,254.53,257.51,0.9898,0.9532,89.92,71.16,92.06,73.61,0.7914,0.7996,92.06,73.61,-1.4305310601606898,5.9573,4.5267,False
A,case_034,Watershed,,ok,5103.0,4737.0,466.0,100.0,0.091319,0.019596,7.17,0.9425,0.8912,5103.0,4737.0,0.0717,0.2936,,,4.285,1.912,254.53,248.03,0.9898,0.9676,89.92,71.16,87.44,72.8,0.7914,0.8326,87.44,72.8,-7.1722516166960615,9.1319,1.9595999999999998,False
A,case_035,SAM,,ok,6015.0,5745.0,446.0,176.0,0.074148,0.02926,4.49,0.9471,0.8995,6015.0,5745.0,0.0449,0.2517,,,4.558,1.882,287.59,275.14,0.9139,0.9536,101.15,76.17,98.79,70.74,0.753,0.716,98.79,70.74,-4.488778054862843,7.4148000000000005,2.926,False
A,case_035,GrabCut,,ok,6015.0,6025.0,308.0,318.0,0.051205,0.052868,0.17,0.948,0.9012,6015.0,6025.0,0.0017,0.2065,,,6.699,2.201,287.59,281.9,0.9139,0.9527,101.15,76.17,102.98,70.45,0.753,0.6842,102.98,70.45,0.1662510390689942,5.1205,5.2867999999999995,False
A,case_035,Watershed,,ok,6015.0,5799.0,509.0,293.0,0.084622,0.048712,3.59,0.9321,0.8729,6015.0,5799.0,0.0359,0.3026,,,7.258,2.767,287.59,293.4,0.9139,0.8465,101.15,76.17,100.02,71.6,0.753,0.7159,100.02,71.6,-3.5910224438902745,8.462200000000001,4.8712,False
A,case_036,SAM,,ok,4285.0,4645.0,213.0,573.0,0.049708,0.133722,8.4,0.912,0.8382,4285.0,4645.0,0.084,0.2828,,,12.978,2.951,258.29,253.95,0.8071,0.9051,100.06,69.85,93.72,71.44,0.6981,0.7622,93.72,71.44,8.401400233372229,4.9708000000000006,13.372200000000001,False
A,case_036,GrabCut,,ok,4285.0,4582.0,95.0,392.0,0.02217,0.091482,6.93,0.9451,0.8959,4285.0,4582.0,0.0693,0.158,,,5.413,1.784,258.29,258.25,0.8071,0.8634,100.06,69.85,99.05,68.93,0.6981,0.6959,99.05,68.93,6.9311551925320884,2.217,9.1482,False
A,case_036,Watershed,,ok,4285.0,4371.0,194.0,280.0,0.045274,0.065344,2.01,0.9452,0.8962,4285.0,4371.0,0.0201,0.2012,,,3.742,1.445,258.29,256.5,0.8071,0.8349,100.06,69.85,99.54,68.32,0.6981,0.6864,99.54,68.32,2.0070011668611434,4.5274,6.5344,False
A,case_037,GrabCut,,ok,11151.0,10470.0,741.0,60.0,0.066451,0.005381,6.11,0.963,0.9286,11151.0,10470.0,0.0611,0.2047,,,6.704,2.006,375.14,363.25,0.9957,0.9971,127.27,110.99,119.19,105.72,0.8721,0.887,105.72,119.19,-6.107075598601022,6.645099999999999,0.5381,False
A,case_037,Watershed,,ok,11151.0,10489.0,871.0,209.0,0.07811,0.018743,5.94,0.9501,0.9049,11151.0,10489.0,0.0594,0.2531,,,6.279,2.717,375.14,369.62,0.9957,0.9648,127.27,110.99,117.99,111.89,0.8721,0.9483,111.89,117.99,-5.936687292619496,7.811,1.8742999999999999,False
A,case_038,GrabCut,,ok,289.0,233.0,56.0,0.0,0.193772,0.0,19.38,0.8927,0.8062,289.0,233.0,0.1938,0.5813,,,2.021,1.02,49.61,42.72,1.4754,1.6041,19.65,11.78,16.15,11.43,0.5995,0.7082,11.43,16.15,-19.377162629757784,19.3772,0.0,False
A,case_039,GrabCut,,ok,250.0,240.0,10.0,0.0,0.04,0.0,4.0,0.9796,0.96,250.0,240.0,0.04,0.12,,,0.645,0.289,45.17,43.52,1.5397,1.5924,19.13,8.67,18.43,8.34,0.453,0.4524,8.34,18.43,-4.0,4.0,0.0,False
A,case_040,SAM,,ok,1857.0,1624.0,272.0,39.0,0.146473,0.021002,12.55,0.9107,0.836,1857.0,1624.0,0.1255,0.4604,,,3.949,1.72,145.95,139.69,1.0955,1.0459,47.94,45.04,46.18,42.77,0.9396,0.9262,46.18,42.77,-12.54711900915455,14.6473,2.1002,False
A,case_040,GrabCut,,ok,1857.0,1730.0,221.0,94.0,0.119009,0.050619,6.84,0.9122,0.8385,1857.0,1730.0,0.0684,0.4076,,,3.861,1.64,145.95,145.21,1.0955,1.0311,47.94,45.04,47.02,45.77,0.9396,0.9733,47.02,45.77,-6.838987614431879,11.9009,5.0619,False
A,case_040,Watershed,,ok,1857.0,1576.0,322.0,41.0,0.173398,0.022079,15.13,0.8943,0.8087,1857.0,1576.0,0.1513,0.5423,,,5.25,1.961,145.95,140.43,1.0955,1.0042,47.94,45.04,48.24,43.31,0.9396,0.8977,48.24,43.31,-15.131933225632741,17.3398,2.2079,False
A,case_041,SAM,,ok,582.0,534.0,55.0,7.0,0.094502,0.012027,8.25,0.9444,0.8947,582.0,534.0,0.0825,0.2955,,,1.823,0.717,77.19,73.28,1.2274,1.2498,27.45,21.57,25.79,20.76,0.7859,0.8049,20.76,25.79,-8.24742268041237,9.4502,1.2026999999999999,False
A,case_041,GrabCut,,ok,582.0,607.0,36.0,61.0,0.061856,0.104811,4.3,0.9184,0.8491,582.0,607.0,0.043,0.2904,,,3.381,1.608,77.19,84.25,1.2274,1.0745,27.45,21.57,28.64,24.98,0.7859,0.8722,24.98,28.64,4.29553264604811,6.1856,10.4811,False
A,case_042,SAM,,ok,1266.0,1263.0,133.0,130.0,0.105055,0.102686,0.24,0.896,0.8116,1266.0,1263.0,0.0024,0.4179,,,4.478,2.267,124.37,121.56,1.0285,1.0742,45.54,33.25,43.42,33.75,0.7302,0.7772,43.42,33.75,-0.23696682464454977,10.5055,10.2686,False
A,case_042,GrabCut,,ok,1266.0,1288.0,48.0,70.0,0.037915,0.055292,1.74,0.9538,0.9117,1266.0,1288.0,0.0174,0.169,,,2.264,0.877,124.37,120.37,1.0285,1.1172,45.54,33.25,42.49,33.96,0.7302,0.7993,42.49,33.96,1.7377567140600316,3.7914999999999996,5.5292,False
A,case_042,Watershed,,ok,1266.0,1116.0,181.0,31.0,0.14297,0.024487,11.85,0.911,0.8365,1266.0,1116.0,0.1185,0.4534,,,6.004,1.637,124.37,119.04,1.0285,0.9897,45.54,33.25,44.44,32.15,0.7302,0.7236,44.44,32.15,-11.848341232227488,14.297,2.4486999999999997,False
A,case_043,SAM,,ok,864.0,817.0,54.0,7.0,0.0625,0.008102,5.44,0.9637,0.93,864.0,817.0,0.0544,0.1956,,,1.119,0.627,98.49,94.55,1.1194,1.1485,33.08,30.31,31.82,29.07,0.9162,0.9137,29.07,31.82,-5.439814814814815,6.25,0.8102,False
A,case_043,GrabCut,,ok,864.0,824.0,43.0,3.0,0.049769,0.003472,4.63,0.9727,0.9469,864.0,824.0,0.0463,0.1528,,,0.994,0.546,98.49,95.13,1.1194,1.1443,33.08,30.31,31.57,29.68,0.9162,0.9399,29.68,31.57,-4.62962962962963,4.9769,0.3472,False
A,case_043,Watershed,,ok,864.0,772.0,92.0,0.0,0.106481,0.0,10.65,0.9438,0.8935,864.0,772.0,0.1065,0.3194,,,1.363,0.997,98.49,92.63,1.1194,1.1307,33.08,30.31,31.05,28.78,0.9162,0.9267,28.78,31.05,-10.648148148148149,10.648100000000001,0.0,False
A,case_044,SAM,,ok,4286.0,4056.0,314.0,84.0,0.073262,0.019599,5.37,0.9523,0.9089,4286.0,4056.0,0.0537,0.2394,,,5.068,1.715,242.57,231.25,0.9154,0.9531,89.06,63.66,82.95,63.34,0.7148,0.7636,82.95,63.34,-5.36630891273915,7.326199999999999,1.9598999999999998,False
A,case_044,GrabCut,,ok,4286.0,3785.0,683.0,182.0,0.159356,0.042464,11.69,0.8928,0.8064,4286.0,3785.0,0.1169,0.5205,,,8.756,3.608,242.57,227.44,0.9154,0.9195,89.06,63.66,84.51,62.67,0.7148,0.7416,84.51,62.67,-11.68922071861876,15.935599999999999,4.2464,False
A,case_044,Watershed,,ok,4286.0,3672.0,750.0,136.0,0.174988,0.031731,14.33,0.8887,0.7996,4286.0,3672.0,0.1433,0.5567,,,6.805,3.311,242.57,226.91,0.9154,0.8962,89.06,63.66,82.89,61.02,0.7148,0.7362,82.89,61.02,-14.325711619225384,17.4988,3.1731000000000003,False
A,case_045,SAM,,ok,4963.0,4762.0,347.0,146.0,0.069917,0.029418,4.05,0.9493,0.9035,4963.0,4762.0,0.0405,0.2392,,,4.572,1.982,262.23,250.86,0.9069,0.9509,94.84,70.75,93.16,67.41,0.746,0.7236,67.41,93.16,-4.049969776344953,6.991700000000001,2.9417999999999997,False
A,case_045,GrabCut,,ok,4963.0,4423.0,577.0,37.0,0.11626,0.007455,10.88,0.9346,0.8772,4963.0,4423.0,0.1088,0.3562,,,4.929,2.122,262.23,246.55,0.9069,0.9143,94.84,70.75,91.02,68.47,0.746,0.7522,68.47,91.02,-10.88051581704614,11.626,0.7454999999999999,False
A,case_045,Watershed,,ok,4963.0,4162.0,830.0,29.0,0.167238,0.005843,16.14,0.9059,0.8279,4963.0,4162.0,0.1614,0.5076,,,6.619,3.142,262.23,240.58,0.9069,0.9036,94.84,70.75,89.07,65.99,0.746,0.741,65.99,89.07,-16.13943179528511,16.7238,0.5843,False
A,case_046,SAM,,ok,3400.0,3557.0,71.0,228.0,0.020882,0.067059,4.62,0.957,0.9176,3400.0,3557.0,0.0462,0.1297,,,3.522,1.216,207.59,211.12,0.9915,1.0029,72.53,62.17,73.13,63.98,0.8572,0.8749,63.98,73.13,4.617647058823529,2.0882,6.7059,False
A,case_046,GrabCut,,ok,3400.0,3363.0,194.0,157.0,0.057059,0.046176,1.09,0.9481,0.9013,3400.0,3363.0,0.0109,0.2174,,,2.864,1.351,207.59,207.42,0.9915,0.9823,72.53,62.17,72.86,62.93,0.8572,0.8637,62.93,72.86,-1.088235294117647,5.7059,4.6176,False
A,case_046,Watershed,,ok,3400.0,2921.0,507.0,28.0,0.149118,0.008235,14.09,0.9154,0.8439,3400.0,2921.0,0.1409,0.4556,,,6.515,2.475,207.59,199.86,0.9915,0.919,72.53,62.17,68.83,60.21,0.8572,0.8747,60.21,68.83,-14.088235294117645,14.9118,0.8234999999999999,False
A,case_047,SAM,,ok,933.0,823.0,116.0,6.0,0.12433,0.006431,11.79,0.9305,0.8701,933.0,823.0,0.1179,0.3794,,,3.507,1.469,106.99,97.33,1.0243,1.0917,37.32,30.8,34.39,27.52,0.8251,0.8003,27.52,34.39,-11.789924973204716,12.433,0.6431,False
A,case_047,GrabCut,,ok,933.0,928.0,67.0,62.0,0.071811,0.066452,0.54,0.9307,0.8704,933.0,928.0,0.0054,0.2819,,,3.959,1.404,106.99,108.26,1.0243,0.995,37.32,30.8,39.81,28.76,0.8251,0.7225,28.76,39.81,-0.5359056806002144,7.1811,6.6452,False
A,case_048,SAM,,ok,4869.0,4759.0,246.0,136.0,0.050524,0.027932,2.26,0.9603,0.9237,4869.0,4759.0,0.0226,0.1795,,,3.132,1.539,256.77,250.08,0.928,0.9562,92.04,69.14,89.9,69.54,0.7512,0.7735,69.54,89.9,-2.259190798932019,5.0524,2.7931999999999997,False
A,case_048,GrabCut,,ok,4869.0,4434.0,472.0,37.0,0.09694,0.007599,8.93,0.9453,0.8962,4869.0,4434.0,0.0893,0.2984,,,4.144,1.912,256.77,247.32,0.928,0.9109,92.04,69.14,90.46,65.77,0.7512,0.727,65.77,90.46,-8.93407270486753,9.693999999999999,0.7599,False
A,case_048,Watershed,,ok,4869.0,4056.0,838.0,25.0,0.172109,0.005135,16.7,0.9033,0.8237,4869.0,4056.0,0.167,0.5215,,,6.679,3.204,256.77,245.16,0.928,0.848,92.04,69.14,93.12,63.13,0.7512,0.6779,63.13,93.12,-16.69747381392483,17.210900000000002,0.5135,False
A,case_049,SAM,,ok,5268.0,5013.0,311.0,56.0,0.059036,0.01063,4.84,0.9643,0.9311,5268.0,5013.0,0.0484,0.1877,,,2.585,1.151,264.76,258.29,0.9444,0.9442,95.73,74.85,93.39,71.76,0.7818,0.7684,71.76,93.39,-4.840546697038724,5.9036,1.0630000000000002,False
A,case_049,GrabCut,,ok,5268.0,4934.0,422.0,88.0,0.080106,0.016705,6.34,0.95,0.9048,5268.0,4934.0,0.0634,0.257,,,5.478,1.576,264.76,260.11,0.9444,0.9165,95.73,74.85,93.87,71.93,0.7818,0.7663,71.93,93.87,-6.340167046317388,8.0106,1.6705,False
A,case_049,Watershed,,ok,5268.0,4746.0,570.0,48.0,0.1082,0.009112,9.91,0.9383,0.8837,5268.0,4746.0,0.0991,0.3337,,,6.437,2.125,264.76,253.5,0.9444,0.9281,95.73,74.85,91.73,71.16,0.7818,0.7758,71.16,91.73,-9.90888382687927,10.82,0.9112,False
A,case_050,SAM,,ok,3804.0,3300.0,504.0,0.0,0.132492,0.0,13.25,0.9291,0.8675,3804.0,3300.0,0.1325,0.3975,,,3.82,2.334,216.59,202.89,1.019,1.0074,74.85,63.22,72.6,56.15,0.8446,0.7735,56.15,72.6,-13.249211356466878,13.2492,0.0,False
A,case_050,GrabCut,,ok,3804.0,3749.0,267.0,212.0,0.070189,0.055731,1.45,0.9366,0.8807,3804.0,3749.0,0.0145,0.2663,,,6.116,1.963,216.59,221.88,1.019,0.957,74.85,63.22,76.83,58.37,0.8446,0.7597,58.37,76.83,-1.4458464773922188,7.0189,5.5731,False
A,case_050,Watershed,,ok,3804.0,3428.0,415.0,39.0,0.109096,0.010252,9.88,0.9372,0.8819,3804.0,3428.0,0.0988,0.3375,,,5.131,1.97,216.59,208.61,1.019,0.9899,74.85,63.22,73.57,56.46,0.8446,0.7675,56.46,73.57,-9.884332281808621,10.9096,1.0252000000000001,False
A,case_051,SAM,,ok,3710.0,3604.0,281.0,175.0,0.075741,0.04717,2.86,0.9377,0.8826,3710.0,3604.0,0.0286,0.2744,,,4.17,1.81,232.88,227.75,0.8596,0.8732,93.76,53.22,92.38,51.7,0.5676,0.5596,51.7,92.38,-2.857142857142857,7.5741000000000005,4.717,False
A,case_051,GrabCut,,ok,3710.0,3035.0,706.0,31.0,0.190296,0.008356,18.19,0.8907,0.803,3710.0,3035.0,0.1819,0.5792,,,7.299,3.153,232.88,207.86,0.8596,0.8828,93.76,53.22,83.82,47.98,0.5676,0.5725,47.98,83.82,-18.194070080862534,19.0296,0.8356,False
A,case_051,Watershed,,ok,3710.0,3060.0,693.0,43.0,0.186792,0.01159,17.52,0.8913,0.8039,3710.0,3060.0,0.1752,0.572,,,7.903,2.945,232.88,210.72,0.8596,0.866,93.76,53.22,84.63,50.13,0.5676,0.5924,50.13,84.63,-17.52021563342318,18.6792,1.159,False
A,case_052,SAM,,ok,3140.0,2929.0,258.0,47.0,0.082166,0.014968,6.72,0.9497,0.9043,3140.0,2929.0,0.0672,0.2615,,,3.481,1.176,215.25,208.5,0.8516,0.8467,89.61,45.13,86.62,43.77,0.5036,0.5053,43.77,86.62,-6.719745222929936,8.2166,1.4968000000000001,False
A,case_052,Watershed,,ok,3140.0,2622.0,613.0,95.0,0.195223,0.030255,16.5,0.8771,0.7811,3140.0,2622.0,0.165,0.6159,,,7.38,2.9,215.25,225.41,0.8516,0.6485,89.61,45.13,90.5,48.99,0.5036,0.5413,48.99,90.5,-16.4968152866242,19.5223,3.0255,False
A,case_053,SAM,,ok,5559.0,4930.0,630.0,1.0,0.11333,0.00018,11.31,0.9398,0.8865,5559.0,4930.0,0.1131,0.3402,,,4.711,2.276,276.9,261.96,0.9111,0.9028,107.28,63.1,101.54,60.73,0.5882,0.5981,60.73,101.54,-11.314984709480122,11.333,0.018000000000000002,False
A,case_053,GrabCut,,ok,5559.0,5019.0,599.0,59.0,0.107753,0.010613,9.71,0.9378,0.8829,5559.0,5019.0,0.0971,0.3339,,,5.028,2.361,276.9,264.37,0.9111,0.9024,107.28,63.1,101.97,57.58,0.5882,0.5647,57.58,101.97,-9.713977334052887,10.7753,1.0613,False
A,case_053,Watershed,,ok,5559.0,4638.0,989.0,68.0,0.17791,0.012232,16.57,0.8963,0.8122,5559.0,4638.0,0.1657,0.546,,,7.6,3.686,276.9,265.26,0.9111,0.8283,107.28,63.1,106.0,57.88,0.5882,0.546,57.88,106.0,-16.567728008634646,17.791,1.2232,False
A,case_054,SAM,,ok,4829.0,4291.0,682.0,144.0,0.14123,0.02982,11.14,0.9094,0.8339,4829.0,4291.0,0.1114,0.4535,,,9.5,3.293,260.11,244.15,0.8969,0.9046,95.16,71.49,92.25,64.4,0.7513,0.6981,64.4,92.25,-11.141022986125492,14.123,2.9819999999999998,False
A,case_054,GrabCut,,ok,4829.0,3912.0,938.0,21.0,0.194243,0.004349,18.99,0.8903,0.8023,4829.0,3912.0,0.1899,0.5871,,,8.846,3.687,260.11,234.17,0.8969,0.8965,95.16,71.49,87.98,61.74,0.7513,0.7017,61.74,87.98,-18.98943880720646,19.4243,0.43489999999999995,False
A,case_054,Watershed,,ok,4829.0,3776.0,1099.0,46.0,0.227583,0.009526,21.81,0.8669,0.7651,4829.0,3776.0,0.2181,0.6923,,,8.482,4.057,260.11,239.62,0.8969,0.8264,95.16,71.49,86.67,63.16,0.7513,0.7287,63.16,86.67,-21.805756885483536,22.758300000000002,0.9526,False
A,case_055,SAM,,ok,2046.0,2120.0,30.0,104.0,0.014663,0.050831,3.62,0.9678,0.9377,2046.0,2120.0,0.0362,0.0948,,,1.883,0.826,158.04,160.58,1.0294,1.0332,53.35,47.13,54.26,47.89,0.8835,0.8826,54.26,47.89,3.6168132942326494,1.4663000000000002,5.0831,False
A,case_055,Watershed,,ok,2046.0,2271.0,162.0,387.0,0.079179,0.18915,11.0,0.8728,0.7744,2046.0,2271.0,0.11,0.4267,,,7.228,2.695,158.04,171.62,1.0294,0.9689,53.35,47.13,54.75,52.7,0.8835,0.9624,54.75,52.7,10.997067448680351,7.9178999999999995,18.915000000000003,False
A,case_056,SAM,,ok,2393.0,2434.0,115.0,156.0,0.048057,0.06519,1.71,0.9439,0.8937,2393.0,2434.0,0.0171,0.2094,,,2.009,1.024,178.63,177.05,0.9424,0.9757,61.95,53.68,59.88,52.54,0.8665,0.8775,52.54,59.88,1.7133305474300042,4.8057,6.519,False
A,case_057,SAM,,ok,16624.0,16640.0,530.0,546.0,0.031882,0.032844,0.1,0.9677,0.9373,16624.0,16640.0,0.001,0.1285,,,6.375,2.003,539.24,530.84,0.7184,0.7421,217.48,112.78,214.13,111.35,0.5186,0.52,111.35,214.13,0.0962463907603465,3.1882,3.2843999999999998,False
A,case_057,GrabCut,,ok,16624.0,16691.0,441.0,508.0,0.026528,0.030558,0.4,0.9715,0.9446,16624.0,16691.0,0.004,0.1101,,,4.935,1.749,539.24,532.68,0.7184,0.7392,217.48,112.78,214.06,117.59,0.5186,0.5493,117.59,214.06,0.4030317613089509,2.6528,3.0557999999999996,False
A,case_057,Watershed,,ok,16624.0,16177.0,995.0,548.0,0.059853,0.032964,2.69,0.953,0.9101,16624.0,16177.0,0.0269,0.2125,,,9.267,2.377,539.24,561.41,0.7184,0.645,217.48,112.78,216.85,110.0,0.5186,0.5073,110.0,216.85,-2.6888835418671797,5.9853000000000005,3.2964,False
A,case_058,SAM,,ok,6175.0,6040.0,312.0,177.0,0.050526,0.028664,2.19,0.96,0.923,6175.0,6040.0,0.0219,0.1802,,,3.873,1.386,338.06,326.06,0.679,0.7139,142.56,61.87,138.7,58.68,0.434,0.4231,58.68,138.7,-2.186234817813765,5.0526,2.8664,False
A,case_058,GrabCut,,ok,6175.0,6122.0,381.0,328.0,0.0617,0.053117,0.86,0.9423,0.891,6175.0,6122.0,0.0086,0.2382,,,6.586,1.987,338.06,325.26,0.679,0.7272,142.56,61.87,137.04,59.9,0.434,0.4371,59.9,137.04,-0.8582995951417004,6.17,5.3117,False
A,case_058,Watershed,,ok,6175.0,5756.0,555.0,136.0,0.089879,0.022024,6.79,0.9421,0.8905,6175.0,5756.0,0.0679,0.2917,,,4.471,1.789,338.06,327.73,0.679,0.6735,142.56,61.87,140.22,59.03,0.434,0.421,59.03,140.22,-6.7854251012145745,8.9879,2.2024,False
A,case_059,SAM,,ok,6638.0,6383.0,378.0,123.0,0.056945,0.01853,3.84,0.9615,0.9259,6638.0,6383.0,0.0384,0.1894,,,5.297,1.464,297.83,293.74,0.9404,0.9296,101.92,92.91,101.67,88.4,0.9116,0.8695,101.67,88.4,-3.8415185296776135,5.694500000000001,1.8530000000000002,False
A,case_059,GrabCut,,ok,6638.0,6258.0,449.0,69.0,0.067641,0.010395,5.72,0.9598,0.9228,6638.0,6258.0,0.0572,0.2133,,,5.528,1.69,297.83,291.9,0.9404,0.923,101.92,92.91,102.59,91.13,0.9116,0.8882,102.59,91.13,-5.724615848147032,6.764100000000001,1.0394999999999999,False
A,case_059,Watershed,,ok,6638.0,6086.0,578.0,26.0,0.087074,0.003917,8.32,0.9525,0.9094,6638.0,6086.0,0.0832,0.2651,,,5.069,2.018,297.83,289.67,0.9404,0.9115,101.92,92.91,102.26,90.18,0.9116,0.8819,102.26,90.18,-8.315757758360952,8.7074,0.39170000000000005,False
A,case_060,SAM,,ok,7584.0,8358.0,179.0,953.0,0.023602,0.125659,10.21,0.929,0.8674,7584.0,8358.0,0.1021,0.1965,,,12.105,3.203,359.15,373.75,0.7388,0.7519,129.22,101.35,134.92,101.18,0.7844,0.7499,134.92,101.18,10.205696202531646,2.3602000000000003,12.5659,False
A,case_060,GrabCut,,ok,7584.0,7831.0,454.0,701.0,0.059863,0.092431,3.26,0.9251,0.8606,7584.0,7831.0,0.0326,0.272,,,8.894,3.255,359.15,341.94,0.7388,0.8416,129.22,101.35,122.65,99.0,0.7844,0.8072,122.65,99.0,3.256856540084388,5.9863,9.2431,False
A,case_060,Watershed,,ok,7584.0,8017.0,424.0,857.0,0.055907,0.113001,5.71,0.9179,0.8482,7584.0,8017.0,0.0571,0.2807,,,10.448,3.172,359.15,381.44,0.7388,0.6924,129.22,101.35,135.76,102.54,0.7844,0.7553,135.76,102.54,5.709388185654008,5.5907,11.3001,False
A,case_061,SAM,,ok,10579.0,9699.0,883.0,3.0,0.083467,0.000284,8.32,0.9563,0.9163,10579.0,9699.0,0.0832,0.2507,,,4.812,2.118,433.54,416.62,0.7073,0.7022,183.89,75.95,178.62,71.37,0.413,0.3996,71.37,178.62,-8.31836657529067,8.3467,0.0284,False
A,case_061,GrabCut,,ok,10579.0,10240.0,533.0,194.0,0.050383,0.018338,3.2,0.9651,0.9325,10579.0,10240.0,0.032,0.1695,,,4.131,1.502,433.54,425.51,0.7073,0.7107,183.89,75.95,180.25,76.95,0.413,0.4269,76.95,180.25,-3.204461669344929,5.0383,1.8338,False
A,case_061,Watershed,,ok,10579.0,9843.0,862.0,126.0,0.081482,0.01191,6.96,0.9516,0.9077,10579.0,9843.0,0.0696,0.2564,,,8.554,2.641,433.54,428.62,0.7073,0.6733,183.89,75.95,185.83,77.93,0.413,0.4194,77.93,185.83,-6.957179317515834,8.1482,1.191,False
A,case_062,SAM,,ok,7596.0,7387.0,452.0,243.0,0.059505,0.031991,2.75,0.9536,0.9113,7596.0,7387.0,0.0275,0.2105,,,4.795,1.818,353.44,347.73,0.7641,0.7677,146.66,70.22,144.05,69.72,0.4788,0.484,69.72,144.05,-2.7514481305950502,5.9505,3.1991,False
A,case_062,GrabCut,,ok,7596.0,7370.0,481.0,255.0,0.063323,0.03357,2.98,0.9508,0.9063,7596.0,7370.0,0.0298,0.2235,,,5.468,1.87,353.44,345.09,0.7641,0.7777,146.66,70.22,141.84,68.19,0.4788,0.4808,68.19,141.84,-2.975250131648236,6.3323,3.357,False
A,case_062,Watershed,,ok,7596.0,6995.0,666.0,65.0,0.087678,0.008557,7.91,0.9499,0.9046,7596.0,6995.0,0.0791,0.2716,,,5.01,1.898,353.44,346.45,0.7641,0.7324,146.66,70.22,143.78,66.94,0.4788,0.4655,66.94,143.78,-7.912058978409689,8.767800000000001,0.8557,False
A,case_063,SAM,,ok,6142.0,6171.0,369.0,398.0,0.060078,0.0648,0.47,0.9377,0.8827,6142.0,6171.0,0.0047,0.245,,,6.235,2.598,281.53,280.3,0.9738,0.987,100.05,84.48,98.92,84.25,0.8444,0.8518,84.25,98.92,0.4721589058938457,6.0078,6.4799999999999995,False
A,case_063,GrabCut,,ok,6142.0,5951.0,261.0,70.0,0.042494,0.011397,3.11,0.9726,0.9467,6142.0,5951.0,0.0311,0.1389,,,2.344,0.988,281.53,279.09,0.9738,0.9601,100.05,84.48,99.74,85.64,0.8444,0.8586,85.64,99.74,-3.109736242266363,4.2494,1.1397,False
A,case_063,Watershed,,ok,6142.0,5675.0,508.0,41.0,0.082709,0.006675,7.6,0.9535,0.9112,6142.0,5675.0,0.076,0.2548,,,4.804,1.926,281.53,272.17,0.9738,0.9627,100.05,84.48,97.13,82.46,0.8444,0.849,82.46,97.13,-7.603386519049169,8.270900000000001,0.6675,False
A,case_064,SAM,,ok,2908.0,2596.0,312.0,0.0,0.10729,0.0,10.73,0.9433,0.8927,2908.0,2596.0,0.1073,0.3219,,,3.141,1.726,180.96,170.09,1.116,1.1277,58.84,56.53,55.45,52.99,0.9608,0.9555,52.99,55.45,-10.729023383768913,10.729,0.0,False
A,case_064,GrabCut,,ok,2908.0,2821.0,118.0,31.0,0.040578,0.01066,2.99,0.974,0.9493,2908.0,2821.0,0.0299,0.1324,,,0.795,0.369,180.96,181.29,1.116,1.0786,58.84,56.53,58.24,57.3,0.9608,0.9837,57.3,58.24,-2.9917469050894088,4.0578,1.0659999999999998,False
A,case_064,Watershed,,ok,2908.0,2712.0,201.0,5.0,0.06912,0.001719,6.74,0.9633,0.9293,2908.0,2712.0,0.0674,0.2091,,,1.489,0.777,180.96,176.16,1.116,1.0983,58.84,56.53,56.83,55.49,0.9608,0.9764,55.49,56.83,-6.740027510316368,6.912,0.1719,False
A,case_065,SAM,,ok,650.0,562.0,88.0,0.0,0.135385,0.0,13.54,0.9274,0.8646,650.0,562.0,0.1354,0.4062,,,1.705,0.882,80.07,74.33,1.2739,1.2784,26.66,24.57,23.97,23.58,0.9217,0.984,23.58,23.97,-13.538461538461538,13.5385,0.0,False
A,case_065,GrabCut,,ok,650.0,575.0,78.0,3.0,0.12,0.004615,11.54,0.9339,0.876,650.0,575.0,0.1154,0.3646,,,1.678,0.761,80.07,75.25,1.2739,1.2759,26.66,24.57,24.11,24.0,0.9217,0.9954,24.0,24.11,-11.538461538461538,12.0,0.4615,False
A,case_065,Watershed,,ok,650.0,547.0,109.0,6.0,0.167692,0.009231,15.85,0.9039,0.8247,650.0,547.0,0.1585,0.5123,,,1.886,1.037,80.07,73.09,1.2739,1.2867,26.66,24.57,23.44,23.24,0.9217,0.9917,23.24,23.44,-15.846153846153847,16.7692,0.9230999999999999,False
A,case_066,SAM,,ok,3794.0,4046.0,254.0,506.0,0.066948,0.133368,6.64,0.9031,0.8233,3794.0,4046.0,0.0664,0.3342,,,8.071,3.225,223.22,224.29,0.9568,1.0107,78.18,69.04,73.32,70.64,0.8831,0.9635,73.32,70.64,6.642066420664207,6.694799999999999,13.336799999999998,False
A,case_066,Watershed,,ok,3794.0,3548.0,504.0,258.0,0.132841,0.068002,6.48,0.8962,0.8119,3794.0,3548.0,0.0648,0.4665,,,8.244,2.56,223.22,229.39,0.9568,0.8473,78.18,69.04,76.76,71.92,0.8831,0.9369,76.76,71.92,-6.483921982076963,13.284099999999999,6.8002,False
A,case_067,SAM,,ok,5205.0,5120.0,339.0,254.0,0.06513,0.048799,1.63,0.9426,0.8914,5205.0,5120.0,0.0163,0.2442,,,4.211,1.612,343.29,335.27,0.555,0.5724,153.08,44.84,149.55,45.4,0.2929,0.3036,45.4,149.55,-1.633045148895293,6.512999999999999,4.8799,False
A,case_067,GrabCut,,ok,5205.0,6192.0,35.0,1022.0,0.006724,0.19635,18.96,0.9073,0.8303,5205.0,6192.0,0.1896,0.2165,,,9.087,3.134,343.29,371.22,0.555,0.5647,153.08,44.84,165.17,48.16,0.2929,0.2916,48.16,165.17,18.962536023054753,0.6724,19.634999999999998,False
A,case_067,Watershed,,ok,5205.0,5369.0,186.0,350.0,0.035735,0.067243,3.15,0.9493,0.9035,5205.0,5369.0,0.0315,0.1744,,,4.525,1.369,343.29,348.53,0.555,0.5554,153.08,44.84,155.35,44.35,0.2929,0.2855,44.35,155.35,3.1508165225744476,3.5735,6.7242999999999995,False
A,case_068,SAM,,ok,6018.0,4962.0,1086.0,30.0,0.180459,0.004985,17.55,0.8984,0.8155,6018.0,4962.0,0.1755,0.5464,,,18.677,3.854,328.16,303.56,0.7023,0.6767,140.84,65.31,128.11,60.03,0.4637,0.4686,128.11,60.03,-17.547357926221334,18.0459,0.4985,False
A,case_068,GrabCut,,ok,6018.0,6273.0,115.0,370.0,0.019109,0.061482,4.24,0.9605,0.9241,6018.0,6273.0,0.0424,0.1188,,,7.357,1.41,328.16,345.69,0.7023,0.6596,140.84,65.31,148.47,64.52,0.4637,0.4346,148.47,64.52,4.23728813559322,1.9109,6.1482,False
A,case_068,Watershed,,ok,6018.0,5966.0,289.0,237.0,0.048023,0.039382,0.86,0.9561,0.9159,6018.0,5966.0,0.0086,0.1834,,,7.128,1.38,328.16,339.02,0.7023,0.6523,140.84,65.31,145.16,66.77,0.4637,0.46,145.16,66.77,-0.8640744433366567,4.802300000000001,3.9382,False
A,case_069,SAM,,ok,3113.0,2953.0,285.0,125.0,0.091552,0.040154,5.14,0.9324,0.8734,3113.0,2953.0,0.0514,0.3148,,,6.492,1.994,205.42,209.22,0.927,0.8477,67.42,61.63,68.23,64.42,0.9141,0.9442,64.42,68.23,-5.139736588499839,9.155199999999999,4.0154000000000005,False
A,case_069,GrabCut,,ok,3113.0,3568.0,49.0,504.0,0.01574,0.161902,14.62,0.9172,0.8471,3113.0,3568.0,0.1462,0.2091,,,5.599,2.228,205.42,217.7,0.927,0.946,67.42,61.63,73.94,67.18,0.9141,0.9086,67.18,73.94,14.61612592354642,1.574,16.190199999999997,False
A,case_069,Watershed,,ok,3113.0,2977.0,306.0,170.0,0.098297,0.05461,4.37,0.9218,0.855,3113.0,2977.0,0.0437,0.3495,,,6.589,2.198,205.42,216.77,0.927,0.7961,67.42,61.63,68.48,67.7,0.9141,0.9885,67.7,68.48,-4.3687761002248635,9.829699999999999,5.461,False
A,case_070,SAM,,ok,15278.0,14639.0,737.0,98.0,0.048239,0.006414,4.18,0.9721,0.9457,15278.0,14639.0,0.0418,0.1511,,,7.032,1.66,490.0,478.39,0.7996,0.8038,172.58,131.44,170.68,129.11,0.7616,0.7564,170.68,129.11,-4.18248461840555,4.8239,0.6414000000000001,False
A,case_070,GrabCut,,ok,15278.0,14939.0,547.0,208.0,0.035803,0.013614,2.22,0.975,0.9512,15278.0,14939.0,0.0222,0.121,,,5.366,1.712,490.0,485.96,0.7996,0.7949,172.58,131.44,173.61,132.84,0.7616,0.7652,173.61,132.84,-2.218876816337217,3.5803000000000003,1.3614,False
A,case_070,Watershed,,ok,15278.0,14804.0,771.0,297.0,0.050465,0.01944,3.1,0.9645,0.9314,15278.0,14804.0,0.031,0.1708,,,6.171,1.948,490.0,492.95,0.7996,0.7656,172.58,131.44,172.9,130.5,0.7616,0.7548,172.9,130.5,-3.102500327267967,5.0465,1.944,False
A,case_071,SAM,,ok,19853.0,19514.0,916.0,577.0,0.046139,0.029064,1.71,0.9621,0.9269,19853.0,19514.0,0.0171,0.1675,,,11.996,2.953,568.17,543.57,0.7728,0.8299,221.49,141.08,217.26,131.38,0.637,0.6047,131.38,217.26,-1.7075504961466779,4.6139,2.9064,False
A,case_071,GrabCut,,ok,19853.0,20302.0,225.0,674.0,0.011333,0.03395,2.26,0.9776,0.9562,19853.0,20302.0,0.0226,0.0679,,,10.23,1.722,568.17,559.94,0.7728,0.8137,221.49,141.08,223.23,142.02,0.637,0.6362,142.02,223.23,2.261622928524656,1.1333,3.395,False
A,case_071,Watershed,,ok,19853.0,19290.0,895.0,332.0,0.045081,0.016723,2.84,0.9687,0.9392,19853.0,19290.0,0.0284,0.152,,,8.989,1.861,568.17,571.68,0.7728,0.7417,221.49,141.08,219.06,140.89,0.637,0.6432,140.89,219.06,-2.8358434493527427,4.508100000000001,1.6723,False
A,case_072,SAM,,ok,3515.0,3290.0,226.0,1.0,0.064296,0.000284,6.4,0.9666,0.9354,3515.0,3290.0,0.064,0.1932,,,2.441,1.854,209.23,197.68,1.009,1.058,73.41,59.54,69.9,55.66,0.8111,0.7962,55.66,69.9,-6.401137980085349,6.429600000000001,0.0284,False
A,case_072,GrabCut,,ok,3515.0,3396.0,131.0,12.0,0.037269,0.003414,3.39,0.9793,0.9595,3515.0,3396.0,0.0339,0.1152,,,1.681,1.201,209.23,201.77,1.009,1.0482,73.41,59.54,70.97,57.24,0.8111,0.8065,57.24,70.97,-3.3854907539118066,3.7268999999999997,0.3414,False
A,case_072,Watershed,,ok,3515.0,3275.0,243.0,3.0,0.069132,0.000853,6.83,0.9638,0.9301,3515.0,3275.0,0.0683,0.2083,,,3.531,1.446,209.23,202.52,1.009,1.0034,73.41,59.54,70.89,56.65,0.8111,0.7992,56.65,70.89,-6.827880512091039,6.9132,0.0853,False
A,case_073,SAM,,ok,9926.0,9040.0,906.0,20.0,0.091275,0.002015,8.93,0.9512,0.9069,9926.0,9040.0,0.0893,0.2758,,,4.645,2.422,370.87,359.12,0.9068,0.8808,119.43,118.08,118.31,112.17,0.9887,0.9481,118.31,112.17,-8.926052790650816,9.1275,0.20149999999999998,False
A,case_073,GrabCut,,ok,9926.0,9436.0,578.0,88.0,0.058231,0.008866,4.94,0.9656,0.9335,9926.0,9436.0,0.0494,0.1836,,,4.308,1.646,370.87,367.87,0.9068,0.8762,119.43,118.08,119.02,116.28,0.9887,0.977,119.02,116.28,-4.9365303244005645,5.8231,0.8866,False
A,case_073,Watershed,,ok,9926.0,9174.0,833.0,81.0,0.083921,0.00816,7.58,0.9521,0.9087,9926.0,9174.0,0.0758,0.2599,,,5.463,2.225,370.87,364.62,0.9068,0.8671,119.43,118.08,118.61,111.11,0.9887,0.9368,118.61,111.11,-7.576062865202498,8.3921,0.8160000000000001,False
A,case_074,SAM,,ok,18732.0,16970.0,1813.0,51.0,0.096786,0.002723,9.41,0.9478,0.9008,18732.0,16970.0,0.0941,0.2931,,,6.818,3.431,524.2,501.28,0.8566,0.8487,214.6,106.09,204.64,100.43,0.4944,0.4908,204.64,100.43,-9.406363442237883,9.6786,0.27230000000000004,False
A,case_074,GrabCut,,ok,18732.0,18999.0,504.0,771.0,0.026906,0.04116,1.43,0.9662,0.9346,18732.0,18999.0,0.0143,0.1219,,,6.954,2.102,524.2,533.51,0.8566,0.8388,214.6,106.09,218.52,106.05,0.4944,0.4853,218.52,106.05,1.4253683536194746,2.6906,4.1160000000000005,False
A,case_074,Watershed,,ok,18732.0,18297.0,977.0,542.0,0.052157,0.028934,2.32,0.959,0.9212,18732.0,18297.0,0.0232,0.1854,,,7.029,2.619,524.2,525.67,0.8566,0.8321,214.6,106.09,218.49,111.78,0.4944,0.5116,218.49,111.78,-2.32222934016656,5.2157,2.8934,False
A,case_075,SAM,,ok,4811.0,4220.0,662.0,71.0,0.137601,0.014758,12.28,0.9188,0.8499,4811.0,4220.0,0.1228,0.4276,,,9.586,3.09,252.21,235.25,0.9504,0.9582,91.21,69.51,88.21,58.14,0.7621,0.6591,88.21,58.14,-12.284348368322593,13.7601,1.4758,False
A,case_075,GrabCut,,ok,4811.0,5579.0,21.0,789.0,0.004365,0.163999,15.96,0.922,0.8554,4811.0,5579.0,0.1596,0.1771,,,6.56,2.979,252.21,276.28,0.9504,0.9185,91.21,69.51,96.66,77.54,0.7621,0.8022,96.66,77.54,15.963417168987737,0.4365,16.399900000000002,False
A,case_075,Watershed,,ok,4811.0,4606.0,424.0,219.0,0.088131,0.045521,4.26,0.9317,0.8722,4811.0,4606.0,0.0426,0.3099,,,4.959,2.246,252.21,251.22,0.9504,0.9171,91.21,69.51,86.64,69.85,0.7621,0.8062,86.64,69.85,-4.2610683849511535,8.8131,4.5521,False
A,case_076,SAM,,ok,4876.0,4630.0,322.0,76.0,0.066038,0.015587,5.05,0.9581,0.9196,4876.0,4630.0,0.0505,0.2137,,,4.591,1.684,248.86,243.15,0.9894,0.9841,85.86,68.46,86.77,63.95,0.7973,0.7371,86.77,63.95,-5.045118949958983,6.6038,1.5587,False
A,case_076,GrabCut,,ok,4876.0,5514.0,15.0,653.0,0.003076,0.133921,13.08,0.9357,0.8792,4876.0,5514.0,0.1308,0.1432,,,6.453,2.683,248.86,269.59,0.9894,0.9534,85.86,68.46,95.88,70.53,0.7973,0.7356,95.88,70.53,13.084495488105006,0.30760000000000004,13.392100000000001,False
A,case_076,Watershed,,ok,4876.0,4421.0,507.0,52.0,0.103979,0.010664,9.33,0.9399,0.8866,4876.0,4421.0,0.0933,0.3226,,,4.225,2.116,248.86,239.1,0.9894,0.9718,85.86,68.46,87.64,62.45,0.7973,0.7126,87.64,62.45,-9.331419196062345,10.3979,1.0664,False
A,case_077,SAM,,ok,4356.0,3702.0,654.0,0.0,0.150138,0.0,15.01,0.9188,0.8499,4356.0,3702.0,0.1501,0.4504,,,4.129,2.682,254.64,235.45,0.8442,0.8391,105.07,47.77,97.83,43.11,0.4546,0.4406,97.83,43.11,-15.013774104683195,15.0138,0.0,False
A,case_077,GrabCut,,ok,4356.0,4709.0,238.0,591.0,0.054637,0.135675,8.1,0.9085,0.8324,4356.0,4709.0,0.081,0.2996,,,6.412,3.006,254.64,262.2,0.8442,0.8607,105.07,47.77,107.61,53.26,0.4546,0.4949,107.61,53.26,8.103764921946741,5.4637,13.567499999999999,False
A,case_077,Watershed,,ok,4356.0,3884.0,484.0,12.0,0.111111,0.002755,10.84,0.9398,0.8864,4356.0,3884.0,0.1084,0.3361,,,3.384,1.825,254.64,243.77,0.8442,0.8213,105.07,47.77,102.29,45.97,0.4546,0.4495,102.29,45.97,-10.835629017447198,11.1111,0.2755,False
A,case_078,SAM,,ok,4824.0,4503.0,321.0,0.0,0.066542,0.0,6.65,0.9656,0.9335,4824.0,4503.0,0.0665,0.1996,,,2.552,1.243,263.82,255.87,0.871,0.8643,107.79,53.59,104.41,51.45,0.4972,0.4928,104.41,51.45,-6.654228855721393,6.6542,0.0,False
A,case_078,GrabCut,,ok,4824.0,4697.0,160.0,33.0,0.033167,0.006841,2.63,0.9797,0.9603,4824.0,4697.0,0.0263,0.1063,,,2.701,0.711,263.82,259.0,0.871,0.8799,107.79,53.59,104.36,52.86,0.4972,0.5065,104.36,52.86,-2.6326699834162524,3.3167,0.6840999999999999,False
A,case_078,Watershed,,ok,4824.0,5129.0,250.0,555.0,0.051824,0.11505,6.32,0.9191,0.8503,4824.0,5129.0,0.0632,0.2705,,,7.673,3.016,263.82,268.1,0.871,0.8967,107.79,53.59,106.01,57.81,0.4972,0.5454,106.01,57.81,6.3225538971807635,5.1824,11.505,False
A,case_079,SAM,,ok,3372.0,2949.0,423.0,0.0,0.125445,0.0,12.54,0.9331,0.8746,3372.0,2949.0,0.1254,0.3763,,,4.274,2.007,213.69,203.84,0.928,0.8919,84.58,48.51,82.49,41.4,0.5736,0.5018,82.49,41.4,-12.544483985765126,12.5445,0.0,False
A,case_079,GrabCut,,ok,3372.0,3528.0,102.0,258.0,0.030249,0.076512,4.63,0.9478,0.9008,3372.0,3528.0,0.0463,0.1673,,,4.475,1.477,213.69,216.06,0.928,0.9497,84.58,48.51,83.28,51.27,0.5736,0.6157,83.28,51.27,4.6263345195729535,3.0249,7.651199999999999,False
A,case_079,Watershed,,ok,3372.0,3096.0,281.0,5.0,0.083333,0.001483,8.19,0.9558,0.9153,3372.0,3096.0,0.0819,0.2515,,,1.878,1.345,213.69,205.59,0.928,0.9204,84.58,48.51,82.51,46.24,0.5736,0.5605,82.51,46.24,-8.185053380782918,8.333300000000001,0.1483,False
A,case_080,SAM,,ok,3819.0,3439.0,380.0,0.0,0.099502,0.0,9.95,0.9476,0.9005,3819.0,3439.0,0.0995,0.2985,,,3.055,1.738,224.7,214.0,0.9505,0.9437,84.7,52.67,81.92,49.25,0.6219,0.6013,81.92,49.25,-9.950248756218906,9.950199999999999,0.0,False
A,case_080,GrabCut,,ok,3819.0,3636.0,196.0,13.0,0.051322,0.003404,4.79,0.972,0.9455,3819.0,3636.0,0.0479,0.1574,,,3.253,1.008,224.7,219.11,0.9505,0.9518,84.7,52.67,84.88,53.01,0.6219,0.6245,84.88,53.01,-4.791830322073841,5.1322,0.3404,False
A,case_080,Watershed,,ok,3819.0,3782.0,187.0,150.0,0.048966,0.039277,0.97,0.9557,0.9151,3819.0,3782.0,0.0097,0.1862,,,6.226,1.648,224.7,228.81,0.9505,0.9078,84.7,52.67,89.37,51.18,0.6219,0.5726,89.37,51.18,-0.968840010473946,4.8966,3.9276999999999997,False
A,case_081,SAM,,ok,8400.0,7865.0,581.0,46.0,0.069167,0.005476,6.37,0.9615,0.9258,8400.0,7865.0,0.0637,0.213,,,3.817,1.932,355.62,341.44,0.8347,0.8478,140.12,89.92,134.44,85.87,0.6417,0.6387,85.87,134.44,-6.369047619047619,6.9167000000000005,0.5476,False
A,case_081,GrabCut,,ok,8400.0,8291.0,319.0,210.0,0.037976,0.025,1.3,0.9683,0.9386,8400.0,8291.0,0.013,0.1389,,,8.335,1.362,355.62,340.49,0.8347,0.8987,140.12,89.92,129.76,89.34,0.6417,0.6885,89.34,129.76,-1.2976190476190477,3.7976,2.5,False
A,case_081,Watershed,,ok,8400.0,8195.0,359.0,154.0,0.042738,0.018333,2.44,0.9691,0.94,8400.0,8195.0,0.0244,0.1465,,,4.325,1.474,355.62,348.36,0.8347,0.8486,140.12,89.92,136.11,88.44,0.6417,0.6498,88.44,136.11,-2.4404761904761907,4.2738,1.8333,False
A,case_082,SAM,,ok,3568.0,3145.0,424.0,1.0,0.118834,0.00028,11.86,0.9367,0.8809,3568.0,3145.0,0.1186,0.3568,,,4.364,2.116,218.25,204.54,0.9413,0.9446,83.56,49.93,80.07,47.85,0.5976,0.5976,80.07,47.85,-11.855381165919281,11.8834,0.027999999999999997,False
A,case_082,GrabCut,,ok,3568.0,3562.0,126.0,120.0,0.035314,0.033632,0.17,0.9655,0.9333,3568.0,3562.0,0.0017,0.1396,,,2.726,0.874,218.25,217.52,0.9413,0.946,83.56,49.93,82.95,50.45,0.5976,0.6082,82.95,50.45,-0.1681614349775785,3.5313999999999997,3.3632000000000004,False
A,case_082,Watershed,,ok,3568.0,3659.0,148.0,239.0,0.04148,0.066984,2.55,0.9465,0.8983,3568.0,3659.0,0.0255,0.1914,,,5.831,1.957,218.25,219.43,0.9413,0.955,83.56,49.93,84.35,52.26,0.5976,0.6196,84.35,52.26,2.5504484304932737,4.148000000000001,6.6984,False
A,case_083,SAM,,ok,5644.0,4879.0,765.0,0.0,0.135542,0.0,13.55,0.9273,0.8645,5644.0,4879.0,0.1355,0.4066,,,4.717,2.931,280.7,262.52,0.9002,0.8896,110.67,61.86,104.94,56.39,0.559,0.5373,104.94,56.39,-13.55421686746988,13.5542,0.0,False
A,case_083,GrabCut,,ok,5644.0,5535.0,211.0,102.0,0.037385,0.018072,1.93,0.972,0.9455,5644.0,5535.0,0.0193,0.1302,,,3.131,1.2,280.7,274.96,0.9002,0.92,110.67,61.86,106.11,61.5,0.559,0.5796,106.11,61.5,-1.9312544294826366,3.7385,1.8072000000000001,False
A,case_083,Watershed,,ok,5644.0,5554.0,309.0,219.0,0.054748,0.038802,1.59,0.9528,0.9099,5644.0,5554.0,0.0159,0.203,,,6.766,1.691,280.7,281.7,0.9002,0.8795,110.67,61.86,107.68,65.28,0.559,0.6063,107.68,65.28,-1.5946137491141033,5.4748,3.8802000000000003,False
A,case_084,SAM,,ok,8551.0,7787.0,770.0,6.0,0.090048,0.000702,8.93,0.9525,0.9093,8551.0,7787.0,0.0893,0.2708,,,5.087,2.325,344.57,326.29,0.9051,0.9191,118.14,103.03,113.42,97.81,0.8721,0.8624,113.42,97.81,-8.934627528943984,9.0048,0.0702,False
A,case_084,GrabCut,,ok,8551.0,7914.0,726.0,89.0,0.084902,0.010408,7.45,0.9505,0.9057,8551.0,7914.0,0.0745,0.2651,,,7.271,2.362,344.57,328.58,0.9051,0.9211,118.14,103.03,112.66,96.28,0.8721,0.8546,112.66,96.28,-7.449421120336802,8.4902,1.0408,False
A,case_084,Watershed,,ok,8551.0,8141.0,553.0,143.0,0.064671,0.016723,4.79,0.9583,0.9199,8551.0,8141.0,0.0479,0.2107,,,4.762,1.911,344.57,334.35,0.9051,0.9151,118.14,103.03,117.68,99.09,0.8721,0.842,117.68,99.09,-4.794760846684598,6.4671,1.6723,False
A,case_085,SAM,,ok,5966.0,5320.0,646.0,0.0,0.10828,0.0,10.83,0.9428,0.8917,5966.0,5320.0,0.1083,0.3248,,,4.064,2.401,277.63,261.43,0.9726,0.9781,103.4,73.86,96.56,70.23,0.7143,0.7273,96.56,70.23,-10.828025477707007,10.828,0.0,False
A,case_085,GrabCut,,ok,5966.0,5579.0,394.0,7.0,0.066041,0.001173,6.49,0.9653,0.9329,5966.0,5579.0,0.0649,0.1993,,,2.477,1.438,277.63,269.22,0.9726,0.9673,103.4,73.86,100.64,72.21,0.7143,0.7176,100.64,72.21,-6.486758297016426,6.6041,0.1173,False
A,case_085,Watershed,,ok,5966.0,5192.0,774.0,0.0,0.129735,0.0,12.97,0.9306,0.8703,5966.0,5192.0,0.1297,0.3892,,,6.406,2.758,277.63,263.12,0.9726,0.9424,103.4,73.86,98.93,67.55,0.7143,0.6828,98.93,67.55,-12.973516594032851,12.9735,0.0,False
A,case_086,SAM,,ok,8382.0,8241.0,644.0,503.0,0.076831,0.06001,1.68,0.931,0.8709,8382.0,8241.0,0.0168,0.2905,,,10.293,2.987,337.74,324.62,0.9234,0.9827,116.82,99.54,113.79,94.35,0.8521,0.8292,113.79,94.35,-1.6821760916249107,7.6831,6.001,False
A,case_086,GrabCut,,ok,8382.0,8378.0,400.0,396.0,0.047721,0.047244,0.05,0.9525,0.9093,8382.0,8378.0,0.0005,0.1904,,,7.885,2.116,337.74,328.8,0.9234,0.9738,116.82,99.54,116.78,92.99,0.8521,0.7963,116.78,92.99,-0.047721307563827246,4.7721,4.7244,False
A,case_086,Watershed,,ok,8382.0,8295.0,419.0,332.0,0.049988,0.039609,1.04,0.955,0.9138,8382.0,8295.0,0.0104,0.1896,,,7.057,1.882,337.74,328.74,0.9234,0.9645,116.82,99.54,116.42,94.79,0.8521,0.8143,116.42,94.79,-1.0379384395132427,4.9988,3.9608999999999996,False
A,case_087,SAM,,ok,6676.0,6185.0,530.0,39.0,0.079389,0.005842,7.35,0.9558,0.9153,6676.0,6185.0,0.0735,0.244,,,3.779,1.801,305.66,292.9,0.898,0.906,120.12,79.12,114.78,72.91,0.6587,0.6352,72.91,114.78,-7.354703415218694,7.9389,0.5842,False
A,case_087,GrabCut,,ok,6676.0,6211.0,530.0,65.0,0.079389,0.009736,6.97,0.9538,0.9117,6676.0,6211.0,0.0697,0.2479,,,5.449,1.771,305.66,290.57,0.898,0.9244,120.12,79.12,112.18,73.31,0.6587,0.6535,73.31,112.18,-6.965248651887358,7.9389,0.9736,False
A,case_087,Watershed,,ok,6676.0,6036.0,700.0,60.0,0.104853,0.008987,9.59,0.9402,0.8872,6676.0,6036.0,0.0959,0.3235,,,6.033,2.691,305.66,287.67,0.898,0.9166,120.12,79.12,110.9,76.95,0.6587,0.6939,76.95,110.9,-9.586578789694428,10.4853,0.8987,False
A,case_088,SAM,,ok,7384.0,6596.0,790.0,2.0,0.106988,0.000271,10.67,0.9433,0.8928,7384.0,6596.0,0.1067,0.3212,,,6.136,2.673,303.22,289.13,1.0092,0.9915,98.18,95.64,95.32,88.27,0.9741,0.926,95.32,88.27,-10.67172264355363,10.6988,0.0271,False
A,case_088,GrabCut,,ok,7384.0,7016.0,374.0,6.0,0.05065,0.000813,4.98,0.9736,0.9486,7384.0,7016.0,0.0498,0.1528,,,2.327,1.241,303.22,296.29,1.0092,1.0043,98.18,95.64,96.1,92.71,0.9741,0.9647,96.1,92.71,-4.9837486457204765,5.065,0.0813,False
A,case_088,Watershed,,ok,7384.0,6957.0,455.0,28.0,0.06162,0.003792,5.78,0.9663,0.9348,7384.0,6957.0,0.0578,0.1887,,,3.48,1.65,303.22,297.35,1.0092,0.9888,98.18,95.64,95.99,94.85,0.9741,0.9881,95.99,94.85,-5.782773564463705,6.162,0.3792,False
A,case_089,SAM,,ok,9078.0,8963.0,414.0,299.0,0.045605,0.032937,1.27,0.9605,0.924,9078.0,8963.0,0.0127,0.1698,,,4.617,1.77,369.39,367.33,0.836,0.8347,142.65,97.45,139.57,95.05,0.6831,0.681,95.05,139.57,-1.2667988543732098,4.5605,3.2937000000000003,False
A,case_089,GrabCut,,ok,9078.0,9000.0,387.0,309.0,0.042631,0.034038,0.86,0.9615,0.9259,9078.0,9000.0,0.0086,0.1619,,,5.817,1.646,369.39,363.74,0.836,0.8548,142.65,97.45,138.71,100.65,0.6831,0.7256,100.65,138.71,-0.8592200925313946,4.2631000000000006,3.4038,False
A,case_089,Watershed,,ok,9078.0,8360.0,793.0,75.0,0.087354,0.008262,7.91,0.9502,0.9052,9078.0,8360.0,0.0791,0.2703,,,7.945,1.961,369.39,352.12,0.836,0.8473,142.65,97.45,135.88,94.6,0.6831,0.6962,94.6,135.88,-7.909231108173606,8.7354,0.8262,False
A,case_090,SAM,,ok,10108.0,8933.0,1208.0,33.0,0.119509,0.003265,11.62,0.9348,0.8776,10108.0,8933.0,0.1162,0.3618,,,10.852,3.519,363.33,341.9,0.9622,0.9603,133.85,95.29,125.4,90.57,0.7119,0.7223,90.57,125.4,-11.624455876533439,11.9509,0.3265,False
A,case_090,GrabCut,,ok,10108.0,10604.0,277.0,773.0,0.027404,0.076474,4.91,0.9493,0.9035,10108.0,10604.0,0.0491,0.1587,,,4.911,2.199,363.33,373.86,0.9622,0.9534,133.85,95.29,135.45,98.66,0.7119,0.7284,98.66,135.45,4.907004352987732,2.7404,7.6474,False
A,case_090,Watershed,,ok,10108.0,10100.0,431.0,423.0,0.042639,0.041848,0.08,0.9577,0.9189,10108.0,10100.0,0.0008,0.1698,,,10.072,2.138,363.33,385.08,0.9622,0.8559,133.85,95.29,140.84,95.04,0.7119,0.6748,95.04,140.84,-0.07914523149980214,4.2639000000000005,4.1848,False
A,case_091,SAM,,ok,11247.0,10187.0,1077.0,17.0,0.095759,0.001512,9.42,0.949,0.9029,11247.0,10187.0,0.0942,0.2888,,,7.606,2.459,456.13,435.89,0.6793,0.6737,135.23,129.85,127.95,126.63,0.9602,0.9897,127.95,126.63,-9.424735485018228,9.575899999999999,0.1512,False
A,case_091,GrabCut,,ok,11247.0,10464.0,1039.0,256.0,0.09238,0.022762,6.96,0.9404,0.8874,11247.0,10464.0,0.0696,0.2999,,,9.127,2.8,456.13,415.79,0.6793,0.7606,135.23,129.85,130.86,118.94,0.9602,0.9089,130.86,118.94,-6.9618564950653505,9.238,2.2762000000000002,False
A,case_091,Watershed,,ok,11247.0,11073.0,529.0,355.0,0.047035,0.031564,1.55,0.9604,0.9238,11247.0,11073.0,0.0155,0.1727,,,6.648,1.917,456.13,469.05,0.6793,0.6325,135.23,129.85,133.28,132.38,0.9602,0.9932,133.28,132.38,-1.5470792211256335,4.7035,3.1564,False
A,case_092,SAM,,ok,15334.0,14323.0,1142.0,131.0,0.074475,0.008543,6.59,0.9571,0.9177,15334.0,14323.0,0.0659,0.232,,,7.687,2.52,506.89,495.44,0.75,0.7333,161.32,140.41,155.51,130.05,0.8704,0.8363,130.05,155.51,-6.593191600365202,7.4475,0.8543000000000001,False
A,case_092,GrabCut,,ok,15334.0,15316.0,453.0,435.0,0.029542,0.028368,0.12,0.971,0.9437,15334.0,15316.0,0.0012,0.117,,,9.613,1.679,506.89,488.08,0.75,0.8079,161.32,140.41,160.38,131.48,0.8704,0.8198,131.48,160.38,-0.11738620059997393,2.9541999999999997,2.8368,False
A,case_092,Watershed,,ok,15334.0,14937.0,698.0,301.0,0.04552,0.01963,2.59,0.967,0.9361,15334.0,14937.0,0.0259,0.1562,,,8.278,2.058,506.89,495.39,0.75,0.7649,161.32,140.41,161.45,133.08,0.8704,0.8243,133.08,161.45,-2.5890178687883134,4.552,1.963,False
A,case_093,SAM,,ok,5418.0,5029.0,407.0,18.0,0.07512,0.003322,7.18,0.9593,0.9218,5418.0,5029.0,0.0718,0.2287,,,3.622,1.501,293.24,279.77,0.7918,0.8074,92.86,82.01,88.95,77.25,0.8831,0.8685,77.25,88.95,-7.179771133259505,7.5120000000000005,0.3322,False
A,case_093,GrabCut,,ok,5418.0,5256.0,335.0,173.0,0.061831,0.031931,2.99,0.9524,0.9091,5418.0,5256.0,0.0299,0.2174,,,9.495,1.54,293.24,278.31,0.7918,0.8527,92.86,82.01,91.8,75.82,0.8831,0.826,75.82,91.8,-2.990033222591362,6.1831,3.1931000000000003,False
A,case_093,Watershed,,ok,5418.0,5110.0,513.0,205.0,0.094684,0.037837,5.68,0.9318,0.8723,5418.0,5110.0,0.0568,0.3219,,,10.19,2.193,293.24,284.61,0.7918,0.7927,92.86,82.01,93.96,71.93,0.8831,0.7655,71.93,93.96,-5.684754521963824,9.4684,3.7837,False
A,case_094,SAM,,ok,14597.0,14798.0,610.0,811.0,0.041789,0.055559,1.38,0.9517,0.9078,14597.0,14798.0,0.0138,0.1809,,,17.734,3.06,432.54,470.62,0.9804,0.8396,155.43,121.52,157.48,114.77,0.7818,0.7288,114.77,157.48,1.3769952730013015,4.1789,5.555899999999999,False
A,case_094,GrabCut,,ok,14597.0,16009.0,119.0,1531.0,0.008152,0.104885,9.67,0.9461,0.8977,14597.0,16009.0,0.0967,0.1293,,,8.031,3.515,432.54,452.52,0.9804,0.9824,155.43,121.52,161.2,126.93,0.7818,0.7874,126.93,161.2,9.673220524765362,0.8151999999999999,10.4885,False
A,case_094,Watershed,,ok,14597.0,14988.0,376.0,767.0,0.025759,0.052545,2.68,0.9614,0.9256,14597.0,14988.0,0.0268,0.1298,,,6.131,2.164,432.54,445.39,0.9804,0.9495,155.43,121.52,161.21,121.83,0.7818,0.7557,121.83,161.21,2.6786325957388506,2.5759,5.2545,False
A,case_095,SAM,,ok,5674.0,5224.0,520.0,70.0,0.091646,0.012337,7.93,0.9459,0.8973,5674.0,5224.0,0.0793,0.2873,,,4.435,1.886,267.85,256.85,0.9939,0.995,97.52,75.26,92.33,70.66,0.7718,0.7653,70.66,92.33,-7.930912936200212,9.1646,1.2337,False
A,case_095,GrabCut,,ok,5674.0,6166.0,50.0,542.0,0.008812,0.095523,8.67,0.95,0.9048,5674.0,6166.0,0.0867,0.122,,,4.366,2.23,267.85,280.77,0.9939,0.9829,97.52,75.26,101.12,79.35,0.7718,0.7848,79.35,101.12,8.671131476912231,0.8812,9.552299999999999,False
A,case_095,Watershed,,ok,5674.0,5976.0,108.0,410.0,0.019034,0.072259,5.32,0.9555,0.9149,5674.0,5976.0,0.0532,0.1294,,,5.522,1.661,267.85,277.44,0.9939,0.9757,97.52,75.26,99.19,80.21,0.7718,0.8087,80.21,99.19,5.322523792738808,1.9034,7.2259,False
A,case_096,SAM,,ok,40762.0,38628.0,2134.0,0.0,0.052353,0.0,5.24,0.9731,0.9476,40762.0,38628.0,0.0524,0.1571,,,8.831,3.144,721.27,704.28,0.9846,0.9786,239.01,218.27,234.29,214.55,0.9132,0.9158,214.55,234.29,-5.235268141896865,5.2353,0.0,False
A,case_096,GrabCut,,ok,40762.0,39361.0,1508.0,107.0,0.036995,0.002625,3.44,0.9798,0.9605,40762.0,39361.0,0.0344,0.1136,,,6.936,2.394,721.27,711.64,0.9846,0.9767,239.01,218.27,237.05,216.73,0.9132,0.9143,216.73,237.05,-3.437024679848879,3.6995,0.2625,False
A,case_096,Watershed,,ok,40762.0,39210.0,1713.0,161.0,0.042024,0.00395,3.81,0.9766,0.9542,40762.0,39210.0,0.0381,0.13,,,7.553,2.731,721.27,717.96,0.9846,0.9559,239.01,218.27,235.09,217.92,0.9132,0.9269,217.92,235.09,-3.8074677395613565,4.2024,0.395,False
A,case_097,SAM,,ok,38565.0,36415.0,2228.0,78.0,0.057773,0.002023,5.58,0.9692,0.9403,38565.0,36415.0,0.0558,0.1753,,,30.112,3.75,705.18,733.09,0.9746,0.8515,246.58,193.64,239.12,191.84,0.7853,0.8023,191.84,239.12,-5.575003241280954,5.777299999999999,0.2023,False
A,case_097,GrabCut,,ok,38565.0,37664.0,1108.0,207.0,0.028731,0.005368,2.34,0.9827,0.9661,38565.0,37664.0,0.0234,0.0916,,,8.002,2.095,705.18,703.1,0.9746,0.9574,246.58,193.64,242.4,193.42,0.7853,0.7979,193.42,242.4,-2.336315311811228,2.8731,0.5368,False
A,case_097,Watershed,,ok,38565.0,37331.0,1339.0,105.0,0.034721,0.002723,3.2,0.981,0.9627,38565.0,37331.0,0.032,0.1069,,,6.366,2.022,705.18,696.11,0.9746,0.9681,246.58,193.64,242.6,189.62,0.7853,0.7816,189.62,242.6,-3.199792558018929,3.4721,0.27230000000000004,False
A,case_098,SAM,,ok,23895.0,23354.0,907.0,366.0,0.037958,0.015317,2.26,0.9731,0.9475,23895.0,23354.0,0.0226,0.1292,,,9.17,2.246,560.38,558.94,0.9562,0.9394,203.74,142.46,204.84,140.57,0.6992,0.6863,140.57,204.84,-2.264071981586106,3.7958,1.5317,False
A,case_098,GrabCut,,ok,23895.0,23380.0,730.0,215.0,0.03055,0.008998,2.16,0.98,0.9608,23895.0,23380.0,0.0216,0.1006,,,4.092,1.264,560.38,552.25,0.9562,0.9633,203.74,142.46,201.41,142.44,0.6992,0.7072,142.44,201.41,-2.1552626072400085,3.055,0.8998,False
A,case_098,Watershed,,ok,23895.0,22974.0,1024.0,103.0,0.042854,0.004311,3.85,0.976,0.953,23895.0,22974.0,0.0385,0.1329,,,3.946,1.796,560.38,547.98,0.9562,0.9614,203.74,142.46,200.23,141.2,0.6992,0.7052,141.2,200.23,-3.854362837413685,4.2854,0.4311,False
A,case_099,SAM,,ok,6056.0,5407.0,661.0,12.0,0.109148,0.001982,10.72,0.9413,0.8891,6056.0,5407.0,0.1072,0.3294,,,4.359,2.246,277.65,262.81,0.9872,0.9837,100.32,72.33,93.35,69.34,0.721,0.7428,69.34,93.35,-10.71664464993395,10.9148,0.1982,False
A,case_099,GrabCut,,ok,6056.0,5951.0,269.0,164.0,0.044419,0.027081,1.73,0.9639,0.9304,6056.0,5951.0,0.0173,0.1603,,,2.532,1.022,277.65,276.19,0.9872,0.9804,100.32,72.33,100.92,71.63,0.721,0.7098,71.63,100.92,-1.7338177014531042,4.4419,2.7081,False
A,case_099,Watershed,,ok,6056.0,5836.0,436.0,216.0,0.071995,0.035667,3.63,0.9452,0.896,6056.0,5836.0,0.0363,0.2517,,,7.556,2.122,277.65,278.58,0.9872,0.945,100.32,72.33,106.24,68.37,0.721,0.6435,68.37,106.24,-3.632760898282695,7.1995000000000005,3.5666999999999995,False
A,case_100,SAM,,ok,26708.0,25834.0,1331.0,457.0,0.049835,0.017111,3.27,0.966,0.9342,26708.0,25834.0,0.0327,0.1666,,,14.711,3.036,630.73,602.19,0.8436,0.8952,226.42,149.63,216.59,141.1,0.6608,0.6515,141.1,216.59,-3.2724277370076384,4.983499999999999,1.7111,False
A,case_100,GrabCut,,ok,26708.0,26835.0,586.0,713.0,0.021941,0.026696,0.48,0.9757,0.9526,26708.0,26835.0,0.0048,0.0925,,,11.16,1.896,630.73,618.08,0.8436,0.8827,226.42,149.63,226.44,150.51,0.6608,0.6647,150.51,226.44,0.4755129549198742,2.1940999999999997,2.6696,False
A,case_100,Watershed,,ok,26708.0,26766.0,614.0,672.0,0.022989,0.025161,0.22,0.976,0.953,26708.0,26766.0,0.0022,0.0941,,,5.739,1.979,630.73,635.48,0.8436,0.8329,226.42,149.63,228.19,150.54,0.6608,0.6597,150.54,228.19,0.21716339673506063,2.2988999999999997,2.5161,False
A,case_101,SAM,,ok,8630.0,8197.0,481.0,48.0,0.055736,0.005562,5.02,0.9686,0.939,8630.0,8197.0,0.0502,0.1728,,,3.373,1.566,345.48,336.99,0.9086,0.907,134.16,81.75,130.02,81.41,0.6094,0.6261,81.41,130.02,-5.0173812282734644,5.5736,0.5562,False
A,case_101,GrabCut,,ok,8630.0,8577.0,196.0,143.0,0.022711,0.01657,0.61,0.9803,0.9614,8630.0,8577.0,0.0061,0.0847,,,2.208,0.88,345.48,345.97,0.9086,0.9005,134.16,81.75,134.85,82.71,0.6094,0.6134,82.71,134.85,-0.6141367323290845,2.2710999999999997,1.657,False
A,case_101,Watershed,,ok,8630.0,8377.0,361.0,108.0,0.041831,0.012514,2.93,0.9724,0.9463,8630.0,8377.0,0.0293,0.138,,,3.745,1.439,345.48,344.92,0.9086,0.8849,134.16,81.75,134.82,81.55,0.6094,0.6049,81.55,134.82,-2.9316338354577054,4.1831,1.2514,False
A,case_102,SAM,,ok,14179.0,13703.0,694.0,218.0,0.048946,0.015375,3.36,0.9673,0.9367,14179.0,13703.0,0.0336,0.1622,,,6.489,2.164,451.0,439.94,0.876,0.8897,177.51,103.25,173.65,95.99,0.5816,0.5528,95.99,173.65,-3.3570773679385004,4.8946000000000005,1.5375,False
A,case_102,GrabCut,,ok,14179.0,14303.0,356.0,480.0,0.025108,0.033853,0.87,0.9706,0.943,14179.0,14303.0,0.0087,0.1092,,,4.392,1.618,451.0,447.68,0.876,0.8968,177.51,103.25,175.49,101.12,0.5816,0.5762,101.12,175.49,0.8745327597150717,2.5107999999999997,3.3853,False
A,case_102,Watershed,,ok,14179.0,14249.0,464.0,534.0,0.032724,0.037661,0.49,0.9649,0.9322,14179.0,14249.0,0.0049,0.1358,,,6.78,1.794,451.0,445.43,0.876,0.9025,177.51,103.25,173.9,101.55,0.5816,0.584,101.55,173.9,0.4936878482262501,3.2724,3.7661,False
A,case_103,SAM,,ok,4086.0,3822.0,269.0,5.0,0.065835,0.001224,6.46,0.9654,0.933,4086.0,3822.0,0.0646,0.1987,,,2.786,1.149,235.89,228.89,0.9227,0.9167,89.0,62.88,85.76,61.25,0.7065,0.7142,85.76,61.25,-6.4610866372980915,6.583500000000001,0.12240000000000001,False
A,case_103,GrabCut,,ok,4086.0,3931.0,181.0,26.0,0.044298,0.006363,3.79,0.9742,0.9497,4086.0,3931.0,0.0379,0.1393,,,2.406,0.904,235.89,234.81,0.9227,0.8959,89.0,62.88,89.07,61.73,0.7065,0.693,89.07,61.73,-3.7934410181106215,4.429799999999999,0.6363,False
A,case_103,Watershed,,ok,4086.0,3654.0,443.0,11.0,0.108419,0.002692,10.57,0.9413,0.8892,4086.0,3654.0,0.1057,0.3279,,,7.703,1.971,235.89,232.55,0.9227,0.8491,89.0,62.88,88.06,62.39,0.7065,0.7085,88.06,62.39,-10.572687224669604,10.8419,0.2692,False
A,case_104,SAM,,ok,6746.0,6258.0,509.0,21.0,0.075452,0.003113,7.23,0.9592,0.9217,6746.0,6258.0,0.0723,0.2295,,,3.271,1.681,314.23,301.65,0.8586,0.8643,109.84,90.83,105.08,86.99,0.8269,0.8279,86.99,105.08,-7.233916394900682,7.5452,0.31129999999999997,False
A,case_104,GrabCut,,ok,6746.0,6707.0,224.0,185.0,0.033205,0.027424,0.58,0.9696,0.941,6746.0,6707.0,0.0058,0.127,,,2.429,0.981,314.23,312.29,0.8586,0.8642,109.84,90.83,107.51,90.42,0.8269,0.841,90.42,107.51,-0.5781203676252594,3.3205,2.7424,False
A,case_104,Watershed,,ok,6746.0,6703.0,288.0,245.0,0.042692,0.036318,0.64,0.9604,0.9238,6746.0,6703.0,0.0064,0.1644,,,4.152,1.342,314.23,314.52,0.8586,0.8515,109.84,90.83,108.49,90.95,0.8269,0.8383,90.95,108.49,-0.6374147643047733,4.2692,3.6318,False
A,case_105,SAM,,ok,4664.0,4523.0,400.0,259.0,0.085763,0.055532,3.02,0.9283,0.8661,4664.0,4523.0,0.0302,0.3128,,,6.45,2.521,261.17,248.58,0.8593,0.9198,94.4,63.67,91.11,60.82,0.6745,0.6675,91.11,60.82,-3.023156089193825,8.5763,5.5531999999999995,False
A,case_105,GrabCut,,ok,4664.0,4696.0,150.0,182.0,0.032161,0.039022,0.69,0.9645,0.9315,4664.0,4696.0,0.0069,0.1355,,,1.762,0.872,261.17,259.88,0.8593,0.8738,94.4,63.67,93.21,65.62,0.6745,0.7039,93.21,65.62,0.6861063464837049,3.2161000000000004,3.9022,False
A,case_105,Watershed,,ok,4664.0,4797.0,233.0,366.0,0.049957,0.078473,2.85,0.9367,0.8809,4664.0,4797.0,0.0285,0.2283,,,8.369,1.896,261.17,253.54,0.8593,0.9378,94.4,63.67,92.49,62.07,0.6745,0.6711,92.49,62.07,2.851629502572899,4.9957,7.8473,False
A,case_106,SAM,,ok,3249.0,3245.0,153.0,149.0,0.047091,0.04586,0.12,0.9535,0.9111,3249.0,3245.0,0.0012,0.1871,,,2.917,1.058,201.37,202.04,1.0069,0.999,65.52,62.91,64.82,63.59,0.9602,0.981,64.82,63.59,-0.12311480455524776,4.7091,4.585999999999999,False
A,case_106,GrabCut,,ok,3249.0,3746.0,36.0,533.0,0.01108,0.16405,15.3,0.9187,0.8496,3249.0,3746.0,0.153,0.1973,,,6.578,2.254,201.37,215.56,1.0069,1.0131,65.52,62.91,69.6,67.24,0.9602,0.966,69.6,67.24,15.297014465989536,1.1079999999999999,16.405,False
A,case_106,Watershed,,ok,3249.0,3707.0,218.0,676.0,0.067098,0.208064,14.1,0.8715,0.7722,3249.0,3707.0,0.141,0.4094,,,11.597,4.095,201.37,233.82,1.0069,0.8521,65.52,62.91,73.85,70.76,0.9602,0.9581,73.85,70.76,14.096645121575868,6.7098,20.8064,False
A,case_107,SAM,,ok,4477.0,4095.0,414.0,32.0,0.092473,0.007148,8.53,0.948,0.9011,4477.0,4095.0,0.0853,0.2846,,,3.15,1.645,237.75,227.05,0.9953,0.9982,83.34,66.41,79.27,63.91,0.7969,0.8063,63.91,79.27,-8.532499441590351,9.2473,0.7148,False
A,case_107,GrabCut,,ok,4477.0,4340.0,263.0,126.0,0.058745,0.028144,3.06,0.9559,0.9155,4477.0,4340.0,0.0306,0.2044,,,3.598,1.341,237.75,233.66,0.9953,0.9989,83.34,66.41,79.38,67.12,0.7969,0.8456,67.12,79.38,-3.0600848782666965,5.8745,2.8144,False
A,case_107,Watershed,,ok,4477.0,3935.0,568.0,26.0,0.126871,0.005807,12.11,0.9294,0.8681,4477.0,3935.0,0.1211,0.3864,,,6.048,2.38,237.75,224.05,0.9953,0.9851,83.34,66.41,79.19,61.41,0.7969,0.7754,61.41,79.19,-12.106321197230288,12.687100000000001,0.5807,False
A,case_108,SAM,,ok,2693.0,2566.0,155.0,28.0,0.057557,0.010397,4.72,0.9652,0.9327,2693.0,2566.0,0.0472,0.1831,,,2.264,1.017,176.78,173.3,1.0829,1.0737,57.3,55.36,56.42,53.98,0.9661,0.9566,56.42,53.98,-4.715930189379874,5.7557,1.0397,False
A,case_108,GrabCut,,ok,2693.0,2717.0,89.0,113.0,0.033049,0.041961,0.89,0.9627,0.928,2693.0,2717.0,0.0089,0.1411,,,2.526,1.158,176.78,179.29,1.0829,1.0622,57.3,55.36,57.62,56.65,0.9661,0.9832,57.62,56.65,0.8911994058670627,3.3049000000000004,4.1960999999999995,False
A,case_108,Watershed,,ok,2693.0,2529.0,229.0,65.0,0.085035,0.024137,6.09,0.9437,0.8934,2693.0,2529.0,0.0609,0.2792,,,2.378,1.016,176.78,176.46,1.0829,1.0206,57.3,55.36,57.46,52.33,0.9661,0.9107,57.46,52.33,-6.089862606758262,8.5035,2.4137,False
A,case_109,SAM,,ok,3639.0,3546.0,261.0,168.0,0.071723,0.046167,2.56,0.9403,0.8873,3639.0,3546.0,0.0256,0.2613,,,3.746,1.746,253.95,244.05,0.7091,0.7481,103.38,60.25,97.6,62.32,0.5828,0.6385,62.32,97.6,-2.555647155812036,7.1723,4.6167,False
A,case_109,GrabCut,,ok,3639.0,3678.0,168.0,207.0,0.046167,0.056884,1.07,0.9487,0.9025,3639.0,3678.0,0.0107,0.1954,,,3.213,1.115,253.95,253.69,0.7091,0.7181,103.38,60.25,102.5,60.82,0.5828,0.5934,60.82,102.5,1.0717230008244023,4.6167,5.6884,False
A,case_109,Watershed,,ok,3639.0,3434.0,360.0,155.0,0.098928,0.042594,5.63,0.9272,0.8643,3639.0,3434.0,0.0563,0.3394,,,3.886,1.48,253.95,249.91,0.7091,0.6909,103.38,60.25,100.62,60.12,0.5828,0.5975,60.12,100.62,-5.633415773564166,9.8928,4.2594,False
A,case_110,SAM,,ok,3834.0,3700.0,189.0,55.0,0.049296,0.014345,3.5,0.9676,0.9373,3834.0,3700.0,0.035,0.1622,,,2.165,1.02,264.4,256.44,0.6892,0.7071,116.38,44.11,113.22,43.39,0.379,0.3832,43.39,113.22,-3.4950443401147626,4.9296,1.4345,False
A,case_110,GrabCut,,ok,3834.0,3769.0,225.0,160.0,0.058685,0.041732,1.7,0.9494,0.9036,3834.0,3769.0,0.017,0.2178,,,3.667,1.127,264.4,261.16,0.6892,0.6944,116.38,44.11,115.37,46.58,0.379,0.4038,46.58,115.37,-1.695357329160146,5.8685,4.1732,False
A,case_110,Watershed,,ok,3834.0,3513.0,344.0,23.0,0.089724,0.005999,8.37,0.95,0.9048,3834.0,3513.0,0.0837,0.2752,,,2.932,1.323,264.4,256.27,0.6892,0.6722,116.38,44.11,113.54,43.58,0.379,0.3838,43.58,113.54,-8.37245696400626,8.9724,0.5999,False
A,case_111,SAM,,ok,17901.0,18043.0,1229.0,1371.0,0.068655,0.076588,0.79,0.9277,0.8651,17901.0,18043.0,0.0079,0.2826,,,30.034,4.899,521.71,551.13,0.8265,0.7465,161.85,157.34,155.29,150.58,0.9721,0.9697,155.29,150.58,0.7932517736439305,6.865499999999999,7.6588,False
A,case_111,GrabCut,,ok,17901.0,18537.0,482.0,1118.0,0.026926,0.062455,3.55,0.9561,0.9159,17901.0,18537.0,0.0355,0.1432,,,11.563,2.78,521.71,513.0,0.8265,0.8852,161.85,157.34,166.59,158.63,0.9721,0.9522,166.59,158.63,3.5528741411094353,2.6925999999999997,6.2455,False
A,case_111,Watershed,,ok,17901.0,18531.0,514.0,1144.0,0.028713,0.063907,3.52,0.9545,0.9129,17901.0,18531.0,0.0352,0.15,,,9.252,3.123,521.71,530.44,0.8265,0.8276,161.85,157.34,174.08,153.09,0.9721,0.8794,174.08,153.09,3.519356460532931,2.8712999999999997,6.390700000000001,False
A,case_112,SAM,,ok,5721.0,5536.0,235.0,50.0,0.041077,0.00874,3.23,0.9747,0.9506,5721.0,5536.0,0.0323,0.132,,,2.018,0.916,277.86,271.96,0.9312,0.9406,105.84,67.03,102.96,65.82,0.6333,0.6393,65.82,102.96,-3.233700402027617,4.1077,0.874,False
A,case_112,GrabCut,,ok,5721.0,6041.0,108.0,428.0,0.018878,0.074812,5.59,0.9544,0.9128,5721.0,6041.0,0.0559,0.1314,,,4.415,1.811,277.86,279.84,0.9312,0.9694,105.84,67.03,103.71,71.15,0.6333,0.686,71.15,103.71,5.593427722426149,1.8878,7.4812,False
A,case_112,Watershed,,ok,5721.0,5448.0,382.0,109.0,0.066772,0.019053,4.77,0.956,0.9158,5721.0,5448.0,0.0477,0.2194,,,5.152,1.384,277.86,277.17,0.9312,0.8911,105.84,67.03,103.92,67.43,0.6333,0.6489,67.43,103.92,-4.771893025694808,6.6772,1.9053,False
A,case_113,SAM,,ok,6889.0,6290.0,749.0,150.0,0.108724,0.021774,8.7,0.9318,0.8723,6889.0,6290.0,0.087,0.3479,,,6.956,2.966,289.52,283.32,1.0328,0.9847,98.74,85.52,98.88,80.94,0.8661,0.8185,80.94,98.88,-8.695021048047611,10.8724,2.1774,False
A,case_113,GrabCut,,ok,6889.0,7521.0,185.0,817.0,0.026854,0.118595,9.17,0.9305,0.87,6889.0,7521.0,0.0917,0.1992,,,7.864,3.136,289.52,309.51,1.0328,0.9866,98.74,85.52,104.71,88.12,0.8661,0.8415,88.12,104.71,9.174045579910002,2.6854,11.8595,False
A,case_113,Watershed,,ok,6889.0,6699.0,576.0,386.0,0.083612,0.056031,2.76,0.9292,0.8678,6889.0,6699.0,0.0276,0.3069,,,10.225,3.275,289.52,300.26,1.0328,0.9337,98.74,85.52,102.99,78.46,0.8661,0.7618,78.46,102.99,-2.758020031934969,8.3612,5.6030999999999995,False
A,case_114,SAM,,ok,6427.0,6481.0,411.0,465.0,0.063949,0.072351,0.84,0.9321,0.8729,6427.0,6481.0,0.0084,0.2642,,,8.254,3.231,282.38,286.74,1.0129,0.9905,96.89,83.06,97.16,81.33,0.8573,0.837,81.33,97.16,0.8402053835381982,6.394900000000001,7.2351,False
A,case_114,GrabCut,,ok,6427.0,7507.0,101.0,1181.0,0.015715,0.183756,16.8,0.908,0.8315,6427.0,7507.0,0.168,0.2309,,,7.153,4.066,282.38,306.89,1.0129,1.0016,96.89,83.06,101.01,91.14,0.8573,0.9023,91.14,101.01,16.804107670763965,1.5715,18.3756,False
A,case_114,Watershed,,ok,6427.0,6654.0,424.0,651.0,0.065972,0.101291,3.53,0.9178,0.8481,6427.0,6654.0,0.0353,0.2992,,,9.183,3.412,282.38,319.23,1.0129,0.8205,96.89,83.06,106.62,91.66,0.8573,0.8597,91.66,106.62,3.531974482651315,6.5972,10.129100000000001,False
A,case_115,SAM,,ok,8737.0,8253.0,587.0,103.0,0.067186,0.011789,5.54,0.9594,0.9219,8737.0,8253.0,0.0554,0.2133,,,4.287,2.072,331.33,320.05,1.0001,1.0125,112.74,96.64,106.03,97.32,0.8572,0.9179,97.32,106.03,-5.539658921826714,6.7185999999999995,1.1789,False
A,case_115,GrabCut,,ok,8737.0,8811.0,229.0,303.0,0.02621,0.03468,0.85,0.9697,0.9412,8737.0,8811.0,0.0085,0.1133,,,3.797,1.457,331.33,331.31,1.0001,1.0087,112.74,96.64,110.53,98.22,0.8572,0.8886,98.22,110.53,0.8469726450726794,2.621,3.4680000000000004,False
A,case_115,Watershed,,ok,8737.0,8452.0,501.0,216.0,0.057342,0.024722,3.26,0.9583,0.9199,8737.0,8452.0,0.0326,0.1967,,,5.554,1.95,331.33,329.48,1.0001,0.9784,112.74,96.64,114.15,92.5,0.8572,0.8104,92.5,114.15,-3.2619892411582927,5.7341999999999995,2.4722,False
A,case_116,SAM,,ok,5665.0,5507.0,197.0,39.0,0.034775,0.006884,2.79,0.9789,0.9586,5665.0,5507.0,0.0279,0.1112,,,1.919,0.762,266.12,261.82,1.0052,1.0095,90.84,76.6,89.89,76.5,0.8433,0.851,76.5,89.89,-2.789055604589585,3.4775,0.6884,False
A,case_116,GrabCut,,ok,5665.0,5785.0,83.0,203.0,0.014651,0.035834,2.12,0.975,0.9513,5665.0,5785.0,0.0212,0.0798,,,2.31,0.77,266.12,268.7,1.0052,1.0069,90.84,76.6,92.66,78.49,0.8433,0.8471,78.49,92.66,2.118270079435128,1.4651,3.5833999999999997,False
A,case_116,Watershed,,ok,5665.0,5776.0,161.0,272.0,0.02842,0.048014,1.96,0.9622,0.9271,5665.0,5776.0,0.0196,0.1333,,,4.272,1.278,266.12,273.17,1.0052,0.9727,90.84,76.6,93.82,76.65,0.8433,0.817,76.65,93.82,1.9593998234774934,2.842,4.8014,False
A,case_118,SAM,,ok,3643.0,3473.0,209.0,39.0,0.05737,0.010705,4.67,0.9651,0.9326,3643.0,3473.0,0.0467,0.1828,,,3.052,1.054,231.35,225.65,0.8553,0.8571,76.3,76.24,74.9,72.99,0.9993,0.9745,72.99,74.9,-4.666483667307164,5.737,1.0705,False
A,case_118,GrabCut,,ok,3643.0,3776.0,67.0,200.0,0.018391,0.0549,3.65,0.964,0.9305,3643.0,3776.0,0.0365,0.1101,,,3.986,1.333,231.35,231.25,0.8553,0.8873,76.3,76.24,75.94,75.87,0.9993,0.999,75.87,75.94,3.6508372220697227,1.8391000000000002,5.489999999999999,False
A,case_118,Watershed,,ok,3643.0,3440.0,251.0,48.0,0.068899,0.013176,5.57,0.9578,0.919,3643.0,3440.0,0.0557,0.2199,,,1.822,0.995,231.35,224.75,0.8553,0.8558,76.3,76.24,74.31,74.06,0.9993,0.9966,74.06,74.31,-5.572330496843262,6.8899,1.3176,False
A,case_119,SAM,,ok,10408.0,8699.0,1710.0,1.0,0.164297,9.6e-05,16.42,0.9105,0.8356,10408.0,8699.0,0.1642,0.493,,,11.065,5.093,368.5,330.27,0.9632,1.0022,129.77,105.29,114.05,96.25,0.8114,0.8439,96.25,114.05,-16.420061491160645,16.4297,0.009600000000000001,False
A,case_119,GrabCut,,ok,10408.0,9810.0,815.0,217.0,0.078305,0.020849,5.75,0.949,0.9029,10408.0,9810.0,0.0575,0.2558,,,7.827,2.739,368.5,355.27,0.9632,0.9767,129.77,105.29,123.11,103.21,0.8114,0.8384,103.21,123.11,-5.7455803228285935,7.8305,2.0848999999999998,False
A,case_119,Watershed,,ok,10408.0,9459.0,1045.0,96.0,0.100404,0.009224,9.12,0.9426,0.8914,10408.0,9459.0,0.0912,0.3104,,,8.056,2.931,368.5,354.27,0.9632,0.9471,129.77,105.29,122.88,99.06,0.8114,0.8062,99.06,122.88,-9.117986164488855,10.0404,0.9224,False
A,case_120,SAM,,ok,6500.0,5788.0,726.0,14.0,0.111692,0.002154,10.95,0.9398,0.8864,6500.0,5788.0,0.1095,0.3372,,,5.529,2.636,285.18,268.17,1.0043,1.0114,93.97,87.35,89.11,83.02,0.9295,0.9316,83.02,89.11,-10.953846153846154,11.1692,0.2154,False
A,case_120,GrabCut,,ok,6500.0,6014.0,527.0,41.0,0.081077,0.006308,7.48,0.9546,0.9132,6500.0,6014.0,0.0748,0.2495,,,5.455,1.766,285.18,274.56,1.0043,1.0025,93.97,87.35,91.7,84.51,0.9295,0.9216,84.51,91.7,-7.476923076923077,8.1077,0.6308,False
A,case_120,Watershed,,ok,6500.0,5749.0,752.0,1.0,0.115692,0.000154,11.55,0.9385,0.8842,6500.0,5749.0,0.1155,0.3472,,,5.346,2.727,285.18,269.78,1.0043,0.9926,93.97,87.35,89.78,81.44,0.9295,0.9072,81.44,89.78,-11.553846153846154,11.5692,0.0154,False
A,case_121,SAM,,ok,4812.0,4475.0,348.0,11.0,0.072319,0.002286,7.0,0.9613,0.9256,4812.0,4475.0,0.07,0.2192,,,3.799,1.551,249.65,239.79,0.9702,0.978,89.83,69.3,85.56,69.88,0.7714,0.8167,69.88,85.56,-7.0033250207813795,7.2318999999999996,0.22859999999999997,False
A,case_121,GrabCut,,ok,4812.0,4469.0,395.0,52.0,0.082086,0.010806,7.13,0.9518,0.9081,4812.0,4469.0,0.0713,0.2571,,,4.327,1.739,249.65,240.23,0.9702,0.9731,89.83,69.3,85.25,68.89,0.7714,0.8081,68.89,85.25,-7.1280133000831265,8.2086,1.0806,False
A,case_121,Watershed,,ok,4812.0,4347.0,501.0,36.0,0.104115,0.007481,9.66,0.9414,0.8892,4812.0,4347.0,0.0966,0.3198,,,4.522,2.146,249.65,238.5,0.9702,0.9603,89.83,69.3,84.95,66.73,0.7714,0.7856,66.73,84.95,-9.663341645885287,10.4115,0.7481,False
A,case_122,SAM,,ok,4356.0,4289.0,179.0,112.0,0.041093,0.025712,1.54,0.9663,0.9349,4356.0,4289.0,0.0154,0.149,,,2.239,0.916,224.46,225.24,1.0864,1.0624,71.69,71.35,71.99,71.51,0.9953,0.9933,71.99,71.51,-1.5381083562901745,4.1093,2.5711999999999997,False
A,case_122,GrabCut,,ok,4356.0,4831.0,9.0,484.0,0.002066,0.111111,10.9,0.9463,0.8981,4356.0,4831.0,0.109,0.1173,,,5.947,2.304,224.46,239.06,1.0864,1.0623,71.69,71.35,76.57,75.67,0.9953,0.9882,76.57,75.67,10.904499540863178,0.2066,11.1111,False
A,case_122,Watershed,,ok,4356.0,4313.0,194.0,151.0,0.044536,0.034665,0.99,0.9602,0.9235,4356.0,4313.0,0.0099,0.1683,,,4.008,1.407,224.46,229.55,1.0864,1.0286,71.69,71.35,74.25,72.12,0.9953,0.9713,74.25,72.12,-0.9871441689623508,4.4536,3.4665,False
A,case_123,SAM,,ok,2750.0,2635.0,155.0,40.0,0.056364,0.014545,4.18,0.9638,0.9301,2750.0,2635.0,0.0418,0.1836,,,1.574,0.873,181.52,176.66,1.0488,1.0609,60.22,55.43,59.92,52.56,0.9203,0.8771,52.56,59.92,-4.181818181818182,5.6364,1.4545000000000001,False
A,case_123,GrabCut,,ok,2750.0,2856.0,64.0,170.0,0.023273,0.061818,3.85,0.9583,0.9199,2750.0,2856.0,0.0385,0.1316,,,2.313,1.164,181.52,187.39,1.0488,1.0221,60.22,55.43,61.5,57.74,0.9203,0.9389,57.74,61.5,3.854545454545454,2.3272999999999997,6.1818,False
A,case_123,Watershed,,ok,2750.0,2657.0,204.0,111.0,0.074182,0.040364,3.38,0.9417,0.8899,2750.0,2657.0,0.0338,0.2629,,,2.428,1.18,181.52,180.95,1.0488,1.0198,60.22,55.43,59.49,55.13,0.9203,0.9266,55.13,59.49,-3.381818181818182,7.4182,4.0363999999999995,False
A,case_124,SAM,,ok,10494.0,11609.0,900.0,2015.0,0.085763,0.192014,10.63,0.8681,0.767,10494.0,11609.0,0.1063,0.4493,,,25.253,7.217,420.09,433.25,0.7472,0.7772,171.4,94.91,173.34,89.67,0.5538,0.5173,89.67,173.34,10.625119115685154,8.5763,19.2014,False
A,case_124,GrabCut,,ok,10494.0,10514.0,533.0,553.0,0.050791,0.052697,0.19,0.9483,0.9017,10494.0,10514.0,0.0019,0.2051,,,8.944,2.446,420.09,403.23,0.7472,0.8126,171.4,94.91,162.89,94.26,0.5538,0.5787,94.26,162.89,0.1905850962454736,5.0791,5.2697,False
A,case_124,Watershed,,ok,10494.0,10679.0,288.0,473.0,0.027444,0.045073,1.76,0.9641,0.9306,10494.0,10679.0,0.0176,0.1274,,,6.963,1.422,420.09,421.66,0.7472,0.7548,171.4,94.91,173.3,93.13,0.5538,0.5374,93.13,173.3,1.7629121402706307,2.7444,4.5073,False
A,case_125,SAM,,ok,3328.0,2842.0,506.0,20.0,0.152043,0.00601,14.6,0.9147,0.8429,3328.0,2842.0,0.146,0.4621,,,3.821,2.38,203.8,188.77,1.0069,1.0022,70.49,56.58,65.26,51.33,0.8028,0.7865,51.33,65.26,-14.603365384615385,15.204300000000002,0.601,False
A,case_125,GrabCut,,ok,3328.0,3331.0,313.0,316.0,0.09405,0.094952,0.09,0.9055,0.8274,3328.0,3331.0,0.0009,0.3771,,,5.098,2.235,203.8,199.4,1.0069,1.0528,70.49,56.58,64.27,62.87,0.8028,0.9782,62.87,64.27,0.09014423076923077,9.405,9.495199999999999,False
A,case_125,Watershed,,ok,3328.0,3297.0,406.0,375.0,0.121995,0.11268,0.93,0.8821,0.7891,3328.0,3297.0,0.0093,0.4787,,,9.277,3.306,203.8,213.75,1.0069,0.9068,70.49,56.58,72.44,65.48,0.8028,0.9039,72.44,65.48,-0.9314903846153846,12.1995,11.268,False
A,case_126,SAM,,ok,8616.0,8193.0,576.0,153.0,0.066852,0.017758,4.91,0.9566,0.9169,8616.0,8193.0,0.0491,0.2183,,,5.233,1.879,337.38,332.07,0.9512,0.9336,121.63,89.44,119.43,85.76,0.7354,0.718,85.76,119.43,-4.9094707520891365,6.685199999999999,1.7758,False
A,case_126,GrabCut,,ok,8616.0,8698.0,150.0,232.0,0.017409,0.026927,0.95,0.9779,0.9568,8616.0,8698.0,0.0095,0.0792,,,3.732,1.015,337.38,339.32,0.9512,0.9493,121.63,89.44,124.34,89.35,0.7354,0.7186,89.35,124.34,0.9517177344475394,1.7409000000000001,2.6927,False
A,case_126,Watershed,,ok,8616.0,8896.0,225.0,505.0,0.026114,0.058612,3.25,0.9583,0.92,8616.0,8896.0,0.0325,0.137,,,8.144,2.541,337.38,350.34,0.9512,0.9108,121.63,89.44,132.49,88.36,0.7354,0.6669,88.36,132.49,3.2497678737233056,2.6113999999999997,5.8612,False
A,case_127,SAM,,ok,6170.0,6072.0,162.0,64.0,0.026256,0.010373,1.59,0.9815,0.9637,6170.0,6072.0,0.0159,0.0891,,,5.081,0.906,312.25,300.97,0.7952,0.8424,100.34,93.88,99.79,92.08,0.9356,0.9228,92.08,99.79,-1.5883306320907615,2.6256000000000004,1.0373,False
A,case_127,GrabCut,,ok,6170.0,6317.0,209.0,356.0,0.033874,0.057699,2.38,0.9548,0.9134,6170.0,6317.0,0.0238,0.1593,,,11.666,1.899,312.25,298.98,0.7952,0.8881,100.34,93.88,99.7,97.01,0.9356,0.973,97.01,99.7,2.3824959481361425,3.3874,5.7699,False
A,case_127,Watershed,,ok,6170.0,5623.0,584.0,37.0,0.094652,0.005997,8.87,0.9473,0.9,6170.0,5623.0,0.0887,0.29,,,14.221,2.245,312.25,293.5,0.7952,0.8203,100.34,93.88,98.36,90.32,0.9356,0.9183,90.32,98.36,-8.86547811993517,9.4652,0.5997,False
A,case_128,SAM,,ok,23516.0,21730.0,1954.0,168.0,0.083092,0.007144,7.59,0.9531,0.9104,23516.0,21730.0,0.0759,0.2564,,,13.64,3.624,586.23,566.56,0.8599,0.8507,195.68,159.41,193.03,141.97,0.8146,0.7354,141.97,193.03,-7.594829052559959,8.3092,0.7144,False
A,case_128,GrabCut,,ok,23516.0,22772.0,1101.0,357.0,0.046819,0.015181,3.16,0.9685,0.9389,23516.0,22772.0,0.0316,0.1556,,,5.43,2.369,586.23,567.95,0.8599,0.8871,195.68,159.41,188.39,156.74,0.8146,0.832,156.74,188.39,-3.163803367919714,4.6819,1.5181,False
A,case_128,Watershed,,ok,23516.0,22787.0,1177.0,448.0,0.050051,0.019051,3.1,0.9649,0.9322,23516.0,22787.0,0.031,0.1692,,,6.602,2.546,586.23,619.87,0.8599,0.7452,195.68,159.41,200.19,161.01,0.8146,0.8043,161.01,200.19,-3.1000170096955264,5.0051,1.9050999999999998,False
A,case_129,SAM,,ok,11303.0,11296.0,817.0,810.0,0.072282,0.071662,0.06,0.928,0.8657,11303.0,11296.0,0.0006,0.2885,,,17.896,4.047,396.03,397.18,0.9056,0.8999,151.46,104.56,147.75,100.77,0.6903,0.682,100.77,147.75,-0.06193046093957357,7.2282,7.1662,False
A,case_129,GrabCut,,ok,11303.0,12292.0,212.0,1201.0,0.018756,0.106255,8.75,0.9401,0.887,11303.0,12292.0,0.0875,0.1625,,,7.46,3.222,396.03,403.96,0.9056,0.9466,151.46,104.56,150.41,108.0,0.6903,0.7181,108.0,150.41,8.749889409891178,1.8756,10.6255,False
A,case_129,Watershed,,ok,11303.0,11602.0,376.0,675.0,0.033266,0.059719,2.65,0.9541,0.9123,11303.0,11602.0,0.0265,0.1595,,,7.266,2.394,396.03,412.34,0.9056,0.8575,151.46,104.56,156.12,106.36,0.6903,0.6813,106.36,156.12,2.6453154029903567,3.3265999999999996,5.9719,False
A,case_130,SAM,,ok,55153.0,61067.0,3518.0,9432.0,0.063786,0.171015,10.72,0.8886,0.7995,55153.0,61067.0,0.1072,0.3624,,,69.58,16.263,895.19,1037.29,0.8649,0.7132,285.58,268.7,278.59,275.27,0.9409,0.9881,278.59,275.27,10.722898119775897,6.3786,17.1015,False
A,case_130,GrabCut,,ok,55153.0,53352.0,1998.0,197.0,0.036226,0.003572,3.27,0.9798,0.9603,55153.0,53352.0,0.0327,0.1123,,,5.515,2.592,895.19,889.34,0.8649,0.8477,285.58,268.7,279.89,265.47,0.9409,0.9485,265.47,279.89,-3.2654615342773736,3.6226000000000003,0.3572,False
A,case_130,Watershed,,ok,55153.0,54710.0,1303.0,860.0,0.023625,0.015593,0.8,0.9803,0.9614,55153.0,54710.0,0.008,0.0865,,,11.157,2.332,895.19,947.92,0.8649,0.7651,285.58,268.7,288.6,266.47,0.9409,0.9233,266.47,288.6,-0.8032201330843292,2.3625,1.5593,False
A,case_131,SAM,,ok,43320.0,41618.0,1783.0,81.0,0.041159,0.00187,3.93,0.9781,0.9571,43320.0,41618.0,0.0393,0.1253,,,7.211,2.634,750.03,736.65,0.9677,0.9638,264.53,214.71,260.43,212.52,0.8117,0.816,212.52,260.43,-3.928901200369345,4.1159,0.187,False
A,case_131,GrabCut,,ok,43320.0,42822.0,978.0,480.0,0.022576,0.01108,1.15,0.9831,0.9667,43320.0,42822.0,0.0115,0.0788,,,6.2,2.011,750.03,753.38,0.9677,0.9481,264.53,214.71,266.8,215.8,0.8117,0.8088,215.8,266.8,-1.1495844875346262,2.2576,1.1079999999999999,False
A,case_131,Watershed,,ok,43320.0,42567.0,1073.0,320.0,0.024769,0.007387,1.74,0.9838,0.9681,43320.0,42567.0,0.0174,0.0817,,,5.912,1.9,750.03,758.64,0.9677,0.9294,264.53,214.71,266.93,215.72,0.8117,0.8082,215.72,266.93,-1.7382271468144046,2.4769,0.7387,False
A,case_132,SAM,,ok,6182.0,5809.0,381.0,8.0,0.061631,0.001294,6.03,0.9676,0.9372,6182.0,5809.0,0.0603,0.1862,,,3.214,1.505,304.33,291.33,0.8388,0.8601,117.09,67.56,113.65,63.57,0.577,0.5593,113.65,63.57,-6.033646069233258,6.1631,0.12940000000000002,False
A,case_132,GrabCut,,ok,6182.0,5921.0,280.0,19.0,0.045293,0.003073,4.22,0.9753,0.9518,6182.0,5921.0,0.0422,0.139,,,4.507,1.184,304.33,294.33,0.8388,0.8589,117.09,67.56,112.08,65.08,0.577,0.5807,112.08,65.08,-4.221934648980912,4.5293,0.3073,False
A,case_132,Watershed,,ok,6182.0,6127.0,229.0,174.0,0.037043,0.028146,0.89,0.9673,0.9366,6182.0,6127.0,0.0089,0.1393,,,9.406,1.52,304.33,310.66,0.8388,0.7978,117.09,67.56,125.27,64.52,0.577,0.5151,125.27,64.52,-0.8896797153024912,3.7043,2.8146,False
A,case_133,SAM,,ok,11848.0,11388.0,509.0,49.0,0.042961,0.004136,3.88,0.976,0.9531,11848.0,11388.0,0.0388,0.133,,,2.574,1.375,389.3,382.26,0.9824,0.9794,129.26,119.04,127.5,116.17,0.9209,0.9112,116.17,127.5,-3.882511816340311,4.2961,0.41359999999999997,False
A,case_133,GrabCut,,ok,11848.0,12190.0,158.0,500.0,0.013336,0.042201,2.89,0.9726,0.9467,11848.0,12190.0,0.0289,0.0822,,,3.686,1.722,389.3,396.11,0.9824,0.9763,129.26,119.04,131.37,121.87,0.9209,0.9277,121.87,131.37,2.886563133018231,1.3336000000000001,4.2201,False
A,case_133,Watershed,,ok,11848.0,11762.0,400.0,314.0,0.033761,0.026502,0.73,0.9698,0.9413,11848.0,11762.0,0.0073,0.1278,,,7.209,2.114,389.3,402.41,0.9824,0.9128,129.26,119.04,132.62,124.32,0.9209,0.9374,124.32,132.62,-0.7258609047940581,3.3761,2.6502000000000003,False
A,case_134,SAM,,ok,14371.0,13464.0,1195.0,288.0,0.083154,0.02004,6.31,0.9467,0.8988,14371.0,13464.0,0.0631,0.2695,,,11.431,3.522,428.22,417.93,0.9849,0.9687,144.71,128.64,145.48,112.91,0.8889,0.7761,112.91,145.48,-6.311321411175283,8.3154,2.004,False
A,case_134,GrabCut,,ok,14371.0,14829.0,166.0,624.0,0.011551,0.043421,3.19,0.9729,0.9473,14371.0,14829.0,0.0319,0.0781,,,4.979,1.705,428.22,435.61,0.9849,0.982,144.71,128.64,145.98,129.1,0.8889,0.8844,129.1,145.98,3.1869737666133187,1.1551,4.3421,False
A,case_134,Watershed,,ok,14371.0,14709.0,210.0,548.0,0.014613,0.038132,2.35,0.9739,0.9492,14371.0,14709.0,0.0235,0.082,,,6.324,1.874,428.22,440.63,0.9849,0.952,144.71,128.64,145.42,127.56,0.8889,0.8772,127.56,145.42,2.3519588059286063,1.4612999999999998,3.8132,False
A,case_135,SAM,,ok,3558.0,3357.0,216.0,15.0,0.060708,0.004216,5.65,0.9666,0.9353,3558.0,3357.0,0.0565,0.1863,,,1.956,1.334,209.63,201.29,1.0174,1.0411,71.6,61.8,68.26,59.89,0.8632,0.8773,59.89,68.26,-5.649241146711636,6.0708,0.42160000000000003,False
A,case_135,GrabCut,,ok,3558.0,3594.0,61.0,97.0,0.017144,0.027263,1.01,0.9779,0.9568,3558.0,3594.0,0.0101,0.0787,,,1.268,0.499,209.63,209.32,1.0174,1.0308,71.6,61.8,70.64,62.69,0.8632,0.8874,62.69,70.64,1.0118043844856661,1.7144,2.7262999999999997,False
A,case_135,Watershed,,ok,3558.0,3507.0,115.0,64.0,0.032322,0.017988,1.43,0.9747,0.9506,3558.0,3507.0,0.0143,0.115,,,1.768,0.753,209.63,207.9,1.0174,1.0196,71.6,61.8,70.11,62.26,0.8632,0.8881,62.26,70.11,-1.433389544688027,3.2321999999999997,1.7988,False
A,case_136,SAM,,ok,10128.0,8372.0,1757.0,1.0,0.173479,9.9e-05,17.34,0.905,0.8264,10128.0,8372.0,0.1734,0.5205,,,17.493,4.947,369.79,339.73,0.9308,0.9115,139.59,93.0,127.72,89.71,0.6662,0.7024,127.72,89.71,-17.338072669826225,17.3479,0.009899999999999999,False
A,case_136,GrabCut,,ok,10128.0,9722.0,500.0,94.0,0.049368,0.009281,4.01,0.9701,0.9419,10128.0,9722.0,0.0401,0.1574,,,5.302,1.5,369.79,368.09,0.9308,0.9017,139.59,93.0,141.42,91.3,0.6662,0.6456,141.42,91.3,-4.0086887835703005,4.9368,0.9280999999999999,False
A,case_136,Watershed,,ok,10128.0,9617.0,588.0,77.0,0.058057,0.007603,5.05,0.9663,0.9348,10128.0,9617.0,0.0505,0.1818,,,7.277,2.02,369.79,374.78,0.9308,0.8604,139.59,93.0,143.18,90.9,0.6662,0.6349,143.18,90.9,-5.045418641390206,5.8057,0.7603000000000001,False
A,case_137,SAM,,ok,9385.0,9046.0,344.0,5.0,0.036654,0.000533,3.61,0.9811,0.9628,9385.0,9046.0,0.0361,0.1105,,,3.391,1.199,372.77,364.16,0.8487,0.8572,150.25,79.25,145.24,78.27,0.5274,0.5389,145.24,78.27,-3.612147043153969,3.6654,0.05330000000000001,False
A,case_137,GrabCut,,ok,9385.0,9254.0,217.0,86.0,0.023122,0.009164,1.4,0.9837,0.968,9385.0,9254.0,0.014,0.0785,,,3.168,1.033,372.77,366.33,0.8487,0.8665,150.25,79.25,146.48,79.06,0.5274,0.5397,146.48,79.06,-1.395844432605221,2.3122,0.9164,False
A,case_137,Watershed,,ok,9385.0,9130.0,304.0,49.0,0.032392,0.005221,2.72,0.9809,0.9626,9385.0,9130.0,0.0272,0.1024,,,3.045,0.965,372.77,366.83,0.8487,0.8526,150.25,79.25,149.35,78.3,0.5274,0.5243,149.35,78.3,-2.717101758124667,3.2392,0.5221,False
A,case_138,SAM,,ok,43059.0,41650.0,1697.0,288.0,0.039411,0.006688,3.27,0.9766,0.9542,43059.0,41650.0,0.0327,0.1249,,,7.503,2.817,756.9,736.71,0.9445,0.9643,267.81,215.97,260.27,212.45,0.8064,0.8163,212.45,260.27,-3.2722543486843634,3.9411,0.6688000000000001,False
A,case_138,GrabCut,,ok,43059.0,42900.0,797.0,638.0,0.018509,0.014817,0.37,0.9833,0.9672,43059.0,42900.0,0.0037,0.0703,,,7.03,1.962,756.9,750.11,0.9445,0.9581,267.81,215.97,267.29,216.73,0.8064,0.8109,216.73,267.29,-0.3692607817181077,1.8509000000000002,1.4817,False
A,case_138,Watershed,,ok,43059.0,42244.0,1178.0,363.0,0.027358,0.00843,1.89,0.9819,0.9645,43059.0,42244.0,0.0189,0.0905,,,6.58,2.048,756.9,760.72,0.9445,0.9173,267.81,215.97,267.56,216.25,0.8064,0.8082,216.25,267.56,-1.8927518056619987,2.7358000000000002,0.843,False
A,case_139,SAM,,ok,9008.0,8581.0,442.0,15.0,0.049067,0.001665,4.74,0.974,0.9494,9008.0,8581.0,0.0474,0.1489,,,2.912,1.134,331.15,325.0,1.0323,1.0209,112.17,98.62,108.4,98.67,0.8792,0.9103,98.67,108.4,-4.7402309058614565,4.9067,0.1665,False
A,case_139,GrabCut,,ok,9008.0,8770.0,311.0,73.0,0.034525,0.008104,2.64,0.9784,0.9577,9008.0,8770.0,0.0264,0.1117,,,1.277,0.677,331.15,329.38,1.0323,1.0158,112.17,98.62,110.55,99.2,0.8792,0.8974,99.2,110.55,-2.642095914742451,3.4525,0.8104,False
A,case_139,Watershed,,ok,9008.0,8493.0,562.0,47.0,0.062389,0.005218,5.72,0.9652,0.9327,9008.0,8493.0,0.0572,0.1924,,,2.124,1.265,331.15,324.22,1.0323,1.0153,112.17,98.62,108.92,97.6,0.8792,0.8961,97.6,108.92,-5.717140319715808,6.2389,0.5218,False
A,case_140,SAM,,ok,8349.0,8124.0,250.0,25.0,0.029944,0.002994,2.69,0.9833,0.9672,8349.0,8124.0,0.0269,0.0928,,,2.558,0.987,324.16,319.07,0.9985,1.0028,106.08,97.53,104.6,97.26,0.9194,0.9299,104.6,97.26,-2.6949335249730506,2.9943999999999997,0.2994,False
A,case_140,GrabCut,,ok,8349.0,8643.0,108.0,402.0,0.012936,0.048149,3.52,0.97,0.9417,8349.0,8643.0,0.0352,0.087,,,7.533,1.736,324.16,331.33,0.9985,0.9894,106.08,97.53,113.27,95.77,0.9194,0.8456,113.27,95.77,3.521379805964786,1.2935999999999999,4.8149,False
A,case_140,Watershed,,ok,8349.0,8138.0,248.0,37.0,0.029704,0.004432,2.53,0.9827,0.966,8349.0,8138.0,0.0253,0.0935,,,2.608,0.831,324.16,319.61,0.9985,1.0011,106.08,97.53,105.95,95.96,0.9194,0.9057,105.95,95.96,-2.5272487723080608,2.9704,0.44320000000000004,False
A,case_141,SAM,,ok,23536.0,23243.0,686.0,393.0,0.029147,0.016698,1.24,0.9769,0.9549,23536.0,23243.0,0.0124,0.1041,,,3.492,1.426,738.15,738.95,0.5428,0.5349,297.62,185.21,299.28,183.8,0.6223,0.6141,299.28,183.8,-1.244901427600272,2.9147,1.6698000000000002,False
A,case_141,GrabCut,,ok,23536.0,23555.0,426.0,445.0,0.0181,0.018907,0.08,0.9815,0.9637,23536.0,23555.0,0.0008,0.0732,,,4.213,1.316,738.15,738.87,0.5428,0.5422,297.62,185.21,296.87,183.73,0.6223,0.6189,296.87,183.73,0.08072739632902788,1.81,1.8907,False
A,case_141,Watershed,,ok,23536.0,22856.0,951.0,271.0,0.040406,0.011514,2.89,0.9737,0.9487,23536.0,22856.0,0.0289,0.1327,,,7.048,1.743,738.15,749.09,0.5428,0.5119,297.62,185.21,296.48,183.75,0.6223,0.6198,296.48,183.75,-2.8891910265125764,4.0405999999999995,1.1514,False
A,case_142,SAM,,ok,2609.0,2509.0,102.0,2.0,0.039095,0.000767,3.83,0.9797,0.9602,2609.0,2509.0,0.0383,0.1181,,,1.297,0.75,172.37,167.76,1.1035,1.1203,57.19,52.59,55.36,51.49,0.9196,0.9301,51.49,55.36,-3.8328861632809503,3.9095,0.0767,False
A,case_142,GrabCut,,ok,2609.0,2574.0,55.0,20.0,0.021081,0.007666,1.34,0.9855,0.9715,2609.0,2574.0,0.0134,0.0709,,,1.031,0.48,172.37,170.89,1.1035,1.1076,57.19,52.59,56.68,52.16,0.9196,0.9202,52.16,56.68,-1.3415101571483325,2.1081,0.7666000000000001,False
A,case_142,Watershed,,ok,2609.0,2401.0,211.0,3.0,0.080874,0.00115,7.97,0.9573,0.9181,2609.0,2401.0,0.0797,0.2438,,,1.749,0.813,172.37,167.46,1.1035,1.0759,57.19,52.59,54.32,52.34,0.9196,0.9636,52.34,54.32,-7.972403219624377,8.0874,0.11499999999999999,False
A,case_143,SAM,,ok,8109.0,8033.0,266.0,190.0,0.032803,0.023431,0.94,0.9718,0.9451,8109.0,8033.0,0.0094,0.1218,,,2.766,1.153,340.32,335.22,0.8798,0.8983,129.61,94.71,129.17,90.21,0.7307,0.6984,90.21,129.17,-0.9372302380071525,3.2803,2.3431,False
A,case_143,GrabCut,,ok,8109.0,8535.0,166.0,592.0,0.020471,0.073005,5.25,0.9545,0.9129,8109.0,8535.0,0.0525,0.1344,,,6.713,2.083,340.32,351.07,0.8798,0.8702,129.61,94.71,136.2,93.42,0.7307,0.6859,93.42,136.2,5.253422123566407,2.0471,7.3005,False
A,case_143,Watershed,,ok,8109.0,8070.0,308.0,269.0,0.037982,0.033173,0.48,0.9643,0.9311,8109.0,8070.0,0.0048,0.1471,,,3.373,1.491,340.32,338.99,0.8798,0.8825,129.61,94.71,132.41,90.93,0.7307,0.6867,90.93,132.41,-0.4809470958194599,3.7982,3.3173,False
A,case_144,SAM,,ok,21160.0,21603.0,197.0,640.0,0.00931,0.030246,2.09,0.9804,0.9616,21160.0,21603.0,0.0209,0.0582,,,4.761,1.614,568.52,574.17,0.8227,0.8235,230.57,119.12,233.76,118.89,0.5166,0.5086,118.89,233.76,2.093572778827977,0.931,3.0246,False
A,case_144,GrabCut,,ok,21160.0,20791.0,787.0,418.0,0.037193,0.019754,1.74,0.9713,0.9442,21160.0,20791.0,0.0174,0.1313,,,6.328,1.974,568.52,560.18,0.8227,0.8326,230.57,119.12,223.4,118.14,0.5166,0.5288,118.14,223.4,-1.7438563327032135,3.7192999999999996,1.9754,False
A,case_144,Watershed,,ok,21160.0,22680.0,359.0,1879.0,0.016966,0.0888,7.18,0.949,0.9029,21160.0,22680.0,0.0718,0.1397,,,9.798,3.709,568.52,594.33,0.8227,0.8069,230.57,119.12,241.25,115.73,0.5166,0.4797,115.73,241.25,7.183364839319471,1.6965999999999999,8.88,False
A,case_145,SAM,,ok,1034.0,924.0,122.0,12.0,0.117988,0.011605,10.64,0.9316,0.8719,1034.0,924.0,0.1064,0.3656,,,2.229,0.979,117.39,110.34,0.9429,0.9536,47.01,24.37,44.81,23.89,0.5183,0.5332,23.89,44.81,-10.638297872340425,11.7988,1.1605,False
A,case_145,GrabCut,,ok,1034.0,894.0,159.0,19.0,0.153772,0.018375,13.54,0.9077,0.831,1034.0,894.0,0.1354,0.4797,,,5.334,1.426,117.39,106.52,0.9429,0.99,47.01,24.37,41.75,25.03,0.5183,0.5996,25.03,41.75,-13.539651837524177,15.377199999999998,1.8375,False
A,case_145,Watershed,,ok,1034.0,1014.0,158.0,138.0,0.152805,0.133462,1.93,0.8555,0.7474,1034.0,1014.0,0.0193,0.5919,,,9.908,2.14,117.39,126.99,0.9429,0.7902,47.01,24.37,52.64,26.87,0.5183,0.5106,26.87,52.64,-1.9342359767891684,15.2805,13.3462,False
A,case_146,SAM,,ok,6352.0,6116.0,238.0,2.0,0.037469,0.000315,3.72,0.9808,0.9622,6352.0,6116.0,0.0372,0.1127,,,1.67,0.909,284.23,278.21,0.9881,0.9929,100.79,77.95,98.3,76.85,0.7734,0.7818,76.85,98.3,-3.71536523929471,3.7469,0.0315,False
A,case_146,GrabCut,,ok,6352.0,6415.0,73.0,136.0,0.011492,0.021411,0.99,0.9836,0.9678,6352.0,6415.0,0.0099,0.0559,,,1.662,0.673,284.23,285.06,0.9881,0.9921,100.79,77.95,100.08,79.51,0.7734,0.7945,79.51,100.08,0.9918136020151134,1.1492,2.1411,False
A,case_146,Watershed,,ok,6352.0,6085.0,279.0,12.0,0.043923,0.001889,4.2,0.9766,0.9543,6352.0,6085.0,0.042,0.1337,,,2.21,0.999,284.23,278.87,0.9881,0.9833,100.79,77.95,98.49,75.14,0.7734,0.7629,75.14,98.49,-4.2034005037783375,4.3923,0.1889,False
A,case_147,SAM,,ok,6581.0,6268.0,418.0,105.0,0.063516,0.015955,4.76,0.9593,0.9218,6581.0,6268.0,0.0476,0.2065,,,7.297,1.617,302.35,302.31,0.9047,0.8618,116.48,76.29,115.75,74.6,0.655,0.6445,74.6,115.75,-4.756116091779365,6.3516,1.5955000000000001,False
A,case_147,GrabCut,,ok,6581.0,6786.0,185.0,390.0,0.028111,0.059262,3.12,0.957,0.9175,6581.0,6786.0,0.0312,0.1436,,,5.88,1.807,302.35,300.84,0.9047,0.9422,116.48,76.29,112.54,80.14,0.655,0.7121,80.14,112.54,3.1150281112292966,2.8111,5.926200000000001,False
A,case_147,Watershed,,ok,6581.0,6648.0,285.0,352.0,0.043306,0.053487,1.02,0.9518,0.9081,6581.0,6648.0,0.0102,0.1834,,,4.926,1.524,302.35,308.31,0.9047,0.8789,116.48,76.29,117.63,78.52,0.655,0.6675,78.52,117.63,1.0180823583042091,4.3306,5.3487,False
A,case_148,SAM,,ok,5493.0,5170.0,329.0,6.0,0.059894,0.001092,5.88,0.9686,0.9391,5493.0,5170.0,0.0588,0.1808,,,2.343,1.254,254.59,246.94,1.065,1.0654,82.46,79.8,79.66,77.71,0.9677,0.9756,77.71,79.66,-5.880211177862734,5.9894,0.1092,False
A,case_148,GrabCut,,ok,5493.0,5261.0,252.0,20.0,0.045877,0.003641,4.22,0.9747,0.9507,5493.0,5261.0,0.0422,0.1413,,,1.47,0.88,254.59,250.08,1.065,1.0571,82.46,79.8,81.02,78.37,0.9677,0.9672,78.37,81.02,-4.223557254687785,4.5877,0.36410000000000003,False
A,case_148,Watershed,,ok,5493.0,5083.0,415.0,5.0,0.075551,0.00091,7.46,0.9603,0.9236,5493.0,5083.0,0.0746,0.2276,,,1.861,1.115,254.59,248.56,1.065,1.0339,82.46,79.8,80.28,78.14,0.9677,0.9734,78.14,80.28,-7.464045148370653,7.5550999999999995,0.091,False
A,case_149,SAM,,ok,772.0,697.0,80.0,5.0,0.103627,0.006477,9.72,0.9421,0.8906,772.0,697.0,0.0972,0.3174,,,1.976,1.026,91.63,84.78,1.1556,1.2185,34.82,22.96,32.14,21.34,0.6595,0.6639,21.34,32.14,-9.71502590673575,10.3627,0.6477,False
A,case_149,GrabCut,,ok,772.0,715.0,59.0,2.0,0.076425,0.002591,7.38,0.959,0.9212,772.0,715.0,0.0738,0.2319,,,1.232,0.664,91.63,86.94,1.1556,1.1887,34.82,22.96,32.48,22.43,0.6595,0.6905,22.43,32.48,-7.383419689119171,7.642500000000001,0.2591,False
A,case_149,Watershed,,ok,772.0,617.0,155.0,0.0,0.200777,0.0,20.08,0.8884,0.7992,772.0,617.0,0.2008,0.6023,,,4.207,1.732,91.63,79.21,1.1556,1.2358,34.82,22.96,28.49,21.7,0.6595,0.7619,21.7,28.49,-20.077720207253886,20.0777,0.0,False
A,case_150,SAM,,ok,9254.0,8819.0,520.0,85.0,0.056192,0.009185,4.7,0.9665,0.9352,9254.0,8819.0,0.047,0.1778,,,6.666,1.469,354.29,347.77,0.9264,0.9163,135.96,89.09,135.89,83.6,0.6553,0.6152,135.89,83.6,-4.700669980548952,5.6192,0.9185000000000001,False
A,case_150,GrabCut,,ok,9254.0,9725.0,131.0,602.0,0.014156,0.065053,5.09,0.9614,0.9256,9254.0,9725.0,0.0509,0.1075,,,4.776,1.9,354.29,368.84,0.9264,0.8983,135.96,89.09,143.49,93.87,0.6553,0.6542,143.49,93.87,5.089690944456452,1.4156,6.5053,False
A,case_150,Watershed,,ok,9254.0,9270.0,376.0,392.0,0.040631,0.04236,0.17,0.9585,0.9204,9254.0,9270.0,0.0017,0.1643,,,7.289,2.174,354.29,369.13,0.9264,0.8549,135.96,89.09,138.8,97.31,0.6553,0.7011,138.8,97.31,0.17289820618111088,4.0631,4.236,False
